Id,Name,category,lowprice,highprice,health_index,star1,star2,star3,star4,star5,Accept_Credit_Card,Alcohol,Appointment_Only,Caters,Delivers,Dogs_Allowed,Outdoor_Seating,Parking,Smoking_allowed,Take_out,Takes_Reservations,Wheelchair_Accessible,WIFI,Opened_24hrs,Ambience,Attire,Noise_Level,Music
JjGLEi6zw5PgR4AQfDPBng,Al Volo,Italian,$11-30,$11-30,"
                                71 out of 100
                            ",8,5,13,51,150,Yes,Beer & Wine Only,,Yes,,No,No,Street,,Yes,Yes,No,Free,,Casual,Casual,Average,
XGKMeelsF3yPbY-jIZxZRA,Grand Central,"Bars,American (Traditional)",$11-30,$11-30,"
                                60 out of 100
                            ",0,0,0,0,0,Yes,Full Bar,,No,,,Yes,Street,,No,No,,No,,Casual,Casual,Very Loud,DJ
KzvDIfyPmWQ0MPDTldtNNg,Meze,"Turkish,Mediterranean,Middle Eastern",$11-30,$11-30,"
                                85 out of 100
                            ",0,0,0,0,0,Yes,Full Bar,,Yes,,,Yes,Street,,Yes,Yes,,No,,Casual,Casual,Average,
2hJE8pBAwyw7NffzuxTjQg,Zenebech Restaurant,"Ethiopian,African,Wine Bars",Under $10,Under $10,,8,13,40,152,224,Yes,Full Bar,,Yes,,No,Yes,Street,,Yes,No,Yes,No,,Casual,Casual,Average,
PvRz-sn6GHaEvhmx_XcqMA,Johnny Pistolas,"Mexican,Bars",$11-30,$11-30,"
                                0 out of 100
                            ",54,40,33,67,83,Yes,Full Bar,,Yes,,,Yes,Street,,Yes,,Yes,Free,,Casual,Casual,Average,
yB5_ypy77U8-fh-4PBk4_w,The Town Tavern,Bars,Inexpensive,Inexpensive,"
                                78 out of 100
                            ",0,0,0,0,0,Yes,Full Bar,,,,,Yes,"Garage, Street",,,,,No,,Divey,,Loud,DJ
b2voZVlouByHQlCUauhytg,Mama Ayesha’s,"Middle Eastern,Mediterranean,Syrian",$11-30,$11-30,"
                                84 out of 100
                            ",0,0,0,0,0,Yes,Full Bar,,No,,,Yes,Street,,Yes,Yes,,Free,,,Casual,Average,
dXVjIxOIVqgjC6FdlcfHWA,Chi-Cha Lounge,"Latin American,Lounges,Hookah Bars",$11-30,$11-30,"
                                84 out of 100
                            ",0,0,0,0,0,Yes,Full Bar,,No,,No,Yes,Street,,Yes,Yes,,No,,Trendy,Casual,Loud,
2VJ8gEpYhRODfIi1YRaGeQ,District Kitchen,American (New),$11-30,$11-30,"
                                66 out of 100
                            ",0,0,0,0,0,Yes,Full Bar,,Yes,,,Yes,Street,,Yes,Yes,,No,,Casual,Casual,Average,
uKC9bXfRIHnYhOCRe4C4jQ,Medaterra,Mediterranean,$11-30,$11-30,"
                                95 out of 100
                            ",42,40,82,103,127,Yes,Full Bar,,Yes,,No,Yes,Street,,Yes,Yes,,No,,Casual,Casual,Average,
LhVZjnt_W_RGymDCGJZVBw,Hot N Juicy Crawfish,"Seafood,Cajun/Creole",$11-30,$11-30,"
                                89 out of 100
                            ",80,94,161,414,545,Yes,Full Bar,,No,,,Yes,"Garage, Street, Validated",,Yes,No,,No,,Casual,Casual,Average,
XZaZKVxWoYJloBZF_ASqoA,Lebanese Taverna,"Lebanese,Mediterranean",$11-30,$11-30,"
                                92 out of 100
                            ",0,0,0,0,0,Yes,Full Bar,,Yes,,,Yes,"Garage, Street, Validated",,Yes,Yes,,Free,,Casual,Casual,Average,
ur017_3gRmCt4e3tHWjBLQ,Petits Plats,"French,American (New)",$11-30,$11-30,"
                                87 out of 100
                            ",15,13,29,62,53,Yes,Full Bar,,Yes,,,Yes,Street,,Yes,Yes,,Free,,Intimate,Casual,Quiet,
W-6JWToQHBvGUbfw6Y-THQ,Ruth’s Chris Steak House,Steakhouses,$31-60,$31-60,,22,30,43,67,78,Yes,Full Bar,,No,,,No,,,Yes,Yes,Yes,No,,Upscale,Dressy,Average,
GKXEL7k-AWl_Qi5VASVteA,Beau Thai - Mount Pleasant,"Thai,Bars",$11-30,$11-30,"
                                90 out of 100
                            ",17,35,51,115,143,Yes,Full Bar,,No,,No,Yes,Street,,Yes,Yes,,No,,Casual,Casual,Average,
ZgjCUSm-El-zEGdRm769nQ,Purple Patch,"Filipino,American (Traditional),Cocktail Bars",$11-30,$11-30,"
                                89 out of 100
                            ",13,22,66,138,332,Yes,Full Bar,,Yes,,,No,Street,,Yes,Yes,No,Free,,"Casual, Trendy",Casual,Average,
9uuDSvj9b7ntCq0ETuizzg,Bistrot Du Coin,French,$11-30,$11-30,"
                                85 out of 100
                            ",0,0,0,0,0,Yes,Full Bar,,No,,,No,Street,,Yes,Yes,,No,,Casual,Casual,Loud,
W1wXF-ufqYLtTNBwz8nX_w,Bistro Bistro,"French,Italian,Mediterranean",$11-30,$11-30,"
                                78 out of 100
                            ",0,0,0,0,0,Yes,Full Bar,,Yes,,,No,Street,,Yes,Yes,,Free,,Casual,Casual,Average,
eaAjtWOMq7JfE0b7KzgAkQ,Lost Society,Steakhouses,$11-30,$11-30,,95,79,121,173,108,Yes,Full Bar,,No,,,Yes,Street,,Yes,Yes,Yes,Free,,Trendy,Casual,Loud,
pUjKDQF0ifCph9AzujZbhg,Sette Osteria,"Italian,Coffee & Tea,Breakfast & Brunch",$11-30,$11-30,"
                                89 out of 100
                            ",47,84,103,160,139,Yes,Full Bar,,Yes,,,Yes,"Garage, Street, Private Lot, Validated",,Yes,Yes,Yes,Free,,Casual,Casual,Average,
vbE8giq_2YaJWWYn-U0x5g,Gazuza,"Hookah Bars,Lounges",Moderate,Moderate,,0,0,0,0,0,Yes,Full Bar,,,,,No,Street,,,Yes,,Free,,Trendy,,Very Loud,DJ
aguz4N77GReqFushBdhVsw,Amsterdam Falafelshop,"Falafel,Vegetarian,Sandwiches",Under $10,Under $10,"
                                93 out of 100
                            ",22,10,19,86,201,Yes,No,,No,,,No,Street,,Yes,No,,No,,Casual,,Average,
EZQNWslQO5fF-6qJ-eRsRw,CAVA,Mediterranean,Under $10,Under $10,"
                                96 out of 100
                            ",0,0,0,0,0,Yes,No,,No,,,No,Street,,Yes,,,No,,Casual,Casual,Average,
AVihKWsWaQAp0f2DPdXe4Q,Zorba’s Cafe,"Greek,Pizza,Mediterranean",$11-30,$11-30,"
                                85 out of 100
                            ",0,0,0,0,0,Yes,Beer & Wine Only,,Yes,,,Yes,Street,,Yes,Yes,,Free,,Casual,Casual,Average,
#NAME?,El Centro DF,"Mexican,Bars",$11-30,$11-30,"
                                95 out of 100
                            ",156,128,207,393,379,Yes,Full Bar,,Yes,,,Yes,Street,,Yes,Yes,,No,,Trendy,Casual,Loud,
56eh2_ZImiSYeZ6qexhnmA,Kramerbooks & Afterwords Cafe,"Bookstores,Bars,American (Traditional)",$11-30,$11-30,"
                                89 out of 100
                            ",0,0,0,0,0,Yes,Full Bar,,No,,,Yes,Street,,Yes,Yes,,No,,Casual,Casual,Average,
#NAME?,Ben’s Next Door,"Bars,American (Traditional)",$11-30,$11-30,"
                                84 out of 100
                            ",0,0,0,0,0,Yes,Full Bar,,Yes,,,No,"Valet, Street",,Yes,Yes,,No,,Casual,Casual,Average,
Iq1BwdGAOIVF8ki7Bh0Jug,Hank’s Oyster Bar,"Seafood,Bars,American (New)",$11-30,$11-30,"
                                93 out of 100
                            ",0,0,0,0,0,Yes,Full Bar,,No,,,Yes,Street,,Yes,No,,No,,Casual,Casual,Average,
JpC8FnVYC722GFeuhGzRxA,Pizzeria Paradiso,"Pizza,Beer Bar",$11-30,$11-30,,31,77,167,416,301,Yes,Full Bar,,No,,,Yes,Street,,Yes,No,,No,,Casual,Casual,Average,
Ygce6oUeuww37_loxq264g,Barcelona Wine Bar,"Tapas/Small Plates,Wine Bars,Spanish",$11-30,$11-30,"
                                87 out of 100
                            ",0,0,0,0,0,Yes,Full Bar,,Yes,,,Yes,Street,,Yes,Yes,Yes,Free,,Trendy,Casual,Average,
_3LhPRuwGwLbsFq9ovdtrw,DC Cafe,"Greek,Mediterranean",Under $10,Under $10,"
                                88 out of 100
                            ",0,0,0,0,0,Yes,No,,No,,,Yes,Street,,Yes,No,,No,,"Divey, Casual",Casual,Quiet,
ylWz4U1XPvxdCCT7-W0-xw,Tilt,"Bars,American (New)",$11-30,$11-30,,2,0,0,1,7,Yes,Full Bar,,,,,No,,,No,No,,,,,Dressy,Average,
KAlEMleKomiXDmE7wDOZeA,Al Tiramisu,Italian,$31-60,$31-60,"
                                98 out of 100
                            ",0,0,0,0,0,Yes,Full Bar,,Yes,,,Yes,"Valet, Street",,Yes,Yes,,No,,Intimate,Dressy,Average,
j9qYRR8HCXm_GEnetijOGA,Le Diplomate,"Brasseries,French,Breakfast & Brunch",$31-60,$31-60,"
                                97 out of 100
                            ",0,0,0,0,0,Yes,Full Bar,,No,,,Yes,Street,,No,Yes,,Free,,Trendy,Casual,Loud,
wzU5moi-ezzcfYUInOwxAA,Commissary,"American (New),Breakfast & Brunch,Sandwiches",$11-30,$11-30,"
                                93 out of 100
                            ",0,0,0,0,0,Yes,Full Bar,,No,,,Yes,Street,,Yes,Yes,,Free,,Casual,,Average,
Kum_yBojFgplX6U68iUR4g,Ankara,"Mediterranean,Turkish",$11-30,$11-30,"
                                95 out of 100
                            ",34,36,34,51,105,Yes,Full Bar,,Yes,,,Yes,Street,,Yes,Yes,Yes,Free,,Classy,Casual,Average,
uIpjG4S3hXPIjAiN_FyDUQ,Madhatter,"Bars,American (Traditional),Breakfast & Brunch",$11-30,$11-30,"
                                79 out of 100
                            ",0,0,0,0,0,Yes,Full Bar,,Yes,,,Yes,"Valet, Street",,Yes,Yes,,Free,,Casual,Casual,Loud,DJ
gGtzt-Iet9S0XHTEzzUjPg,Ghion Ethiopian Restaurant,"Ethiopian,Lounges",$11-30,$11-30,"
                                77 out of 100
                            ",0,0,0,0,0,Yes,Full Bar,,Yes,,No,No,Street,,Yes,Yes,No,Free,,"Divey, Casual",Casual,Average,
fjQPSFz-F8GEvSNN1W9wpQ,Firefly,"American (New),Comfort Food,Breakfast & Brunch",$11-30,$11-30,,56,117,215,361,260,Yes,Full Bar,,No,,,No,Street,,Yes,Yes,,Free,,Trendy,Casual,Average,
Y1lu8rQMqKTEyD5vOIX9NA,9:30 Club,"Music Venues,Dance Clubs,Bars",Moderate,Moderate,"
                                95 out of 100
                            ",0,0,0,0,0,Yes,Full Bar,,,,,No,"Street, Private Lot",,,No,,No,,Hipster,,Very Loud,Live
Jk890uJFlkZQcpJ_WIHZaA,Kyirisan,"French,Chinese,Breakfast & Brunch",$31-60,$31-60,"
                                80 out of 100
                            ",11,13,47,102,152,Yes,Full Bar,,No,,,Yes,Street,,No,Yes,Yes,No,,Trendy,Casual,Average,
FvwxyEH1XXDAHvPsPbyrCA,Ristorante I Ricchi,Italian,$31-60,$31-60,"
                                93 out of 100
                            ",0,0,0,0,0,Yes,Full Bar,,No,,,Yes,"Valet, Validated",,Yes,Yes,,No,,Romantic,Dressy,Average,
Z5RrD-Ocjbm4YX34F6FAMQ,CAVA,Mediterranean,Under $10,Under $10,"
                                91 out of 100
                            ",9,3,11,31,53,Yes,No,,No,,No,No,Street,,Yes,No,,No,,Casual,Casual,Average,
QvE4VfVU_0IrlKwz7UwRdg,Rosebar Lounge,"Dance Clubs,Lounges",Moderate,Moderate,"
                                57 out of 100
                            ",0,0,0,0,0,Yes,Full Bar,,,,,No,"Valet, Street",,,Yes,,No,,Trendy,,Very Loud,DJ
si_pqK5Ogi5MZdO-aN_gXw,ChurchKey,"American (New),Lounges",$11-30,$11-30,,0,0,0,0,0,Yes,Full Bar,,No,,,No,Street,,No,No,,No,,Trendy,Casual,Loud,
nSy1NGmZqxCk7El17eEtJA,Baan Thai,"Sushi Bars,Thai,Cocktail Bars",$11-30,$11-30,"
                                94 out of 100
                            ",37,37,63,146,233,Yes,Full Bar,,No,,No,No,Street,,Yes,Yes,,Free,,Casual,Casual,Average,
j825_HsjCyUQmbBt0lQuHQ,Birch & Barley,"American (New),Breakfast & Brunch",$31-60,$31-60,"
                                95 out of 100
                            ",45,94,148,358,390,Yes,Full Bar,,No,,,Yes,Street,,No,Yes,Yes,No,,Trendy,Casual,Average,
2VbkvMdUaKuyIGU4LbYfHQ,B Too,"Belgian,Beer Bar",$11-30,$11-30,"
                                83 out of 100
                            ",56,120,138,219,211,Yes,Full Bar,,Yes,,Yes,Yes,Street,,Yes,Yes,Yes,Free,,Trendy,Casual,Average,
B-NQjTjaIPURVtpUQe0-3w,The Pig,"American (Traditional),Cocktail Bars",$11-30,$11-30,"
                                89 out of 100
                            ",0,0,0,0,0,Yes,Full Bar,,Yes,,No,Yes,Street,,Yes,Yes,,Free,,Casual,Casual,Average,
9wUKxLh8ob8kLND5VE3YyA,Daily Grill,"American (Traditional),Breakfast & Brunch,Cocktail Bars",$11-30,$11-30,"
                                86 out of 100
                            ",0,0,0,0,0,Yes,Full Bar,,Yes,,,No,Street,,Yes,Yes,Yes,Free,,Casual,Casual,Average,
85SDLXUYdPypERi1DVOZQA,Nanny O’Brien’s Irish Pub,"Pubs,Music Venues,Irish",$11-30,$11-30,"
                                66 out of 100
                            ",0,0,0,0,0,Yes,Full Bar,,Yes,,,No,Street,,Yes,No,,Free,,Casual,Casual,Average,Live
z-0HVe5rSr3v2_EG127YjA,Grillfish DC,"Seafood,Breakfast & Brunch,American (Traditional)",$11-30,$11-30,"
                                80 out of 100
                            ",39,55,106,207,243,Yes,Full Bar,,No,,,Yes,"Garage, Street",,Yes,Yes,,Free,,Casual,Casual,Average,
ht-N20OX3lv7cv-3o3L1MA,Vapiano M Street,"Italian,Pizza,Bars",$11-30,$11-30,"
                                81 out of 100
                            ",0,0,0,0,0,Yes,Full Bar,,Yes,,No,Yes,"Garage, Street",,Yes,Yes,Yes,Free,,"Casual, Trendy",Casual,Loud,
FPj_bKBAu9ckQkBtHMPKow,Mari Vanna DC,"Russian,Modern European,Karaoke",$31-60,$31-60,"
                                64 out of 100
                            ",0,0,0,0,0,Yes,Full Bar,,Yes,,,No,Street,,Yes,Yes,,No,,Classy,Casual,Average,
iNHFdmD_in7BOxoPxe7OxA,Miracle on Seventh Street - Pop-Up,Bars,Moderate,Moderate,,9,4,20,28,25,Yes,Full Bar,,,,,No,Street,,,No,,Free,,"Hipster, Casual, Trendy",,Very Loud,
U9R_sUE9P8EZO9Yx54VlmQ,Cafe Deluxe,"American (New),American (Traditional)",$11-30,$11-30,,0,0,0,0,0,Yes,Full Bar,,Yes,,,No,"Valet, Garage, Street",,Yes,Yes,Yes,Free,,Casual,Casual,Average,
zeTqaVpvssznHt_1IxChXQ,Blue Duck Tavern,"American (New),Breakfast & Brunch,Cocktail Bars",$31-60,$31-60,"
                                92 out of 100
                            ",65,113,238,584,1124,Yes,Full Bar,,No,,,Yes,"Valet, Street",,No,Yes,,Paid,,"Classy, Upscale",Dressy,Average,
IzT4n5qDMzF6fJ33-wwdDw,Medium Rare,"Steakhouses,American (New),Desserts",$11-30,$11-30,"
                                51 out of 100
                            ",41,85,127,281,281,Yes,Beer & Wine Only,,No,,,Yes,Street,,Yes,No,,No,,Casual,Casual,Average,
rSv8c2N-ZukdbVgP6rtuDg,The Caucus Room Brasserie,"Steakhouses,Brasseries",$11-30,$11-30,"
                                88 out of 100
                            ",0,0,0,0,0,Yes,Full Bar,,No,,,Yes,"Valet, Garage, Street, Validated",,Yes,Yes,,Free,,,Casual,Average,
rVnaVHaucuLk9hDG7EKTVA,Bar-Cöde,"American (New),Pizza",$11-30,$11-30,,0,0,0,0,0,Yes,Full Bar,,Yes,,No,Yes,"Valet, Street",,Yes,Yes,,Free,,Trendy,Casual,Very Loud,
wtc_pn0bIlAHvuWJTA9fcA,Looking Glass Lounge,Lounges,Moderate,Moderate,,0,0,0,0,0,Yes,Full Bar,,,,,Yes,Street,,,No,,,,Casual,,Average,
0Oy1XKhZIpRGXmDsQ7Noqw,Indique,"Indian,Bars,Desserts",$11-30,$11-30,"
                                51 out of 100
                            ",0,0,0,0,0,Yes,Full Bar,,Yes,,,Yes,Street,,Yes,Yes,,Free,,Classy,Casual,Average,
6dzlGp9EtHAIHHB8oVyGhw,Chaplin’s,"Cocktail Bars,Ramen",$11-30,$11-30,"
                                95 out of 100
                            ",35,58,119,264,316,Yes,Full Bar,,Yes,,,Yes,"Valet, Garage, Street, Private Lot",,Yes,Yes,Yes,Free,,"Hipster, Trendy",Casual,Average,
DBzIfEeZ9yKLF6n851DQsA,Tortino Restaurant,Italian,$11-30,$11-30,"
                                98 out of 100
                            ",21,34,68,208,302,Yes,Full Bar,,Yes,,No,Yes,Street,,Yes,Yes,No,Free,,Intimate,Casual,Average,
clV4TsDUa0WAUYChiDYxtQ,Beau Thai,"Thai,Bars,Breakfast & Brunch",$11-30,$11-30,"
                                86 out of 100
                            ",26,35,54,88,66,Yes,Full Bar,,Yes,,,Yes,Street,,Yes,Yes,Yes,No,,Trendy,Casual,Average,
etGEQcGSEenELvY0FzBnDw,Kellari Taverna,"Greek,Seafood,Bars",$31-60,$31-60,"
                                88 out of 100
                            ",33,42,56,156,166,Yes,Full Bar,,Yes,,,Yes,"Valet, Garage, Street",,Yes,Yes,,No,,Classy,Dressy,Average,
C4NPRTTKxECtobZ4z9lahA,Convivial,"American (New),French,Bars",$11-30,$11-30,,21,39,79,156,229,Yes,Full Bar,,No,,Yes,Yes,"Garage, Street, Validated",,Yes,Yes,Yes,Free,,Trendy,Casual,Average,
9M3DQ1Pn2-V-aiBvmld-jw,Claudia’s,"Steakhouses,Latin American,Seafood",$31-60,$31-60,"
                                82 out of 100
                            ",0,0,0,0,0,Yes,Full Bar,,Yes,,No,Yes,"Valet, Garage, Street",,Yes,Yes,Yes,Free,,"Classy, Upscale",Dressy,Average,
TvVFo5-bW2pKWXHA7lVWUA,McCormick & Schmick’s Seafood & Steaks,"Seafood,Steakhouses,American (New)",$11-30,$11-30,"
                                68 out of 100
                            ",95,56,75,63,32,Yes,Full Bar,,Yes,,,Yes,Street,,Yes,Yes,Yes,Free,,Classy,Casual,Average,
cRHXug5ja_xSTgIxXYOC9g,Espita Mezcaleria,"Mexican,Bars",$11-30,$11-30,"
                                94 out of 100
                            ",0,0,0,0,0,Yes,Full Bar,,No,,Yes,Yes,Street,,Yes,Yes,Yes,No,,Trendy,Casual,Average,
HtJ8UwtgC1yOfe3DBnLK-g,14K Restaurant,American (New),$11-30,$11-30,"
                                94 out of 100
                            ",35,34,69,51,30,Yes,Full Bar,,No,,,Yes,"Valet, Street",,Yes,Yes,,Free,,Classy,Casual,Average,
EPGPMrm41eSDo6pwyhnn0A,BLT Steak,Steakhouses,Above $61,Above $61,"
                                77 out of 100
                            ",0,0,0,0,0,Yes,Full Bar,,No,,,Yes,"Valet, Garage, Street",,Yes,Yes,,No,,Upscale,Dressy,Average,
zQ4VOHh3Jv1Q5jNvkvJh6Q,Georgia Brown’s,"Southern,Soul Food,Bars",$31-60,$31-60,"
                                92 out of 100
                            ",97,197,265,397,398,Yes,Full Bar,,No,,,Yes,,,Yes,Yes,Yes,No,,Classy,Casual,Average,
fWKrooOXcsNBPrgujvyQPw,Blackfinn Ameripub,"Sports Bars,American (Traditional),Pubs",$11-30,$11-30,"
                                76 out of 100
                            ",0,0,0,0,0,Yes,Full Bar,,Yes,,,Yes,"Valet, Garage, Street",,Yes,Yes,,Free,,Casual,Casual,Average,
Z1LmDLn3OtIZi_hcTSGfjA,Morrison-Clark Historic Inn & Restaurant,American (New),$11-30,$11-30,,2,4,10,12,15,Yes,Full Bar,,No,,No,Yes,"Valet, Street",,No,Yes,,Free,,Classy,Dressy,Quiet,
#NAME?,Bourbon Steak,Steakhouses,Above $61,Above $61,,0,0,0,0,0,Yes,Full Bar,,No,,,No,"Valet, Street",,No,Yes,,No,,"Classy, Upscale",Dressy,Average,
hgxALT5rOi4Uqyy8OeIgnQ,Equinox,American (New),$31-60,$31-60,"
                                76 out of 100
                            ",0,0,0,0,0,Yes,Full Bar,,Yes,,,Yes,"Valet, Street",,No,Yes,,Free,,Upscale,Dressy,Quiet,
UToNAlfVve0b50dUs2uOWQ,The Park at 14th,"American (New),Dance Clubs,Venues & Event Spaces",$11-30,$11-30,"
                                87 out of 100
                            ",85,68,132,217,191,Yes,Full Bar,,Yes,,,Yes,"Valet, Garage, Street",,No,Yes,,No,,Trendy,Dressy,Very Loud,DJ
dy3r3eCv1Op77rtFwghaLw,The Oval Room,"American (New),Desserts,Salad",$31-60,$31-60,"
                                95 out of 100
                            ",14,43,48,87,93,Yes,Full Bar,,No,,,Yes,,,No,Yes,,No,,Classy,Dressy,Average,
pPxcmi6cpDRPuqBdb3dCjw,Thunder Burger & Bar,"Burgers,Bars,American (New)",$11-30,$11-30,"
                                88 out of 100
                            ",0,0,0,0,0,Yes,Full Bar,,No,,No,No,"Garage, Street",,Yes,Yes,No,Free,,Trendy,Casual,Average,
pav9wg2UFsyB-dvb7H0OpA,Martin’s Tavern,"Breakfast & Brunch,American (Traditional),Bars",$11-30,$11-30,"
                                82 out of 100
                            ",0,0,0,0,0,Yes,Full Bar,,No,,,Yes,Street,,Yes,Yes,,No,,Casual,Casual,Average,
C0QqrXC3I_QXaWcYSL6puw,Brasserie Beck,"Belgian,Modern European",$31-60,$31-60,,69,113,201,516,417,Yes,Full Bar,,No,,,Yes,"Garage, Street",,No,Yes,Yes,No,,Classy,Casual,Average,
6JIzZDmgzcVB0BwxxehfPQ,Bobby Van’s Steakhouse,"Steakhouses,Seafood,American (Traditional)",$31-60,$31-60,"
                                86 out of 100
                            ",40,67,78,104,92,Yes,Full Bar,,No,,,Yes,Valet,,Yes,Yes,,No,,Upscale,Dressy,Average,
DxfrPUEIjKLM8NihlSYKwg,Roti Modern Mediterranean,Mediterranean,Under $10,Under $10,,10,14,34,85,79,Yes,No,,Yes,,No,Yes,"Garage, Street",,Yes,No,Yes,No,,Casual,Casual,Average,
9X0F8gl4mPSSFHkxSB2lXA,il Canale,"Italian,Pizza",$11-30,$11-30,"
                                82 out of 100
                            ",0,0,0,0,0,Yes,Full Bar,,No,,,Yes,Street,,Yes,Yes,Yes,Free,,Casual,Casual,Average,
MVVOLevQSzS3ogKyEW24Bw,El Centro,"Bars,Mexican",$11-30,$11-30,"
                                90 out of 100
                            ",156,129,144,198,202,Yes,Full Bar,,Yes,,,Yes,Street,,Yes,Yes,,No,,Casual,Casual,Loud,
IahWJkql-VuJXlXfLFRccw,Cafe Milano,"Italian,Bars,Seafood",$31-60,$31-60,"
                                87 out of 100
                            ",0,0,0,0,0,Yes,Full Bar,,Yes,,,Yes,Street,,Yes,Yes,,Free,,"Romantic, Classy, Upscale",Dressy,Average,Background
9tlgRMm6b5hG-OnDRQkoOQ,Bobby Van’s Grill,"American (Traditional),Steakhouses,Seafood",$31-60,$31-60,"
                                90 out of 100
                            ",0,0,0,0,0,Yes,Full Bar,,Yes,,,Yes,Valet,,No,Yes,,No,,Classy,Dressy,Average,
U0tfep9yNBASTe2zAG6cPw,Filomena Ristorante,"Italian,Wine Bars",$31-60,$31-60,"
                                90 out of 100
                            ",0,0,0,0,0,Yes,Full Bar,,Yes,,,No,Street,,Yes,Yes,,No,,,Casual,Average,
wBO4k4Ep87OpxPHFUBK0Hg,Choco Shawarma,"Hookah Bars,Falafel,Lebanese",$11-30,$11-30,"
                                72 out of 100
                            ",0,0,0,0,0,Yes,No,,Yes,,No,Yes,"Garage, Street",,Yes,Yes,No,Free,,"Casual, Trendy",Casual,Average,Background
KOOTZMjLyGQzG-5uZbSASw,Tony & Joe’s Seafood Place,"Seafood,American (Traditional),Bars",$31-60,$31-60,,97,79,86,96,92,Yes,Full Bar,,Yes,,,Yes,"Garage, Street",,Yes,Yes,,Free,,Casual,Casual,Average,
Zy6qyMe_3LjLd_u-8op_tw,Ruta Del Vino,"Wine Bars,Latin American",$11-30,$11-30,"
                                92 out of 100
                            ",0,0,0,0,0,Yes,Full Bar,,,,,Yes,Street,,No,No,,No,,,Casual,Average,
IMUlQlXTqgsWTUZLifuRZQ,Clyde’s of Georgetown,"American (Traditional),Bars,Breakfast & Brunch",$11-30,$11-30,"
                                92 out of 100
                            ",41,75,179,361,313,Yes,Full Bar,,No,,,No,"Garage, Street",,Yes,Yes,,Free,,Casual,Casual,Average,
emcR5qZDParBSEmYpy2wFA,Acadiana,"Cajun/Creole,Cocktail Bars,American (New)",$31-60,$31-60,"
                                90 out of 100
                            ",50,105,214,495,470,Yes,Full Bar,,No,,,Yes,"Valet, Street",,Yes,Yes,,Free,,Classy,Casual,Average,
ZVuno8nH-XdNxfKcIPJCBA,Momofuku CCDC,"American (New),Bars",$11-30,$11-30,,0,0,0,0,0,Yes,Full Bar,,Yes,,No,Yes,Street,,Yes,Yes,Yes,No,,Trendy,Casual,Average,
sxNUpaApjh_54-l9RcJRDA,Farmers Fishers Bakers,"American (New),Breakfast & Brunch,Vegetarian",$11-30,$11-30,"
                                90 out of 100
                            ",179,304,424,882,1237,Yes,Full Bar,,Yes,,,Yes,"Garage, Street",,Yes,Yes,,Free,,Casual,Casual,Average,
e9sqkdBvVP10SoS2sZTSdQ,Nick’s Riverside Grill,"Seafood,American (Traditional),Sports Bars",$11-30,$11-30,"
                                88 out of 100
                            ",158,101,80,81,50,Yes,Full Bar,,Yes,,,Yes,"Garage, Street",,Yes,Yes,,Free,,Casual,Casual,Loud,
iyBbcXtQSBfiwFQZwVBNaQ,Old Ebbitt Grill,"Bars,American (Traditional),Breakfast & Brunch",$11-30,$11-30,"
                                94 out of 100
                            ",0,0,0,0,0,Yes,Full Bar,,No,,No,No,"Valet, Street",,Yes,Yes,Yes,No,,Classy,Casual,Average,
4SUXI6IE9EZNultFqDtH9A,Del Frisco’s Double Eagle Steakhouse,"Steakhouses,American (New)",$31-60,$31-60,"
                                93 out of 100
                            ",75,80,72,129,233,Yes,Full Bar,,Yes,,No,No,"Valet, Garage",,Yes,Yes,,No,,"Trendy, Classy, Upscale",Dressy,Average,
4flZECEzjCfnQJqDvjHLIg,Fiola Mare,"Seafood,Italian,Bars",$31-60,$31-60,"
                                94 out of 100
                            ",0,0,0,0,0,Yes,Full Bar,,No,,,Yes,Valet,,No,Yes,,No,,"Romantic, Classy, Upscale",Dressy,Average,
2owgAPNF2AkqWGXsQoDCIg,Mr Smith’s of Georgetown,"Bars,American (Traditional)",$11-30,$11-30,"
                                88 out of 100
                            ",24,15,17,20,17,Yes,Full Bar,,Yes,,,No,"Garage, Street",,Yes,Yes,,Free,,Casual,Casual,Average,Live
y_K6LdyE6unzkE_hMi1mfQ,City Tap House,"Bars,American (New)",$11-30,$11-30,"
                                86 out of 100
                            ",0,0,0,0,0,Yes,Full Bar,,No,,No,No,"Garage, Street",,Yes,Yes,,Free,,"Casual, Trendy",Casual,Average,
jJVwFsxzHJmQes6q_BXxKg,Centrolina,Italian,$31-60,$31-60,"
                                88 out of 100
                            ",0,0,0,0,0,Yes,Full Bar,,Yes,,,No,,,Yes,Yes,Yes,No,,Trendy,Casual,Average,
ipvqypoCjhWns5ZGTeFf5w,Sax,"American (New),Bars,Cabaret",$31-60,$31-60,,87,62,90,184,174,Yes,Full Bar,,No,,,No,"Valet, Street",,No,Yes,Yes,Free,,Upscale,Dressy,Average,
qWIddvxzfpDpvti9LKjgVw,RPM Italian,Italian,$31-60,$31-60,"
                                82 out of 100
                            ",36,50,107,180,381,Yes,Full Bar,,Yes,,No,Yes,"Valet, Street",,Yes,Yes,Yes,Free,,"Trendy, Romantic, Classy, Upscale",Dressy,Average,
KkHfLfN4jNivWSU1us-azA,Fig & Olive,"French,Mediterranean,Vegetarian",$31-60,$31-60,"
                                90 out of 100
                            ",51,78,116,167,176,Yes,Full Bar,,No,,,Yes,,,Yes,Yes,Yes,Free,,"Trendy, Upscale",Dressy,Average,
G5y4JTfIHAa2NA2AjwRNGg,DBGB Kitchen and Bar,"American (New),French,Desserts",$31-60,$31-60,"
                                75 out of 100
                            ",0,0,0,0,0,Yes,Full Bar,,No,,,Yes,"Valet, Garage, Street",,Yes,Yes,Yes,Free,,Trendy,Casual,Average,
6Qhmt1jo7BMcFcp41fPFVg,The Hamilton,"Seafood,American (New),Music Venues",$11-30,$11-30,"
                                90 out of 100
                            ",169,205,343,717,634,Yes,Full Bar,,No,,,No,"Street, Validated",,Yes,Yes,,Free,,Classy,Casual,Average,Live
lInP4VJiKfC78WXcu84KRw,Mastro’s Steakhouse,"Steakhouses,Seafood",Above $61,Above $61,"
                                87 out of 100
                            ",0,0,0,0,0,Yes,Full Bar,,No,,,No,Valet,,No,Yes,,Free,,"Intimate, Classy, Upscale",Dressy,Average,
HBDr7Y2O5wqKYH15z1izmw,The Oceanaire Seafood Room,"Seafood,American (Traditional)",$31-60,$31-60,"
                                85 out of 100
                            ",38,68,102,155,191,Yes,Full Bar,,No,,,No,Valet,,No,Yes,,Free,,Classy,Dressy,Average,
uPmJB-jwTcHsBnd6lZktFw,Café du Parc,"French,Breakfast & Brunch",$31-60,$31-60,"
                                84 out of 100
                            ",33,47,57,97,64,Yes,Full Bar,,No,,,Yes,Valet,,No,Yes,Yes,Free,,,Casual,Average,
0d1E1CuLvPnGwcY57792YA,Hooters,"Chicken Wings,Sports Bars,American (Traditional)",$11-30,$11-30,"
                                92 out of 100
                            ",0,0,0,0,0,Yes,Full Bar,,No,,,No,Street,,Yes,No,Yes,Free,,Casual,,Average,
NaGx_QMxnGQLutBxfHgneg,Ruth’s Chris Steak House,Steakhouses,$31-60,$31-60,"
                                95 out of 100
                            ",0,0,0,0,0,Yes,Full Bar,,Yes,,,No,Valet,,Yes,Yes,Yes,Free,,Classy,Dressy,Quiet,
_oMDRU4VSgzGKlTJyfmMzQ,Matchbox - Chinatown,"Pizza,American (New)",$11-30,$11-30,"
                                81 out of 100
                            ",96,195,473,1267,704,Yes,Full Bar,,No,,,Yes,Street,,Yes,Yes,,No,,Trendy,Casual,Average,
lpPCrVVMQ6X8mvId_E_BGw,Karma Modern Indian,"Indian,Tapas/Small Plates,Cocktail Bars",$31-60,$31-60,"
                                95 out of 100
                            ",5,7,6,11,67,Yes,Full Bar,,No,,No,No,"Valet, Garage, Street",,Yes,Yes,Yes,Free,,,Casual,Quiet,
TrDQc_Yd4P8GjxUoa5nkVQ,Malmaison,"Cafes,French,Venues & Event Spaces",$11-30,$11-30,"
                                92 out of 100
                            ",0,0,0,0,0,Yes,Full Bar,,No,,,Yes,"Garage, Street",,No,Yes,,Free,,Trendy,Casual,Average,
AgwAkMq0YstWFO4bw8HRiA,Alta Strada City Vista,"Italian,Wine Bars,Desserts",$11-30,$11-30,"
                                88 out of 100
                            ",0,0,0,0,0,Yes,Full Bar,,Yes,,Yes,Yes,Street,,Yes,Yes,Yes,Free,,"Casual, Trendy",Casual,Average,
axnuD2onVoJY7C8y-7ywYw,Busboys and Poets - 450K,"American (Traditional),Breakfast & Brunch,Mediterranean",$11-30,$11-30,"
                                87 out of 100
                            ",0,0,0,0,0,Yes,Full Bar,,Yes,,,Yes,Street,,Yes,No,Yes,Free,,"Hipster, Casual, Trendy",Casual,Average,
zZoK14CWPnuGXTU7VOjP4w,Vapiano Chinatown,"Italian,Pizza,Bars",$11-30,$11-30,"
                                92 out of 100
                            ",0,0,0,0,0,Yes,Full Bar,,Yes,,No,No,Street,,Yes,Yes,Yes,Free,,"Casual, Trendy",Casual,Average,
zvtLtGl4Xiurw-iZRI3Vrw,Proof Restaurant,"American (New),Wine Bars",$31-60,$31-60,"
                                89 out of 100
                            ",57,71,131,369,292,Yes,Full Bar,,No,,,Yes,,,No,Yes,,No,,Trendy,Dressy,Average,
vGHbvXpNFvLgOik09kr8og,Legal Sea Foods,"Seafood,Gluten-Free",$11-30,$11-30,"
                                95 out of 100
                            ",0,0,0,0,0,Yes,Full Bar,,No,,,No,"Garage, Street",,Yes,Yes,,No,,Casual,,Average,
axeT144_-6Z4Hui-lDbAUQ,The Smith,"American (New),Breakfast & Brunch,Cocktail Bars",$11-30,$11-30,"
                                86 out of 100
                            ",20,48,108,191,186,Yes,Full Bar,,Yes,,No,No,"Valet, Street",,Yes,Yes,Yes,No,,"Casual, Trendy",Casual,Very Loud,
77OxJfmG2xI-0O_ekvKY1A,Wok and Roll,"Karaoke,Lounges,Sushi Bars",$11-30,$11-30,"
                                87 out of 100
                            ",157,105,129,126,51,Yes,Full Bar,,Yes,,,Yes,Street,,Yes,Yes,,Free,,Casual,Casual,Average,Karaoke
7ANR73f6X1FbbCNOd7eeLg,Clyde’s of Gallery Place,"American (Traditional),Bars,Seafood",$11-30,$11-30,"
                                81 out of 100
                            ",0,0,0,0,0,Yes,Full Bar,,No,,,No,"Garage, Street, Validated",,Yes,Yes,,Free,,Casual,Casual,Average,
uXZiDzPCBrlLMdQVEdsdcQ,Lucky Strike,"Bowling,Bars,American (New)",$11-30,$11-30,"
                                87 out of 100
                            ",0,0,0,0,0,Yes,Full Bar,,No,,,No,"Garage, Street",,No,Yes,,Free,,Trendy,Casual,Loud,
TJYCcAY3SnxAzvcTMnHVvA,Del Frisco’s Grille,"Steakhouses,Bars,American (Traditional)",$11-30,$11-30,"
                                90 out of 100
                            ",51,54,94,135,136,Yes,Full Bar,,Yes,,,Yes,Street,,Yes,Yes,,No,,Trendy,Casual,Average,Background
-8cgezcs-xEpJ_K4O8LxVA,Harry’s Restaurant,"Dive Bars,American (Traditional)",$11-30,$11-30,,0,0,0,0,0,Yes,Full Bar,,No,,,Yes,Street,,Yes,No,,No,,"Divey, Casual",Casual,Average,Background
7HXY4dHgn83UAAh1Ib5vdA,Ottoman Taverna,"Mediterranean,Turkish",$31-60,$31-60,"
                                93 out of 100
                            ",9,23,26,60,143,Yes,Full Bar,,Yes,,,Yes,Street,,Yes,Yes,,No,,,Dressy,Average,
TsSDRn2JxVCUcsAMKRaW3A,Alba Osteria,Italian,$11-30,$11-30,"
                                93 out of 100
                            ",50,52,65,89,103,Yes,Full Bar,,No,,,Yes,Street,,Yes,Yes,Yes,No,,Trendy,Casual,Average,
ZKVjYlqszGYhR8Ogs0sw4A,Irish Channel Restaurant & Pub,Irish Pub,Moderate,Moderate,"
                                84 out of 100
                            ",0,0,0,0,0,Yes,Full Bar,,,,,Yes,Street,,,Yes,,Free,,Casual,,Average,
aKI2Ei3ffX6P_y295BDgRQ,nopa Kitchen + Bar,American (New),$31-60,$31-60,"
                                94 out of 100
                            ",16,34,79,158,171,Yes,Full Bar,,No,,,No,Valet,,Yes,Yes,,Free,,Trendy,Casual,Average,
GlAT_ksg5ftJ87PXwXmoVA,Fogo de Chão Brazilian Steakhouse,"Brazilian,Steakhouses",$31-60,$31-60,"
                                92 out of 100
                            ",49,86,166,477,851,Yes,Full Bar,,No,,,No,"Valet, Garage, Street",,No,Yes,,No,,Classy,Casual,Average,
oBfR4xFW3bt41I1oe92tvg,District Chophouse & Brewery,Steakhouses,$31-60,$31-60,"
                                86 out of 100
                            ",0,0,0,0,0,Yes,Full Bar,,No,,,No,"Valet, Street",,Yes,Yes,,Free,,Classy,Casual,Average,
qrxmPo62utZmOPWUgk4Siw,Tesoro,Italian,$11-30,$11-30,"
                                87 out of 100
                            ",0,0,0,0,0,Yes,Full Bar,,Yes,,,Yes,"Garage, Street",,Yes,Yes,Yes,No,,Casual,Casual,Average,
GKA0D1x-krmMChSdlo-4qQ,SEI,"Sushi Bars,Japanese,Cocktail Bars",$31-60,$31-60,"
                                83 out of 100
                            ",0,0,0,0,0,Yes,Full Bar,,Yes,,No,No,Street,,Yes,Yes,Yes,No,,Trendy,Casual,Average,
W1ta4KHHO9m_5KCGx2Athw,Carmine’s Italian Restaurant - Washington DC,"Italian,Venues & Event Spaces",$11-30,$11-30,"
                                93 out of 100
                            ",0,0,0,0,0,Yes,Full Bar,,Yes,,,No,"Garage, Street",,Yes,Yes,,Free,,Casual,Casual,Average,
iP59g2r2tx0QD0wVU26WNw,Hill Country Barbecue Market,"Barbeque,Music Venues,Bars",$11-30,$11-30,"
                                86 out of 100
                            ",145,208,316,474,313,Yes,Full Bar,,Yes,,No,No,"Garage, Street",,Yes,Yes,Yes,Free,,Casual,Casual,Loud,Live
gpRqZNVKt_7tPunHbrSCxg,b DC Penn Quarter,"Burgers,American (New),Beer Bar",$11-30,$11-30,,0,0,0,0,0,Yes,Full Bar,,Yes,,No,No,Street,,Yes,No,Yes,Free,,"Casual, Trendy",Casual,Average,
G8kBEJZSflFKBVmvY2NkrQ,Grand Trunk,"Pakistani,Indian,American (New)",$11-30,$11-30,"
                                80 out of 100
                            ",0,0,0,0,0,Yes,No,,Yes,,,Yes,"Garage, Street",,Yes,No,Yes,Free,,Trendy,Casual,Average,
wUQNzrnG2J9Er8rfEP8Fkg,Fiola,Italian,Above $61,Above $61,"
                                93 out of 100
                            ",0,0,0,0,0,Yes,Full Bar,,Yes,,,Yes,"Valet, Garage, Street",,Yes,Yes,Yes,No,,"Classy, Upscale",Dressy,Average,
Y5VHK5uzYqAPN-UFt6DDUw,The Capital Grille,"Steakhouses,Seafood,Wine Bars",$31-60,$31-60,"
                                91 out of 100
                            ",26,39,72,197,422,Yes,Full Bar,,Yes,,,No,"Valet, Garage, Street",,No,Yes,,Free,,"Classy, Upscale",Dressy,Average,
M9AQY6psXPaiXhl8JRbWMg,Kelly’s Irish Times,"Dive Bars,Pubs,Irish",$11-30,$11-30,"
                                94 out of 100
                            ",0,0,0,0,0,Yes,Full Bar,,No,,,Yes,Street,,Yes,No,,No,,Divey,Casual,Loud,
nn7O7-EVZlxLjZtK3r174A,Masseria,"Italian,Cocktail Bars",Above $61,Above $61,"
                                87 out of 100
                            ",26,31,48,54,126,Yes,Full Bar,,No,,,Yes,Street,,No,Yes,Yes,No,,"Trendy, Upscale",Dressy,Average,
3uandIdocQdhEryIZEIF9Q,Bistro Bis,French,$31-60,$31-60,,14,45,90,151,100,Yes,Full Bar,,No,,,Yes,Street,,No,Yes,,No,,Classy,Dressy,Average,
19G1gOzWPPpjhOZR8Vw3_g,Roti Modern Mediterranean,Mediterranean,Under $10,Under $10,,9,17,24,73,51,Yes,No,,Yes,,No,No,Street,,Yes,No,Yes,Free,,Casual,Casual,Average,
6lhs5vAxUnZZ-HUU_K_ZUA,Charlie Palmer Steak,"Steakhouses,Lounges",Above $61,Above $61,"
                                91 out of 100
                            ",0,0,0,0,0,Yes,Full Bar,,Yes,,,Yes,Street,,No,Yes,,No,,"Classy, Upscale",Dressy,Average,
jDmorbH27FdT5JipuIhIaQ,Sugar Factory,"Desserts,Cocktail Bars,Candy Stores",Moderate,Moderate,"
                                94 out of 100
                            ",14,13,14,26,10,Yes,Full Bar,,,,,Yes,,,No,Yes,Yes,No,,"Casual, Touristy, Trendy",,Loud,
PsvqiLNCIlpJ7m421Ao15Q,The District Fishwife,"Seafood,Fish & Chips,Seafood Markets",$11-30,$11-30,"
                                97 out of 100
                            ",13,12,14,34,55,Yes,Beer & Wine Only,,Yes,,No,Yes,"Street, Private Lot",,Yes,No,Yes,Free,,Casual,Casual,Loud,
XYSMRBNxdOOvJCkWyCZUfw,Angelico Pizzeria,"Pizza,Italian",$11-30,$11-30,"
                                89 out of 100
                            ",14,23,30,46,25,Yes,Beer & Wine Only,,Yes,,,Yes,Street,,Yes,Yes,,Free,,Casual,Casual,Average,
acsAA3N6md89jqgWE0B7nQ,Kona Grill,"Sushi Bars,American (New),Cocktail Bars",$11-30,$11-30,,0,0,0,0,0,Yes,Full Bar,,Yes,,,Yes,Street,,Yes,Yes,Yes,Free,,"Casual, Trendy, Classy",Casual,Average,
WCoIW94VWz73_d9Lx9V4RQ,Quinn’s On The Corner,"Bars,American (Traditional),Salad",$11-30,$11-30,,0,0,0,0,0,Yes,Full Bar,,No,,,Yes,Street,,Yes,No,Yes,No,,Casual,Casual,Average,
hPCBRWDKZSn8OFOJBwRgPQ,Guajillo Mexican Cuisine,"Mexican,Cocktail Bars,Breakfast & Brunch",$11-30,$11-30,,0,0,0,0,0,Yes,Full Bar,,No,,,Yes,"Street, Private Lot",,Yes,Yes,,No,,Casual,Casual,Average,Live
hdcqF8J8cmFV171tytL3Fw,Smith Public Trust,"American (New),Pubs",$11-30,$11-30,"
                                87 out of 100
                            ",0,0,0,0,0,Yes,Full Bar,,No,,No,Yes,Street,,Yes,No,Yes,Free,,"Hipster, Casual",Casual,Average,
SIkF5IPv5FpISFRKR5VnIw,Satay Club,"Sushi Bars,Pan Asian,Bars",$11-30,$11-30,"
                                86 out of 100
                            ",26,25,18,71,55,Yes,Full Bar,,Yes,,,No,Street,,Yes,Yes,,Free,,Casual,Casual,Quiet,
eQlcG7GfMwJeiGELy_Xe0Q,Bistro Cacao,"French,Brasseries",$31-60,$31-60,"
                                75 out of 100
                            ",16,26,75,200,268,Yes,Full Bar,,Yes,,,Yes,Street,,Yes,Yes,,No,,"Intimate, Romantic",Dressy,Quiet,
UfKOjg9tnbIL1PqSa-TL4w,Po Boy Jim,"Cajun/Creole,Bars,American (New)",$11-30,$11-30,"
                                91 out of 100
                            ",0,0,0,0,0,Yes,Full Bar,,No,,,No,Street,,Yes,Yes,Yes,No,,Casual,Casual,Average,
UD_Ap7enNn7aPByJkqDZtg,BlackSalt,"Seafood,American (New)",$31-60,$31-60,,36,47,112,293,363,Yes,Full Bar,,Yes,,,No,Street,,Yes,Yes,,No,,,Casual,Average,
da1PgYj_uNmCxd4K1qle7w,Le Chat Noir,"French,Creperies",$11-30,$11-30,"
                                88 out of 100
                            ",0,0,0,0,0,Yes,Full Bar,,No,,,Yes,Street,,Yes,Yes,,No,,Intimate,Casual,Average,
8aAKeQrfw4m3YdPvqmrEIA,Afghan Kabob House,"Afghan,Halal,Middle Eastern",$11-30,$11-30,,0,0,0,0,0,Yes,Beer & Wine Only,,Yes,,No,Yes,"Garage, Private Lot",,Yes,Yes,,Free,,Casual,Casual,Average,
3103auDUTV8UZDN72D6CQg,The Brighton SW1,"Pubs,British,Cocktail Bars",$11-30,$11-30,"
                                91 out of 100
                            ",0,0,0,0,0,Yes,Full Bar,,,,,Yes,Garage,,No,No,Yes,No,,"Casual, Trendy",Casual,Average,
LBKph_FnJH_BIwOfW5s5FA,Del Mar,"Spanish,Seafood,Cocktail Bars",$31-60,$31-60,"
                                96 out of 100
                            ",25,33,45,52,122,Yes,Full Bar,,,,,No,,,No,Yes,,Free,,"Intimate, Romantic, Classy, Upscale",Dressy,,
j8ayv9usiiaxQwjn-Zwhcg,Kirwan’s Irish Pub,"Irish Pub,Breakfast & Brunch",$11-30,$11-30,,40,25,32,55,48,Yes,Full Bar,,,,,Yes,Street,,Yes,Yes,,No,,Casual,Casual,Loud,
vOrfCrGXYwEGJ128it91Aw,Cusbah,"Pakistani,Indian,American (New)",$11-30,$11-30,"
                                93 out of 100
                            ",25,35,50,107,108,Yes,Full Bar,,Yes,,,Yes,Street,,Yes,Yes,,No,,Casual,Casual,Average,
7EEQDlWMHo5qXn_rcAn1Ng,Lupo Marino,"Pizza,Italian",$11-30,$11-30,,0,0,0,0,0,Yes,Full Bar,,,,,Yes,,,Yes,Yes,,Free,,,Casual,,
1v-zC24UDxNpXSy1bt-s_g,Horace & Dickie’s Seafood Carryout,Seafood,Under $10,Under $10,"
                                78 out of 100
                            ",64,51,63,120,87,Yes,No,,No,,,No,Street,,Yes,No,,No,,Divey,Casual,Average,
O_BiEL4iRXzdTrxO7wh_Ig,Salt & Pepper,"Southern,American (New)",$11-30,$11-30,"
                                87 out of 100
                            ",10,5,10,18,52,Yes,Full Bar,,No,,,Yes,Street,,Yes,Yes,,Free,,Casual,Casual,Average,
sMRVWEI7U9ThP7jZBK_aBQ,Granville Moore’s,"American (New),Belgian,Gastropubs",$11-30,$11-30,"
                                84 out of 100
                            ",44,81,129,372,326,Yes,Full Bar,,Yes,,,No,Street,,Yes,Yes,,Free,,Hipster,Casual,Average,
8S5zYIe4NuybG6cHIm3fgg,Smith Commons,"Bars,American (New)",$11-30,$11-30,"
                                66 out of 100
                            ",53,103,126,200,140,Yes,Full Bar,,No,,,Yes,Street,,No,Yes,,No,,Trendy,Casual,Average,
PFs8ZJTRTfjp04PvVoShMg,Mejana,"Mediterranean,Lebanese",$11-30,$11-30,,0,0,0,0,0,Yes,Full Bar,,Yes,,,Yes,"Garage, Street, Validated",,Yes,Yes,,Free,,Trendy,Casual,Average,
QeU1GDOAcpOeQGXGOf4ntw,Biergarten Haus,"German,Bars,Beer Gardens",$11-30,$11-30,"
                                95 out of 100
                            ",0,0,0,0,0,Yes,Full Bar,,No,,,Yes,"Valet, Street",,Yes,Yes,,No,,Casual,Casual,Loud,Background
3lO_rIMKJao7BVABkKBx2w,Aqua Resturant & Bar,"Dance Clubs,Lounges",Moderate,Moderate,,0,0,0,0,0,Yes,Full Bar,,,,,No,Private Lot,,,Yes,,,,Casual,,Loud,DJ
hV62ZSQVb7a1kFor0FYCmQ,Tunnicliff’s Tavern,"American (Traditional),Bars",$11-30,$11-30,"
                                91 out of 100
                            ",31,33,84,103,46,Yes,Full Bar,,No,,,Yes,Street,,Yes,No,,Free,,Casual,Casual,Average,Background
U7jwUu3oJsqQNeRYwpDSvA,Station 4,"American (New),Bars,Breakfast & Brunch",$11-30,$11-30,"
                                84 out of 100
                            ",97,128,150,158,114,Yes,Full Bar,,Yes,,,Yes,Street,,Yes,Yes,,Free,,Trendy,Casual,Average,
PKdL_ix6Gm2b8fSqI76E3g,Cafe 8,Mediterranean,$11-30,$11-30,"
                                82 out of 100
                            ",22,43,61,85,53,Yes,Full Bar,,Yes,,,Yes,Street,,Yes,Yes,,Free,,Casual,Casual,Average,
sv8KwaWuCIsceJXJqb_t_w,Matchbox - Capitol Hill,"Pizza,American (New)",$11-30,$11-30,"
                                86 out of 100
                            ",38,54,109,355,320,Yes,Full Bar,,No,,,Yes,Street,,Yes,No,,No,,Casual,Casual,Average,
mFoSMJE4aGCK6cOxrCY4HQ,Belga Cafe,"Breakfast & Brunch,Belgian,Beer Bar",$11-30,$11-30,"
                                94 out of 100
                            ",77,127,208,350,214,Yes,Full Bar,,Yes,,,Yes,"Valet, Street",,Yes,Yes,Yes,Free,,,Casual,Average,
oXdLd4LNWEcgSqPLcsVO9A,Ambar,Modern European,$11-30,$11-30,"
                                64 out of 100
                            ",0,0,0,0,0,Yes,Full Bar,,No,,,Yes,"Valet, Street",,Yes,Yes,,No,,Trendy,Casual,Average,
a-5Jd4irVqkaxRs-AQ-HGw,Rose’s Luxury,"American (New),Italian,Tapas/Small Plates",$31-60,$31-60,"
                                96 out of 100
                            ",0,0,0,0,0,Yes,Full Bar,,No,,,Yes,Street,,No,No,,No,,Trendy,Casual,Average,
Mnw_f3aoj4aqBN6_m1eZLw,Willie’s Brew & Que,Sports Bars,Moderate,Moderate,"
                                85 out of 100
                            ",0,0,0,0,0,Yes,Full Bar,,,,Yes,Yes,Street,,,Yes,Yes,Free,,Casual,,Average,
HKXdBKKvjdZDxLrYlKosfg,Chloe,"American (New),Modern European",$11-30,$11-30,"
                                98 out of 100
                            ",0,0,0,0,0,Yes,Full Bar,,,,,Yes,"Valet, Street",,Yes,Yes,Yes,No,,,Casual,,
sufpWerGyV1SrC2_kWvVRw,The Italian Store,"Delis,Italian,Pizza",Under $10,Under $10,,33,49,90,270,427,Yes,Beer & Wine Only,,Yes,,,Yes,Private Lot,,Yes,No,,No,,Casual,,Average,
aDrlnNcZtCmHyfFVu4_G9Q,Whitlow’s On Wilson,"Bars,American (Traditional)",$11-30,$11-30,,0,0,0,0,0,Yes,Full Bar,,Yes,,,Yes,"Garage, Street",,Yes,No,,Free,,Casual,Casual,Loud,Live
Ej_S0TYGWOGi9LPdDz7DKA,Ambar,Modern European,$11-30,$11-30,,0,0,0,0,0,Yes,Full Bar,,No,,Yes,Yes,"Street, Private Lot",,Yes,Yes,Yes,No,,Trendy,Casual,Loud,
yTFVXVN2eKZKfxj3CGCQEg,Mexicali Blues,"Mexican,Bars",$11-30,$11-30,,98,115,94,62,50,Yes,Full Bar,,Yes,,,Yes,Street,,Yes,No,,No,,Casual,Casual,Average,Background
9AM3zqpnvigkXAARt184eA,Cava Mezze,"Greek,Mediterranean,Breakfast & Brunch",$11-30,$11-30,,0,0,0,0,0,Yes,Full Bar,,Yes,,,Yes,"Garage, Street",,Yes,Yes,Yes,No,,Trendy,Casual,Average,
hT92Rb7oO6H3V7DfIeVozQ,Oz Restaurant & Bar,"Australian,American (New),Bars",$11-30,$11-30,,0,0,0,0,0,Yes,Full Bar,,Yes,,Yes,Yes,Street,,Yes,Yes,Yes,Free,,Casual,Casual,Average,
RTUt3chdSkv-ZDT3fgaMNQ,Pizza Hut,"Pizza,Italian,Chicken Wings",$11-30,$11-30,,52,6,3,7,4,Yes,No,,,,,No,,,Yes,No,,No,,Casual,,Very Loud,
rQKablrIou5oMVT-eegH8g,CIRCA at Clarendon,"American (New),Wine Bars,Breakfast & Brunch",$11-30,$11-30,,15,37,95,163,107,Yes,Full Bar,,No,,,Yes,Street,,Yes,Yes,,No,,Trendy,Casual,Average,
XQIoT11_Ou5PedBhVruH8A,Kabob Bazaar,"Middle Eastern,Persian/Iranian",$11-30,$11-30,,17,22,45,109,119,Yes,Beer & Wine Only,,Yes,,,Yes,"Garage, Street",,Yes,Yes,,Free,,Casual,Casual,Average,
mg7MWqAqmEvZttxxnTHBmQ,Osteria Morini,Italian,$31-60,$31-60,"
                                95 out of 100
                            ",36,32,95,176,265,Yes,Full Bar,,Yes,,,Yes,Street,,Yes,Yes,,No,,Classy,Casual,Average,
#NAME?,Maggiano’s Little Italy,"Italian,Bars",$11-30,$11-30,"
                                92 out of 100
                            ",57,69,77,127,136,Yes,Full Bar,,Yes,,,No,Garage,,Yes,Yes,,No,,Classy,Casual,Average,
b_hegY8tsG27MbQSfIB_ow,The Capital Grille,"Steakhouses,Seafood,Wine Bars",$31-60,$31-60,,11,23,25,53,143,Yes,Full Bar,,Yes,,No,Yes,"Valet, Private Lot",,No,Yes,,Free,,"Classy, Upscale",Dressy,Average,
1KWPppmtRGK3WdgmX7ak6w,Sushiko Chevy Chase,"Sushi Bars,Japanese,Cocktail Bars",$11-30,$11-30,,0,0,0,0,0,Yes,Full Bar,,No,,,Yes,"Garage, Private Lot, Validated",,Yes,Yes,Yes,No,,,Casual,Average,
mAIdc2LPpctFFt1q7s7eEA,El Aguila Restaurant,"Bars,Mexican,Tex-Mex",$11-30,$11-30,,0,0,0,0,0,Yes,Full Bar,,,,,No,,,Yes,Yes,,No,,Casual,Casual,Loud,
NG40ta9H5sV4rChMX5B4Mg,Essy’s Carriage House,"American (New),Seafood,American (Traditional)",$11-30,$11-30,,7,5,8,13,24,Yes,Full Bar,,No,,,No,Private Lot,,Yes,Yes,,No,,,Casual,Quiet,
wwaLUZAeeDrYgjenSEXdKQ,The Liberty Tavern,"Bars,American (New),Breakfast & Brunch",$11-30,$11-30,,52,91,218,504,299,Yes,Full Bar,,Yes,,,Yes,Street,,Yes,Yes,Yes,Free,,,Casual,Average,
YB92vXpB2zYM1OA78UzzuQ,Silver Diner,"American (New),Breakfast & Brunch,Vegetarian",$11-30,$11-30,,0,0,0,0,0,Yes,Beer & Wine Only,,No,,,No,Private Lot,,Yes,No,,Free,,Casual,Casual,Average,
srr4Yem0qV-2jTzbjbVzRg,Darna Restaurant and Lounge,"Lounges,Hookah Bars",Moderate,Moderate,,0,0,0,0,0,Yes,Full Bar,,,,,No,"Valet, Street",,,Yes,,Free,,Trendy,,Loud,DJ
1ctsXD-rj0ctn9QCplLVmw,Medium Rare,"Steakhouses,Breakfast & Brunch",$11-30,$11-30,,14,13,9,14,30,Yes,Full Bar,,,,,Yes,Street,,Yes,Yes,Yes,Free,,Casual,Casual,,
cSDCS9l9sY5tc_ULQQMogA,Crafthouse,"Burgers,Sandwiches,Bars",$11-30,$11-30,,7,7,13,22,23,Yes,Full Bar,,,,,Yes,Street,,Yes,Yes,,Free,,,,Loud,
GOzbZMHNBOlr8uIXCjmEqA,Buffalo Wild Wings,"Chicken Wings,Sports Bars,American (Traditional)",$11-30,$11-30,,188,83,38,31,14,Yes,Full Bar,,Yes,,,Yes,"Garage, Street",,Yes,No,,Free,,Casual,,Loud,
dpdxywxqeMpUXSPvjHKDQA,Arlington Kabob,"Afghan,Halal",$11-30,$11-30,,4,5,12,35,140,Yes,No,,Yes,,Yes,Yes,Private Lot,,Yes,Yes,Yes,Free,,Casual,Casual,Quiet,
YOoOOlKOvaj-EUIK7X0dtw,Skydome Lounge,"Lounges,American (New)",$11-30,$11-30,,41,53,62,68,41,Yes,Full Bar,,No,,,No,"Garage, Validated",,No,Yes,,No,,Touristy,Casual,Average,
9SJPwtq0bGRT_QkIPV8m1A,Kelly’s Cajun Grill,"Cajun/Creole,Asian Fusion",Under $10,Under $10,,0,0,0,0,0,Yes,No,,No,,,No,Garage,,Yes,No,,No,,,Casual,Very Loud,
4BCrQEcU98J-iRUyE3x7Tg,California Pizza Kitchen at Pentagon Center,"Pizza,American (New),Salad",$11-30,$11-30,,0,0,0,0,0,Yes,Full Bar,,Yes,,,Yes,Garage,,Yes,No,,Free,,Casual,Casual,Average,
6W1tSAyoEfdJ7KEDc3Bh5g,"LEBANESE TAVERNA - WASHINGTON, DC","Mediterranean,Lebanese",$11-30,$11-30,,33,42,71,129,92,Yes,Beer & Wine Only,,Yes,,,Yes,Garage,,Yes,Yes,,No,,Casual,Casual,Average,
bHu90zj_Wrf4UnMDOexo9Q,Siné Irish Pub & Restaurant,"Pubs,Irish,Sandwiches",$11-30,$11-30,,0,0,0,0,0,Yes,Full Bar,,No,,,Yes,"Garage, Street",,Yes,Yes,,Free,,Casual,,Average,
gGjN9kuRcEoLfrElsT03CA,La Ferme,French,$31-60,$31-60,,0,0,0,0,0,Yes,Full Bar,,Yes,,,Yes,Private Lot,,Yes,Yes,,No,,Classy,Dressy,Average,
IcqTDz1oRQ6Plvv3wUbm4Q,McCormick & Schmick’s Seafood & Steaks,"Seafood,American (Traditional),Steakhouses",$31-60,$31-60,,0,0,0,0,0,Yes,Full Bar,,Yes,,,No,Street,,Yes,Yes,Yes,Free,,,Casual,Average,
nAoHzUjAG7OIqugFzYb8ZA,Kora Restaurant,"Italian,Mediterranean,Pizza",$11-30,$11-30,,0,0,0,0,0,Yes,Full Bar,,Yes,,,Yes,Garage,,Yes,Yes,,Free,,,Casual,Average,
HqoZlI7wHR7qXtyvUdTq4Q,Buffalo Wild Wings,"Chicken Wings,Sports Bars,American (Traditional)",$11-30,$11-30,,206,98,61,47,34,Yes,Full Bar,,Yes,,,Yes,Street,,Yes,No,,Free,,Casual,,Loud,
y_dkshfMu2rrRmUYzf54qg,Legal Sea Foods,Seafood,$11-30,$11-30,,0,0,0,0,0,Yes,Full Bar,,No,,,Yes,"Garage, Street, Validated",,Yes,Yes,,No,,Casual,Casual,Average,
HnieWXrwCa7fyZ259x7OFg,Taj Of India,"Indian,Desserts,Seafood",$11-30,$11-30,,0,0,0,0,0,Yes,Full Bar,,Yes,,,Yes,Street,,Yes,Yes,No,No,,Intimate,Casual,Average,
snwn7sWDaDzo3zhrMi3s5g,Kapnos Taverna,"Greek,Breakfast & Brunch,Bars",$11-30,$11-30,,0,0,0,0,0,Yes,Full Bar,,No,,,No,,,Yes,No,,Free,,Casual,Casual,Average,
nx6EevRxNHH7Rfk1bFuoXw,Cinnabar,American (New),$11-30,$11-30,,0,0,0,0,0,Yes,Beer & Wine Only,,No,,,No,"Valet, Validated",,No,Yes,,Free,,Casual,Casual,Quiet,
4EAHGaY2wbkQma_yTBhLiQ,Busboys and Poets - Hyattsville,"Breakfast & Brunch,American (Traditional),Mediterranean",$11-30,$11-30,,86,96,115,300,349,Yes,Full Bar,,Yes,,,Yes,Street,,Yes,No,,Free,,"Hipster, Casual, Trendy",Casual,Average,
y3-fR1ne7slpo2dkcudVyw,RT’s Restaurant,"Cajun/Creole,American (New),Seafood",$11-30,$11-30,,12,30,48,134,149,Yes,Full Bar,,No,,,No,"Street, Private Lot",,Yes,Yes,Yes,Free,,Casual,Casual,Average,
OszIRBHUSV7gWfqpsQhBnA,Emily’s Restaurant,"Steakhouses,Seafood",$11-30,$11-30,,0,0,0,0,0,Yes,Full Bar,,No,,,Yes,"Valet, Private Lot",,No,Yes,,Free,,Casual,Casual,Average,
2qP46-Gutei0RaWv5sDk8Q,Galway Bay,"Pubs,Irish,Seafood",$11-30,$11-30,,50,39,41,97,124,Yes,Full Bar,,Yes,,,Yes,Private Lot,,Yes,No,,Free,,Casual,Casual,Average,Live
rW8PO1wi4u8corjyzVUZFA,Shilo Restaurant Ocean Shores,"American (New),Seafood",$11-30,$11-30,,21,30,16,30,19,Yes,Full Bar,,Yes,,No,No,Private Lot,,Yes,Yes,Yes,Free,,Casual,Casual,Average,
s4XCO9PLFGuo6hcstFohzQ,Sea Gate Restaurant & Lounge,"Pizza,Lounges,American (Traditional)",$11-30,$11-30,,0,0,0,0,0,Yes,Full Bar,,No,,,Yes,Private Lot,,Yes,No,,,,Divey,Casual,Average,
9HHQIQyrslWluJnBUgMmLQ,Mon Ami Gabi,"French,Wine Bars",$11-30,$11-30,,0,0,0,0,0,Yes,Full Bar,,Yes,,,Yes,"Valet, Garage, Street",,Yes,Yes,,Free,,Classy,Casual,Average,
PRNqoTMjNt24xD8U_1Aixg,Cafe Deluxe,"American (New),Breakfast & Brunch",$11-30,$11-30,,48,55,67,64,33,Yes,Full Bar,,No,,,Yes,"Garage, Street",,Yes,Yes,,No,,Casual,Casual,Average,
xAXgH-DvV-UyAz-ZYRwf6A,Luke’s Lobster Bethesda,Seafood,$11-30,$11-30,,0,0,0,0,0,Yes,Beer & Wine Only,,Yes,,,Yes,"Garage, Street",,Yes,No,Yes,No,,Casual,Casual,Average,
sbidaE4wanaGL_T0njJW4w,Morton’s The Steakhouse,"Steakhouses,American (Traditional),Bars",Above $61,Above $61,,20,22,31,40,69,Yes,Full Bar,,No,,,No,"Valet, Garage, Street, Validated",,Yes,Yes,,Free,,Classy,Dressy,Average,
e_oNadzcEKfQcUx5eL7tLg,La Madeleine French Bakery & Café,"French,Bakeries,Breakfast & Brunch",$11-30,$11-30,,0,0,0,0,0,Yes,Beer & Wine Only,,Yes,,Yes,Yes,Private Lot,,Yes,No,,Free,,Casual,Casual,Average,
kQXWJvp2iZEX_zG7TDdAyw,M & N’s Pizza,"Pizza,Italian",Under $10,Under $10,,5,9,10,46,150,Yes,Beer & Wine Only,,Yes,,,Yes,,,Yes,No,,No,,Casual,Casual,Quiet,
0MF_IBRkZoEAhA2TIYO10Q,Black’s Bar & Kitchen,"American (New),Bars",$31-60,$31-60,,42,45,85,196,151,Yes,Full Bar,,Yes,,,Yes,"Garage, Street",,Yes,Yes,,No,,,Casual,Average,
yk4HmXK1zf73vDDKlF5SyA,Bistro Provence,"French,Breakfast & Brunch",$31-60,$31-60,,0,0,0,0,0,Yes,Full Bar,,Yes,,No,Yes,"Garage, Street",,No,Yes,Yes,No,,,Dressy,Average,
psPcuOp-vwW5LYK9UtkoNQ,Woodmont Grill,"Steakhouses,American (Traditional),Seafood",$31-60,$31-60,,0,0,0,0,0,Yes,Full Bar,,No,,No,Yes,"Garage, Street",,No,Yes,Yes,No,,Classy,Casual,Average,
ZH6NIvlnK48s8eyoY2UjRw,Chef Tony’s Restaurant,"Seafood,Mediterranean,Tapas/Small Plates",$11-30,$11-30,,0,0,0,0,0,Yes,Full Bar,,Yes,,,Yes,"Garage, Street",,Yes,Yes,,Free,,Casual,Casual,Average,
n1YK9ngkY370jTs0yZgGWQ,Medium Rare,"Steakhouses,American (New)",$11-30,$11-30,,9,13,18,39,42,Yes,Full Bar,,No,,Yes,Yes,"Garage, Street",,No,Yes,Yes,Free,,Casual,Casual,Average,
qAdiZ6EBuSLa-kSzv2aPgg,Le Vieux Logis,French,$31-60,$31-60,,0,0,0,0,0,Yes,Full Bar,,No,,,Yes,"Street, Private Lot",,No,Yes,,Free,,Intimate,Casual,Average,
tSv0gmTa29irTrQwUKRtjA,Olazzo,Italian,$11-30,$11-30,,16,32,73,194,245,Yes,Full Bar,,Yes,,,Yes,Street,,Yes,Yes,,No,,Romantic,Casual,Average,
zu9WT50X2BM1fv8v6XkXOQ,Louisiana Kitchen and Bayou Bar,"Cajun/Creole,Breakfast & Brunch",$11-30,$11-30,,0,0,0,0,0,Yes,Full Bar,,Yes,,,No,Street,,Yes,No,,No,,Casual,Casual,Average,
j90XgqmEckVlXA_uEzTfzg,Duck Duck Goose,"Tapas/Small Plates,Cocktail Bars,French",$11-30,$11-30,,13,17,27,41,105,Yes,Full Bar,,No,,,Yes,"Garage, Street",,No,Yes,,No,,"Casual, Intimate, Romantic, Classy",Casual,Average,
6vPNPahPY9CFjqpYAgvxww,Barrel and Crow,"American (New),Southern,Breakfast & Brunch",$11-30,$11-30,,14,35,25,87,82,Yes,Full Bar,,No,,Yes,Yes,"Valet, Garage, Street",,Yes,Yes,Yes,Free,,"Casual, Trendy",Casual,Average,
95cYdnjLIlhaX8Zsi5SExw,Lucy Ethiopian Restaurant - Bethesda,"Bars,Ethiopian",$11-30,$11-30,,0,0,0,0,0,Yes,Full Bar,,Yes,,,No,,,Yes,Yes,Yes,Free,,,Casual,,
fIPL20j7uUp0kB1H_UMSmw,Sala Thai,"Thai,Seafood,Noodles",$11-30,$11-30,,0,0,0,0,0,Yes,Full Bar,,Yes,,,No,Street,,Yes,Yes,,No,,Casual,Casual,Average,
xrp2K5LFWT0l6tQSaC0jMA,Amoo’s Restaurant,Persian/Iranian,$11-30,$11-30,,36,17,36,120,443,Yes,No,,Yes,,No,No,Private Lot,,Yes,Yes,,Free,,Casual,Casual,Average,
q6Izws94RLX3RpG47mSRIA,Scion,"American (New),Cocktail Bars",$11-30,$11-30,,0,0,0,0,0,Yes,Full Bar,,No,,,Yes,Garage,,Yes,Yes,,No,,Casual,Casual,Average,Background
S1MZUJ8MKb1zrjHRWJb-Hw,pie-tanza,"Pizza,Sandwiches,Italian",$11-30,$11-30,,3,14,28,77,71,Yes,Beer & Wine Only,,Yes,,,No,Private Lot,,Yes,No,,No,,Casual,,Average,
JnquzUsxxOFPvYUlKc0Njg,Fire Station 1,"Bars,American (Traditional),Barbeque",$11-30,$11-30,,0,0,0,0,0,Yes,Full Bar,,Yes,,No,Yes,"Garage, Street",,Yes,Yes,Yes,Free,,Casual,Casual,Average,
JmqXHl4hsfzRZGDg58hxaA,Olazzo,"Italian,Cocktail Bars",$11-30,$11-30,,0,0,0,0,0,Yes,Full Bar,,Yes,,,Yes,Street,,Yes,Yes,,No,,Intimate,Casual,Average,
#NAME?,Assaggi Osteria,Italian,$31-60,$31-60,,10,30,29,42,41,Yes,Full Bar,,Yes,,,Yes,Private Lot,,Yes,Yes,Yes,No,,"Romantic, Classy",Dressy,Average,
3YK9x5aOrHxE27WKzGSw2g,Sheger Spring Cafe,"Ethiopian,Bars",$11-30,$11-30,,0,0,0,0,0,Yes,Full Bar,,,,,No,,,Yes,Yes,,Free,,,Casual,Average,Background
DhTPZ_VO6Pj-b6r3KlWdfg,Quarry House Tavern,"Dive Bars,Burgers",$11-30,$11-30,,0,0,0,0,0,Yes,Full Bar,,No,,,No,Street,,Yes,No,No,No,,Divey,Casual,Loud,Juke Box
58bq4gGkB8YdBVo_kEtTEg,Cafe Oggi,Italian,$31-60,$31-60,,6,5,9,21,14,Yes,Full Bar,,Yes,,,Yes,Private Lot,,No,Yes,Yes,No,,,Casual,Average,
gz24JYYZoWziontd_OwqAw,Cafe Promenade,"Italian,Seafood",$11-30,$11-30,,2,1,1,4,1,Yes,Full Bar,,No,,,Yes,Private Lot,,Yes,No,,Free,,,Casual,Average,
Gw8GCgHx0atCy-lDZCEV9w,Tachibana Japanese Restaurant,"Japanese,Sushi Bars,Seafood",$11-30,$11-30,,0,0,0,0,0,Yes,Beer & Wine Only,,Yes,,No,No,Private Lot,,Yes,Yes,,No,,Casual,Casual,Average,
canGGUCtoW_i4kQGiwnamg,Red Lobster,"Seafood,American (Traditional)",$11-30,$11-30,,58,36,25,22,10,Yes,Full Bar,,No,,,No,Garage,,Yes,Yes,,No,,Casual,Casual,Average,
oU_Jfi7G-OwZu50d1UvxvA,Hen Quarter,"Southern,Cocktail Bars",$11-30,$11-30,,0,0,0,0,0,Yes,Full Bar,,Yes,,,Yes,Garage,,Yes,Yes,,Free,,"Casual, Trendy",Casual,Average,
pw_ZXnlTwDuNqPQ1vSm7jQ,Masa Hibachi Steakhouse & Sushi,"Japanese,Sushi Bars,Steakhouses",$11-30,$11-30,,55,49,73,122,96,Yes,Full Bar,,Yes,,,No,Garage,,Yes,Yes,,No,,Casual,Casual,Average,
8MObDyLiiMgzsx2TT_w92g,All Set Restaurant & Bar,"American (New),Seafood",$11-30,$11-30,,0,0,0,0,0,Yes,Full Bar,,Yes,,,Yes,"Garage, Street",,Yes,Yes,Yes,Free,,"Casual, Trendy",Casual,Average,
VHjUduYxeNr3Mb8-KGBeGw,McGinty’s Public House,"Irish,Irish Pub,Sandwiches",$11-30,$11-30,,0,0,0,0,0,No,,,No,,,No,Street,,No,No,,No,,Casual,,Average,Live
#NAME?,Not Your Average Joe’s,"Salad,Seafood,American (Traditional)",$11-30,$11-30,,33,33,39,79,109,Yes,Full Bar,,Yes,,No,Yes,"Garage, Street",,Yes,Yes,Yes,Free,,Casual,Casual,Average,
062CC_NuxAQ9cWXqRjfxxA,CAVA,Mediterranean,$11-30,$11-30,,5,10,9,32,45,Yes,No,,No,,,Yes,Street,,Yes,No,Yes,No,,Casual,Casual,Average,
JcF8L86BMH8Hx0mWxPJv8w,Sergio Ristorante Italiano,Italian,$11-30,$11-30,,0,0,0,0,0,Yes,Full Bar,,No,,,No,"Garage, Street",,No,Yes,,No,,,Casual,Average,
arwOOqaQWKVlSqFXoeImew,The Y Sports Bar & Grill,Sports Bars,Inexpensive,Inexpensive,,0,1,1,4,6,Yes,Full Bar,,,,,Yes,Private Lot,,,Yes,,,,Casual,,Average,
Uo0ZQjylS1PWfjQJ4tPqCQ,Farrelli’s Wood Fire Pizza,"Pizza,Gluten-Free,Sports Bars",$11-30,$11-30,,0,0,0,0,0,Yes,Full Bar,,No,,,Yes,"Street, Private Lot",,Yes,Yes,,Free,,Casual,,Average,
uJRJJvVpdP5zZsy0EQwmDA,Marzano Italian Restaurant,Italian,$11-30,$11-30,,9,10,18,74,270,Yes,Beer & Wine Only,,No,,,Yes,"Street, Private Lot",,Yes,Yes,,No,,Intimate,Casual,Average,
R9dPfBI1bY7Pqyr9wkLrBA,Flying Tomato Bar and Grill,"Italian,Bars",$11-30,$11-30,,0,0,0,0,0,Yes,Full Bar,,Yes,,,No,Private Lot,,Yes,Yes,,Free,,Casual,Casual,Average,
LkDl2WYXOVlW3NuKYLfu7A,Great American Casino,"Casinos,American (Traditional),Sports Bars",$11-30,$11-30,,0,0,0,0,0,Yes,Full Bar,,No,,No,Yes,Private Lot,,Yes,No,Yes,Free,,Casual,Casual,Very Loud,
c-PhA7dl4u45CCQJge9wuw,Tacoma Szechuan,"Szechuan,Hot Pot,Seafood",$11-30,$11-30,,41,35,38,92,155,Yes,Beer & Wine Only,,Yes,,,No,Private Lot,,Yes,Yes,,No,,Casual,Casual,Average,
o4qTm58NLdnncnJZVQwCmg,Ming Palace,"Dim Sum,Seafood",$11-30,$11-30,,21,17,9,12,46,Yes,Full Bar,,Yes,,,No,Private Lot,,Yes,Yes,Yes,Free,,,Casual,Quiet,
guGRUPCBYBfCknykV7ODbg,Galloping Gertie’s Bar and Grill,"Bars,Breakfast & Brunch",$11-30,$11-30,,15,15,18,33,41,Yes,Full Bar,,No,,,No,Private Lot,,Yes,Yes,,Free,,Casual,Casual,Average,
KnWmhxLgFKV5KkltiDJNbQ,BJ’s Restaurant & Brewhouse,"American (New),Breweries,Pizza",$11-30,$11-30,,0,0,0,0,0,Yes,Full Bar,,No,,,Yes,Private Lot,,Yes,Yes,,Free,,Casual,Casual,Average,
nBpaIxVLYPjY22lKMKTczw,Hop Jack’s,"American (Traditional),Bars",$11-30,$11-30,,4,12,21,21,41,Yes,Full Bar,,,,,Yes,Private Lot,,Yes,No,Yes,Free,,Casual,Casual,,
EmKWx4nSbaAT5EJ6cKvNwQ,LA Palma Mexican Restaurant,"Mexican,Bars",$11-30,$11-30,,69,30,20,14,11,Yes,Full Bar,,No,,,No,Private Lot,,Yes,No,,Free,,Casual,Casual,Average,
tYvtL8O1YqcWcaN1xgGtrA,Uncle Buck’s Fishbowl & Grill,Seafood,$11-30,$11-30,,0,0,0,0,0,Yes,Full Bar,,No,,,No,Private Lot,,Yes,No,,No,,,Casual,Loud,
5ytVZhm_27QtA82I3NKvcA,Black Angus Steakhouse,"Steakhouses,Sports Bars,American (Traditional)",$11-30,$11-30,,0,0,0,0,0,Yes,Full Bar,,No,,,No,Private Lot,,Yes,Yes,,No,,,Casual,Average,
_vQ_8nNHiHsMqzSor-qFWw,Casa Mia Italian Restaurant and Pizzeria,Italian,$11-30,$11-30,,25,24,21,33,32,Yes,Beer & Wine Only,,Yes,,,No,Private Lot,,Yes,No,,Free,,Casual,Casual,Average,
vZX86Dvy1E_HuKTZOQKXRA,Peanut Sauce Thai Cuisine,"Thai,Diners,Seafood",$11-30,$11-30,,15,18,23,78,100,Yes,Beer & Wine Only,,No,,,No,Private Lot,,Yes,Yes,,No,,Casual,,Average,
PqCJCmRy0Cehq_cOrLoGFg,Moctezuma’s Mexican Restaurant & Tequila Bar,"Mexican,Bars",$11-30,$11-30,,60,46,77,138,240,Yes,Full Bar,,Yes,,,Yes,Private Lot,,Yes,Yes,,Free,,Casual,Casual,Average,
b_sT0QJvudIaLnAnY7KIpQ,Oakhouse Restaurant,"American (New),American (Traditional),Gluten-Free",$11-30,$11-30,,3,3,2,6,7,Yes,Full Bar,,Yes,,,Yes,Private Lot,,Yes,Yes,,Free,,,,Average,
p5-I_Q0af4gorfFah8AlnQ,Skippers Seafood & Chowder,"Seafood,Fish & Chips,Fast Food",$11-30,$11-30,,0,0,0,0,0,Yes,No,,,,,No,Private Lot,,Yes,No,,No,,Casual,,Average,
cgpfIEZBChUrG7IauI52qw,Pacific Southern,"Southern,Bars,Breakfast & Brunch",$11-30,$11-30,,63,49,82,194,359,Yes,Full Bar,,No,,,No,"Street, Private Lot",,Yes,Yes,,Free,,Casual,Casual,Average,
Klz2UL-_MOFkcpfWM69rzQ,HG Bistro,"American (New),Seafood",$11-30,$11-30,,26,42,36,105,164,Yes,Full Bar,,Yes,,,Yes,Private Lot,,Yes,Yes,,Free,,Romantic,Casual,Average,
L18Zrls7Ke3wObDxjUx1cg,Stanley & Seafort’s,"Steakhouses,Seafood,American (Traditional)",$31-60,$31-60,,0,0,0,0,0,Yes,Full Bar,,Yes,,,Yes,"Valet, Garage, Street, Private Lot",,Yes,Yes,,Free,,Romantic,Dressy,Average,
htoVUC93LR3p0Lk4fHW9lw,Toscanos Italian Grill,"Italian,Wine Bars,Seafood",$11-30,$11-30,,22,17,26,51,94,Yes,Full Bar,,Yes,,,Yes,Private Lot,,Yes,Yes,,Free,,Classy,Casual,Average,
I3oIILJGPa78CzHVmEcCxw,Mama Stortini’s Restaurant & Bar - Puyallup,"Italian,Burgers,Breakfast & Brunch",$11-30,$11-30,,0,0,0,0,0,Yes,Full Bar,,Yes,,,No,Private Lot,,Yes,Yes,Yes,Free,,Casual,Casual,Average,
k1swCnAbE-uvV856hdp2XQ,Gyro Zone,"Mediterranean,Greek,Middle Eastern",Under $10,Under $10,,0,0,0,0,0,Yes,No,,Yes,,,No,Private Lot,,Yes,No,,Free,,Casual,Casual,Average,
p_RkMSV7_Y5tVQiAKG-iBw,The Rock Wood Fired Pizza,"Pizza,Bars,American (Traditional)",$11-30,$11-30,,0,0,0,0,0,Yes,Full Bar,,No,,No,No,Street,,Yes,Yes,,Free,,Casual,Casual,Average,
YNjfOowGIzAgDZTlXuULfA,Pacific Grill,"American (New),Seafood,Breakfast & Brunch",$11-30,$11-30,,0,0,0,0,0,Yes,Full Bar,,Yes,,No,No,"Valet, Garage, Street, Private Lot",,Yes,Yes,Yes,Free,,Classy,Casual,Average,
CZiEwUqsSog8Kc8rpdF6vA,The Buttered Biscuit,"American (New),Breakfast & Brunch",$11-30,$11-30,,176,118,106,190,250,Yes,Beer & Wine Only,,No,,,No,Private Lot,,Yes,No,,No,,Casual,Casual,Average,
Yud8O7de6u05rPtYmvhiPw,Sorci’s Italian Cafe & Enoteca,Italian,$11-30,$11-30,,0,0,0,0,0,Yes,Full Bar,,Yes,,,Yes,Street,,Yes,Yes,,No,,"Casual, Intimate",Casual,Average,
vZlFGUANhZ2ZemLvNyXZRg,Grassi’s Ristorante,Italian,$11-30,$11-30,,5,12,7,11,37,Yes,Beer & Wine Only,,Yes,,,Yes,Private Lot,,Yes,Yes,Yes,Free,,Intimate,Casual,Average,
RqxusFi2wsbF7O-77giV-Q,The Matador,"Bars,Mexican",$11-30,$11-30,,60,50,72,260,287,Yes,Full Bar,,No,,,Yes,Street,,Yes,No,Yes,Free,,Trendy,Casual,Average,
mnCOu-4S1jn1OJ7E6Xr6Kg,Over the Moon Cafe,"American (New),Wine Bars",$11-30,$11-30,,0,0,0,0,0,Yes,Beer & Wine Only,,No,,No,No,Street,,Yes,Yes,No,No,,"Intimate, Romantic",Casual,Quiet,
rmQWX9e-FMtW3S48KkUF7Q,Dirty Oscar’s Annex,"Breakfast & Brunch,American (New),Gastropubs",$11-30,$11-30,,0,0,0,0,0,Yes,Full Bar,,No,,,No,Street,,Yes,Yes,,Free,,Casual,Casual,Average,
O1v7Pa-sMVsnn1L0RPT-nw,Asado,"Argentine,Steakhouses,Bars",$31-60,$31-60,,0,0,0,0,0,Yes,Full Bar,,Yes,,,Yes,"Valet, Street",,Yes,Yes,,Free,,,Casual,Average,
8zXqGH5xnASU_5UBrwe_XA,Red Hot,"Hot Dogs,Beer Bar,Vegan",Under $10,Under $10,,0,0,0,0,0,Yes,Beer & Wine Only,,No,,,No,Street,,Yes,No,,Free,,Casual,,Average,
1nnWECqcCS4T19Pr-nx-dQ,Primo Grill,"Mediterranean,Bars,Seafood",$11-30,$11-30,,0,0,0,0,0,Yes,Full Bar,,Yes,,,No,Street,,Yes,Yes,,No,,"Trendy, Classy",Casual,Average,
E0vBuWBK2JIqaj0q7HbxeA,The Table,"American (New),Salad,Tapas/Small Plates",$11-30,$11-30,,6,12,19,37,153,Yes,Beer & Wine Only,,No,,No,No,Street,,Yes,Yes,Yes,No,,Trendy,Casual,Average,
S6kaRKSBXPGW7kwlYG6XsQ,Harmon Tap Room,"Breweries,Sports Bars,Venues & Event Spaces",Moderate,Moderate,,18,18,22,40,31,Yes,Full Bar,,Yes,,,Yes,Street,,Yes,Yes,,Free,,Casual,,Average,
SgWS1huKOS9pewAR1QMlLg,Boathouse 19,"Bars,American (New),Seafood",$11-30,$11-30,,0,0,0,0,0,Yes,Full Bar,,Yes,,,Yes,Private Lot,,Yes,No,Yes,No,,Casual,Casual,Average,
0HkNpi8bA_DvNeOFDyFOqg,Pacci’s Trattoria & Pasticceria,"Italian,Breakfast & Brunch,Pizza",$11-30,$11-30,,0,0,0,0,0,Yes,Full Bar,,Yes,,,Yes,Private Lot,,Yes,No,,No,,Casual,Casual,Average,
md46OhPkSD5vdVfVPswY1Q,Mrs K’s Restaurant & Wine Bar,"American (Traditional),Wine Bars",$31-60,$31-60,,45,61,68,102,97,Yes,Full Bar,,Yes,,,Yes,"Street, Private Lot",,Yes,Yes,,No,,Intimate,Casual,Average,
_pty06KHXlHXsrY9x41VwA,Not Your Average Joe’s,"American (New),Bars,Seafood",$11-30,$11-30,,52,41,51,92,106,Yes,Full Bar,,Yes,,,No,Private Lot,,Yes,Yes,Yes,Free,,Casual,Casual,Average,
O9JAJYrDNLJlDxoRzh7hbw,BeClaws,"Cajun/Creole,Seafood,Asian Fusion",$11-30,$11-30,,41,59,83,167,218,Yes,Full Bar,,Yes,,,No,Street,,Yes,Yes,,Free,,"Casual, Trendy",Casual,Average,
GmF0Ndwjvhzr1vJOib0JBA,New Kam Fong,"Chinese,Seafood",$11-30,$11-30,,16,15,11,44,38,Yes,Beer & Wine Only,,Yes,,,No,Street,,Yes,Yes,,No,,Casual,Casual,Average,
viE72gC8UdY-rk_9zwGxqw,El Paso Cafe,"Mexican,Tex-Mex,Cocktail Bars",$11-30,$11-30,,0,0,0,0,0,Yes,Full Bar,,Yes,,No,No,Private Lot,,Yes,Yes,Yes,No,,Casual,Casual,Average,
d82VK9Ve7hq1WROlsA4fIA,Pupatella,"Pizza,Italian,Gelato",$11-30,$11-30,,63,91,151,461,930,Yes,Full Bar,,No,,,Yes,"Street, Private Lot",,Yes,No,Yes,Free,,Casual,Casual,Average,
mamC82-DkTuSYUD6SC_uzQ,House of Mandi,"Middle Eastern,Mediterranean",$11-30,$11-30,,0,0,0,0,0,Yes,No,,Yes,,,No,Street,,Yes,Yes,Yes,Free,,Casual,Casual,Average,
zAJU6f3fI6lGm8EagA1vUA,Outback Steakhouse,Steakhouses,$11-30,$11-30,,0,0,0,0,0,Yes,Full Bar,,Yes,,No,No,Private Lot,,Yes,Yes,,No,,Casual,Casual,Average,
UBiSrFhOA8xHWdGcvT5hmQ,Twisted Vines Bottleshop & Bistro,"Wine Bars,Tapas/Small Plates,Breakfast & Brunch",$11-30,$11-30,,0,0,0,0,0,Yes,Full Bar,,No,,,No,Private Lot,,Yes,Yes,,Free,,Casual,Casual,Average,
1Cc3EIgfLJVhfPEE_GlWdA,Mazagan Restaurant,"Moroccan,Middle Eastern,Hookah Bars",$11-30,$11-30,,44,32,37,64,148,Yes,Full Bar,,Yes,,No,No,"Garage, Street, Private Lot",,Yes,Yes,Yes,Free,,Trendy,Casual,Average,
9oAjjM88jiZnB-BQlctleg,Lost Dog Cafe,"Sandwiches,Pizza,Bars",$11-30,$11-30,,54,69,94,195,230,Yes,Beer & Wine Only,,Yes,,,No,"Garage, Street",,Yes,Yes,,Free,,Casual,,Average,
ZvGLepkwp4mBmQES-v2Cww,REYHOON GRILL,"Mediterranean,Halal,Persian/Iranian",$11-30,$11-30,,0,0,0,0,0,Yes,No,,Yes,,,No,"Street, Private Lot, Validated",,Yes,Yes,Yes,No,,,Casual,,
Yk5I73wZ7Quj5Nt1H0vtEg,Lucky House Chinese Restaurant,"Dim Sum,Seafood,Cantonese",$11-30,$11-30,,0,0,0,0,0,Yes,Beer & Wine Only,,Yes,,,No,Private Lot,,Yes,Yes,,No,,Casual,Casual,Average,
pS8OqsnPHuC94gdcYzxXJw,Golden Steer,"Steakhouses,Karaoke,American (Traditional)",$11-30,$11-30,,0,0,0,0,0,Yes,Full Bar,,Yes,,,No,Private Lot,,Yes,Yes,,No,,Casual,Casual,Average,
CUaAgMe1lEOmL74fRlz6Ag,Magic Flavors,"Italian,Sandwiches,Tapas/Small Plates",Under $10,Under $10,,5,4,0,1,11,Yes,Beer & Wine Only,,Yes,,,Yes,Private Lot,,Yes,Yes,,Free,,Casual,,Quiet,
pfv5dzBvgOQ3LoOUrjSnqQ,Mama Stortini’s Restaurant & Bar - Kent,"Italian,Burgers,Seafood",$11-30,$11-30,,0,0,0,0,0,Yes,Full Bar,,Yes,,,Yes,Private Lot,,Yes,Yes,Yes,Free,,Casual,Casual,Average,
fvg1jLlgYesVdzWJTpX0wg,Duke’s Seafood & Chowder,"Seafood,Bars",$11-30,$11-30,,15,29,42,64,71,Yes,Full Bar,,No,,,Yes,Private Lot,,Yes,Yes,,No,,Casual,Casual,Average,
dT3ChQooeSYZA1kF6KU1Xw,Green Valley Restaurant,"Chinese,Seafood,Poke",Under $10,Under $10,,2,3,11,28,50,Yes,No,,Yes,,,No,,,Yes,No,,No,,Casual,Casual,Average,
hdFehBBkwZ2umAmzugOtRg,Asadero Sinaloa,"Mexican,Steakhouses",$11-30,$11-30,,19,17,47,118,461,Yes,Full Bar,,Yes,,No,No,"Street, Private Lot",,Yes,No,Yes,No,,Casual,Casual,Average,
BFQiPm29_YiNZ-m0i2JQDQ,California Monster Sushi,"Japanese,Sushi Bars,Seafood",$11-30,$11-30,,49,27,28,46,99,Yes,Beer & Wine Only,,No,,,No,Private Lot,,Yes,Yes,,No,,Casual,Casual,Quiet,
kNNGXQaaWSPeSH4jlPYY_w,Boiling Crawfish,"Seafood,Noodles,Sandwiches",$11-30,$11-30,,0,0,0,0,0,Yes,Beer & Wine Only,,No,,,No,,,Yes,Yes,,Free,,Casual,,Average,
KMAHhiDKmFnsszK0E0J0BA,Maza Grill,"Halal,Pakistani,Steakhouses",$11-30,$11-30,,12,2,3,20,71,Yes,No,,Yes,,,No,"Street, Private Lot, Validated",,Yes,Yes,,Free,,Casual,Casual,Quiet,
cWwiWQRn243qju4FOMnlzQ,Bahn Sip Song,"Bars,Thai,Laotian",$11-30,$11-30,,4,0,6,14,42,Yes,Full Bar,,Yes,,No,Yes,Private Lot,,Yes,Yes,Yes,Free,,Casual,Casual,Very Loud,
S1D6n5U0gcegIAT59jgyHA,V Garden Chinese Restaurant,"Seafood,Cantonese",$11-30,$11-30,,12,9,20,35,21,Yes,No,,No,,,No,Private Lot,,Yes,No,,No,,Casual,Casual,Average,
uKZtE2tKo_uDGeWNsd42xg,Olive Tree Mediterranean Restaurant,"Mediterranean,Middle Eastern,Greek",$11-30,$11-30,,20,14,24,87,214,Yes,Beer & Wine Only,,Yes,,,No,Private Lot,,Yes,Yes,,No,,Casual,Casual,Quiet,
SKBrtmQeCyerKD32_rIwaA,Manraj Palace Cuisine of India,"Indian,Seafood,Diners",$11-30,$11-30,,14,11,10,59,201,Yes,Beer & Wine Only,,Yes,,,No,Private Lot,,Yes,Yes,,No,,Casual,,Average,
vQwfNjtwqXZwlWY0OzjbZw,Applebee’s Grill + Bar,"American (Traditional),Sports Bars,Burgers",$11-30,$11-30,,0,0,0,0,0,Yes,Full Bar,,No,,,No,Private Lot,,Yes,No,,Free,,Casual,Casual,Average,
oL2g9giMo-xPkx2xQ4ZkgA,Stanford’s Restaurant & Bar,"American (Traditional),Steakhouses,Diners",$11-30,$11-30,,44,58,80,80,47,Yes,Full Bar,,No,,,No,Private Lot,,Yes,Yes,,No,,Classy,,Average,
aO1XK9zHD9S_0zV3GtOGEw,The Old Spaghetti Factory,"Italian,Cocktail Bars",$11-30,$11-30,,73,65,62,53,49,Yes,Full Bar,,Yes,,No,No,Private Lot,,Yes,Yes,,No,,Casual,Casual,Average,
EqJ5oOcy6DWx9WSp1lqAQw,Grazie Ristorante,Italian,$11-30,$11-30,,0,0,0,0,0,Yes,Beer & Wine Only,,Yes,,,No,Private Lot,,Yes,Yes,Yes,Free,,Intimate,Casual,Average,
ovLJtx_ss3GJbRGTyiixYw,Waterleaf Restaurant & Bar,"Asian Fusion,American (New),Seafood",$11-30,$11-30,,0,0,0,0,0,Yes,Full Bar,,No,,Yes,Yes,"Valet, Garage, Street",,Yes,Yes,Yes,Free,,,Casual,,
xQTgUtgO_9opATaX22PX7A,Mango Thai Cuisine & Bar,"Thai,Seafood",$11-30,$11-30,,0,0,0,0,0,Yes,Full Bar,,No,,,No,Garage,,Yes,Yes,,No,,Casual,Casual,Average,
WvQkCs_C_HCfGUFUA0_-hQ,Sharps Roasthouse,"American (Traditional),Barbeque,American (New)",$11-30,$11-30,,0,0,0,0,0,Yes,Full Bar,,Yes,,,No,Private Lot,,Yes,Yes,,Free,,Casual,Casual,Average,
geu09drUwXHVgQXJHSpH3Q,Olive Garden Italian Restaurant,"Italian,Salad",$11-30,$11-30,,0,0,0,0,0,Yes,Full Bar,,Yes,,,No,Private Lot,,Yes,Yes,Yes,No,,Casual,Casual,Average,
32VKRJRFgVTI9w2AhY_grA,Moctezuma’s Mexican Restaurant & Tequila Bar,"Bars,Mexican",$11-30,$11-30,,99,97,127,259,532,Yes,Full Bar,,Yes,,,Yes,Garage,,Yes,Yes,Yes,Free,,Casual,Casual,Loud,
FQw3ceM9OwCHv47MpZufHA,BJ’s Restaurant & Brewhouse,"American (New),Breweries,Pizza",$11-30,$11-30,,0,0,0,0,0,Yes,Full Bar,,No,,,Yes,,,Yes,Yes,Yes,Free,,Casual,Casual,Average,
UGUUPV-SPp5Wj92gTsqfhA,JOEY Southcenter,"American (New),Lounges,Steakhouses",$11-30,$11-30,,100,75,135,181,241,Yes,Full Bar,,No,,,Yes,"Valet, Garage, Private Lot",,Yes,Yes,,Free,,Trendy,Casual,Average,
GLJEfpY38xgLjw2e7a9mJw,Apogee Pub & Eatery,"American (Traditional),Pubs",$11-30,$11-30,,0,0,0,0,0,Yes,Full Bar,,Yes,,,No,Private Lot,,Yes,No,,Free,,Casual,Casual,Average,
aWt7HEBCyhrKQCeC8BPAjw,Duke’s Seafood & Chowder,"Seafood,Bars",$11-30,$11-30,,0,0,0,0,0,Yes,Full Bar,,No,,,Yes,Private Lot,,Yes,Yes,,Free,,Casual,Casual,Average,
jumkhxyW9r1QimpwlG8f_w,13 Coins Restaurant,"Bars,Breakfast & Brunch,American (Traditional)",$11-30,$11-30,,190,147,189,293,341,Yes,Full Bar,,No,,Yes,No,Private Lot,,Yes,Yes,Yes,Free,,Classy,Casual,Average,
DC1S5q5uHmRnHNMOtgGUYA,via Marina Wood Fired Pizza & Italian Cafe,"Pizza,Italian,Bars",$11-30,$11-30,,0,0,0,0,0,Yes,Full Bar,,No,,,Yes,Private Lot,,Yes,Yes,Yes,No,,Casual,Casual,Average,
9QdPuTSnoCvfoScXh4cfoA,Athens Pizza & Pasta,"Pizza,Italian,Greek",$11-30,$11-30,,11,9,11,11,19,Yes,Beer & Wine Only,,Yes,,,No,Private Lot,,Yes,No,,No,,Casual,Casual,Average,
QKIH0ALmEGsRuFRDRRn9oQ,Wally’s Chowder House & Broiler,"Seafood,Fish & Chips",$11-30,$11-30,,0,0,0,0,0,Yes,Full Bar,,No,,No,Yes,Private Lot,,Yes,No,,No,,Casual,Casual,Average,
l8OHkAB0VNur-QWZ80FAgg,Dungeness Bay Seafood House,"Seafood,Bars,Sandwiches",$11-30,$11-30,,0,0,0,0,0,Yes,Full Bar,,No,,,No,,,Yes,No,,Free,,Casual,,Average,
hGrPgxgVl0goH6aOzJ9h7A,Buffalo Wild Wings,"Chicken Wings,American (Traditional),Sports Bars",$11-30,$11-30,,288,115,80,66,55,Yes,Full Bar,,Yes,,No,No,Private Lot,,Yes,No,,Free,,Casual,,Loud,
Ivy6kq6Tv2ztNZIp4aLLmA,Spencer’s for Steaks and Chops,Steakhouses,$31-60,$31-60,,0,0,0,0,0,Yes,Full Bar,,No,,,No,,,Yes,Yes,,Free,,,Casual,Average,
_QyTjZdBMMhjpVRXYLNllg,Galliano’s Cucina,Italian,$11-30,$11-30,,14,8,16,29,71,Yes,Beer & Wine Only,,Yes,,,No,Private Lot,,Yes,Yes,,Free,,Casual,Casual,Quiet,
0kDRKVk2iJ9pgXRSw3g8zQ,Vintage Washington Wine Bar,"Wine Bars,American (Traditional)",$11-30,$11-30,,31,12,8,10,4,Yes,Beer & Wine Only,,No,,,No,Garage,,No,No,,Free,,Touristy,Casual,Average,
Qb96SguwIDqRqSBcKHVBsQ,Anthony’s Restaurant,"Seafood,Fish & Chips",$11-30,$11-30,,166,118,197,331,150,Yes,Full Bar,,No,,,No,,,Yes,No,Yes,Free,,Casual,Casual,Average,
4S3HAyhNnffg1PGM2jwr6g,Pallino,"Italian,Pizza,Sandwiches",$11-30,$11-30,,0,0,0,0,0,Yes,No,,Yes,,,No,"Garage, Private Lot",,Yes,No,,Free,,Casual,,Loud,
JbjX2JLvMlZLfbTzHxBK9g,Alaska Lodge,"Sports Bars,American (New),Vegetarian",$11-30,$11-30,,0,0,0,0,0,Yes,Full Bar,,No,,,No,,,Yes,No,,No,,Casual,Casual,Average,
szP7qE5LBQLbd9Kx7qPRJg,The Lemongrass,"Vietnamese,Noodles,Seafood",$11-30,$11-30,,40,28,44,51,46,Yes,Full Bar,,No,,,No,Private Lot,,Yes,Yes,,Free,,Casual,Casual,Average,
NRYEiz_iCGl6_4rYpyBmew,Wolfgang Puck Gourmet Express,"Pizza,Sandwiches,American (New)",$11-30,$11-30,,0,0,0,0,0,Yes,Full Bar,,No,,,No,,,Yes,No,,Free,,Casual,,Average,
LyrC7SNMvq07iJiGvwX6Aw,Seattle Seahawks 12 Club,"Sports Bars,American (Traditional)",$11-30,$11-30,,110,50,40,15,6,Yes,Full Bar,,No,,,No,,,Yes,No,,Free,,Touristy,Casual,Average,
ew2Kd4cJ7TEOlwK3vwuW0Q,Gyros House Mediterranean Cuisine,"Mediterranean,Greek",Under $10,Under $10,,0,0,0,0,0,Yes,No,,Yes,,No,Yes,Private Lot,,Yes,No,Yes,Free,,Casual,Casual,Average,
Gz2yPmWFI6wFRnbVtB2LlQ,Salty’s at Redondo Beach,"Seafood,Steakhouses",$31-60,$31-60,,66,74,87,133,138,Yes,Full Bar,,Yes,,,Yes,Private Lot,,Yes,Yes,,Free,,Casual,Casual,Average,
flEXt6hA1VVMcxDCulhWpw,The Quarters,"Southern,American (New),Soul Food",$11-30,$11-30,,48,29,26,60,321,Yes,Full Bar,,Yes,,,No,Street,,Yes,Yes,,No,,Casual,Casual,Average,
iCvPIKn8Gm716UDn3iPNtA,Melrose Grill,Steakhouses,$31-60,$31-60,,0,0,0,0,0,Yes,Full Bar,,No,,No,No,"Street, Private Lot",,Yes,Yes,,No,,Casual,Casual,Average,
JzGaXaaQZPXK_x9WXDDcsw,Dave & Buster’s,"American (Traditional),Arcades,Bars",$11-30,$11-30,,0,0,0,0,0,Yes,Full Bar,,Yes,,,No,,,Yes,No,,Free,,Casual,Casual,,
oRhZlMjNBD0GPnR5a7hBsQ,Crazy Pho Cajun,"Vietnamese,Cajun/Creole,Asian Fusion",Under $10,Under $10,,0,0,0,0,0,Yes,Beer & Wine Only,,Yes,,,No,Private Lot,,Yes,No,,Free,,Casual,Casual,Average,
aCcbphL6dRHOYGpgxVxlEg,Buffalo Wild Wings,"Chicken Wings,American (Traditional),Sports Bars",$11-30,$11-30,,0,0,0,0,0,Yes,Full Bar,,No,,,No,Private Lot,,Yes,No,,Free,,Casual,,Loud,
_deWPcuQ1JlJGvkvJrIXHg,Applebee’s Grill + Bar,"American (Traditional),Sports Bars,Burgers",$11-30,$11-30,,0,0,0,0,0,Yes,Full Bar,,No,,,No,Private Lot,,Yes,No,,Free,,Casual,Casual,Average,
24meUwpFV0R5gwxhFKkKXQ,Tokyo Japanese Steak House,"Steakhouses,Sushi Bars,Teppanyaki",$11-30,$11-30,,52,37,41,76,85,Yes,Full Bar,,No,,,No,Private Lot,,Yes,Yes,Yes,Free,,Casual,Casual,Loud,
K4L7keIAXIO-wNNJM3coIA,Angelo’s Pizza & Pasta House,"Pizza,Italian,Sandwiches",$11-30,$11-30,,8,6,13,30,69,Yes,Beer & Wine Only,,No,,,No,Private Lot,,Yes,No,Yes,No,,Casual,,Average,
cjrSEaVGsIfL0TVUtYLTNQ,"B S B - Burger, Spirits, Beer","Burgers,Live/Raw Food,Sports Bars",$11-30,$11-30,,3,1,6,9,9,Yes,Full Bar,,No,,,No,"Valet, Garage, Private Lot",,Yes,No,,Free,,Casual,Casual,Loud,
c8rBVjwFJmRBHyYHT_UNhw,Coyaba Grill,American (New),$11-30,$11-30,,9,7,7,8,11,Yes,Full Bar,,No,,,No,"Valet, Garage, Private Lot",,Yes,No,,Free,,Casual,Casual,Average,
7L6ym2A2fCfrWMCQ4vBsyg,WildFin American Grill,American (New),$11-30,$11-30,,0,0,0,0,0,Yes,Full Bar,,No,,,Yes,Street,,Yes,Yes,,Free,,Casual,Casual,Average,
kXq8fJVO94ApKakK-GlrJw,The Greek House,"Greek,Lounges",$11-30,$11-30,,0,0,0,0,0,Yes,Full Bar,,Yes,,,No,Private Lot,,Yes,Yes,,Free,,Casual,Casual,Average,
CQTpGFDDc7_0eNlSN9uf3w,909 Coffee & Wine,"Wine Bars,American (New)",$11-30,$11-30,,7,9,14,77,124,Yes,Full Bar,,Yes,,,Yes,Street,,Yes,Yes,,No,,Casual,Casual,Average,
XxYgUH6A71jd6isB7TtE4w,Mawadda Cafe,"Mediterranean,Middle Eastern,Greek",$11-30,$11-30,,0,0,0,0,0,Yes,No,,Yes,,No,No,Private Lot,,Yes,No,,No,,Casual,Casual,Quiet,
jfO171nEGKiBL4oNASjK5Q,Azafran Bistro,Mediterranean,$11-30,$11-30,,13,3,6,17,54,Yes,Beer & Wine Only,,Yes,,,No,Private Lot,,Yes,Yes,Yes,Free,,"Casual, Intimate",Casual,Quiet,
82eC8oiAyDH656f9Ke6eqQ,Pizzeria Pulcinella,"Pizza,Italian",$11-30,$11-30,,5,16,32,115,228,Yes,Beer & Wine Only,,No,,,Yes,"Street, Private Lot",,Yes,Yes,Yes,No,,"Casual, Intimate",Casual,Average,
MARpjcuJ3XgHPFH7ZdUz4w,The Stone House Café,"Breakfast & Brunch,Wine Bars,American (Traditional)",$11-30,$11-30,,50,53,44,65,91,Yes,Full Bar,,Yes,,No,Yes,"Street, Private Lot",,Yes,No,Yes,Free,,Casual,Casual,Average,
F_o6tbveRnSHNra3MMMoXg,Fish Basket,"Food Trucks,Seafood,Fish & Chips",$11-30,$11-30,,4,5,3,18,51,Yes,No,,Yes,,,No,Private Lot,,Yes,No,,No,,Casual,Casual,Average,
u4lNLYSrMWGJhFLoKwsBzw,Hong Kong Seafood Restaurant,"Seafood,Dim Sum,Cantonese",$11-30,$11-30,,28,25,28,65,56,Yes,Beer & Wine Only,,Yes,,,No,Private Lot,,Yes,Yes,,No,,Casual,Casual,Average,
x_Sy4mmXC9aoo1B8fTQ5uA,The Calcutta Grill,"American (New),Pubs",$11-30,$11-30,,0,0,0,0,0,Yes,Full Bar,,Yes,,,Yes,Private Lot,,Yes,Yes,,Free,,Classy,Casual,Average,
kOjruVktEQ1Dz48l69fURg,Raconteur,"Coffee & Tea,Pubs,American (Traditional)",$11-30,$11-30,,25,22,26,35,49,Yes,Full Bar,,No,,,Yes,"Street, Private Lot",,Yes,No,,Free,,Casual,Casual,Average,
KMrr9hYyrK3J_V8lmeLQvA,La Medusa,Italian,$31-60,$31-60,,12,18,21,82,67,Yes,Full Bar,,No,,,No,Street,,No,Yes,,No,,,Casual,Average,
qJjodNeWFLxr2r40u2pqyw,Stellar Pizza & Ale,"Pizza,Bars,Italian",$11-30,$11-30,,28,31,50,136,128,Yes,Full Bar,,No,,,Yes,"Street, Private Lot",,Yes,Yes,,Free,,"Hipster, Casual",Casual,Average,Juke Box
jlBTz_o2DcLRjm9dZJrV7A,Tantalus Restaurant,"Greek,Mediterranean,Soup",$11-30,$11-30,,0,0,0,0,0,Yes,Beer & Wine Only,,,,,Yes,Private Lot,,Yes,Yes,,Free,,Casual,Casual,Quiet,
Tapy0VAUh1lJZA4_fB9zJg,Nicolino Ristorante Italiano,"Italian,Wine Bars",$11-30,$11-30,,11,13,19,27,46,Yes,Full Bar,,,,,Yes,Private Lot,,Yes,No,,No,,Intimate,Casual,Average,
38_DxYPSmxHvbvuDubkMXA,Flat Iron Grill,"Steakhouses,Seafood,Bars",$31-60,$31-60,,0,0,0,0,0,Yes,Full Bar,,No,,,Yes,Private Lot,,No,Yes,,Free,,,Casual,Average,
TGqeG_HnI5UheoZ1eVDFWQ,Beveridge Place Pub,Pubs,Moderate,Moderate,,11,7,18,95,190,Yes,Beer & Wine Only,,,,,Yes,Street,,,No,,Free,,Casual,,Average,
oRhY8XzVV0yjs75GMRJcXw,Bang Bar Thai Restaurant,"Thai,Lounges",$11-30,$11-30,,0,0,0,0,0,Yes,Full Bar,,No,,,No,Street,,Yes,Yes,,No,,Trendy,Casual,Average,
bibwEKWWSyB422Ap-t7Sdw,Alchemy,"Cocktail Bars,American (New),Lounges",$11-30,$11-30,,14,17,18,30,76,Yes,Full Bar,,Yes,,No,No,"Garage, Street",,Yes,Yes,Yes,Free,,"Trendy, Romantic",Casual,Average,
LaF6ZwGWP-y8pAs5M3LUBQ,Jak’s Grill,"American (Traditional),Steakhouses",$31-60,$31-60,,0,0,0,0,0,Yes,Full Bar,,No,,,No,Street,,Yes,No,Yes,Free,,,Casual,Average,
BeGo3TSuhF7fOv0dzp0s1g,Pizzeria Credo,"Pizza,Italian",$11-30,$11-30,,0,0,0,0,0,Yes,Full Bar,,Yes,,,No,Street,,Yes,Yes,,Free,,Casual,Casual,Average,
8S-qxX9ueCDR-dfeMfRQSw,Kazan Restaurant,"Turkish,Mediterranean",$11-30,$11-30,,0,0,0,0,0,Yes,Full Bar,,Yes,,,Yes,Private Lot,,Yes,Yes,,Free,,Casual,Casual,Average,
s8wKMExrpD7qbnhpg6czCg,Capri Ristorante Italiano,Italian,$31-60,$31-60,,0,0,0,0,0,Yes,Full Bar,,No,,,No,Private Lot,,Yes,Yes,,No,,Classy,Casual,Quiet,
aP8uA6LkzBc4q2R0RBRTtA,Yayla Bistro,"Mediterranean,Turkish,Greek",$11-30,$11-30,,0,0,0,0,0,Yes,Full Bar,,Yes,,,Yes,"Garage, Street",,Yes,Yes,Yes,Free,,Casual,Casual,Average,
zQkjrMIIZB6DQa_pK-bhSQ,Chasin’ Tails,"Cajun/Creole,Seafood,Bars",$11-30,$11-30,,55,85,186,499,694,Yes,Full Bar,,Yes,,No,Yes,"Garage, Street, Private Lot",,Yes,Yes,Yes,No,,Casual,Casual,Average,
L1RVFitfGswV0dUneVCt9g,Roslyn Mexican Grill,"Mexican,Bars",$11-30,$11-30,,4,3,9,21,63,Yes,Full Bar,,Yes,,,Yes,,,Yes,Yes,,No,,,Casual,,
