yelp_id,atm,bank,bar,beauty_salon,book_store,bus_station,cafe,gas_station,gym,movie_theater,museum,school,shopping_mall,subway_station,supermarket,train_station
#NAME?,48.0,11.0,99.0,40.0,13.0,56.0,80.0,4.0,16.0,2.0,10.0,35.0,12.0,,3.0,1.0
-3vWq_Ei0K52mywpiXdnag,6.0,,1.0,5.0,2.0,13.0,6.0,3.0,1.0,,,5.0,,,,
-4wz0dOG3RdBNYE02l9KjA,16.0,4.0,10.0,25.0,,21.0,14.0,2.0,2.0,1.0,1.0,10.0,,,1.0,
0LVKwqqzwiUnGtKFo7f6AA,20.0,6.0,50.0,12.0,5.0,22.0,49.0,2.0,12.0,3.0,7.0,19.0,3.0,,1.0,
0PLv5h5eRTG6fuWLpUmf4A,22.0,4.0,37.0,60.0,2.0,29.0,13.0,2.0,25.0,,1.0,13.0,2.0,,,
0Sh-XNVgGDRwiN4K3UEQJA,20.0,13.0,13.0,12.0,,45.0,18.0,,6.0,,3.0,17.0,1.0,,1.0,
0YPcBWiU-8t2kGe-DOhW5g,34.0,5.0,42.0,21.0,5.0,37.0,30.0,3.0,13.0,6.0,1.0,32.0,2.0,,,
0cqa2F_cfIjxAC3nqw__1w,12.0,7.0,22.0,2.0,1.0,17.0,36.0,,13.0,1.0,,9.0,2.0,,1.0,
0kDRKVk2iJ9pgXRSw3g8zQ,10.0,1.0,12.0,,4.0,5.0,6.0,,,,,,,,,
0zOQ6gbOERAi-FoeM4fAig,,,,,,13.0,,,1.0,,1.0,,,,,
11uZOhVKA6ugpqHtMcrqHA,9.0,2.0,5.0,6.0,1.0,4.0,4.0,2.0,5.0,1.0,1.0,2.0,,,,
13mL2ubsel9-BB4oxa6MBw,60.0,60.0,60.0,60.0,9.0,50.0,60.0,,44.0,2.0,16.0,56.0,21.0,1.0,,
14OmmSWHfM717iZo5jePtg,38.0,7.0,46.0,55.0,3.0,60.0,29.0,2.0,14.0,1.0,3.0,23.0,2.0,,2.0,
17EshTjFVV-zvkx2VoQCkA,7.0,4.0,24.0,12.0,2.0,17.0,8.0,1.0,12.0,,2.0,8.0,,,,
1KbZaqEdZkn6LHlA55M64g,8.0,2.0,3.0,11.0,2.0,32.0,7.0,1.0,2.0,,,14.0,,,,
1QPm2ieWgOjQUZGmFTbxjA,1.0,,,1.0,,6.0,2.0,2.0,1.0,,,2.0,,,,
1T4v3kD1WzonYPf7izSP9Q,31.0,4.0,60.0,28.0,11.0,19.0,60.0,1.0,5.0,1.0,3.0,9.0,10.0,,3.0,
1hkvOkD9MZINKlDzIweByw,60.0,28.0,60.0,60.0,9.0,53.0,44.0,,10.0,2.0,7.0,25.0,2.0,,8.0,
1nnWECqcCS4T19Pr-nx-dQ,6.0,,13.0,12.0,2.0,8.0,4.0,1.0,2.0,,,3.0,1.0,,,
1nzk92bfVUq-NSNsilrmQQ,60.0,39.0,60.0,60.0,12.0,60.0,60.0,,30.0,4.0,12.0,39.0,12.0,1.0,2.0,
1pt2rJJrCxVs5YbWiAqMxQ,6.0,4.0,4.0,24.0,2.0,16.0,8.0,,8.0,1.0,1.0,13.0,2.0,,1.0,
1toCkhuD0b57iFotMu3XEQ,12.0,,9.0,10.0,,28.0,6.0,3.0,5.0,,1.0,18.0,,,1.0,
1xs89kzJ2F6iDzRyYcRLCQ,26.0,9.0,19.0,40.0,4.0,32.0,17.0,2.0,3.0,,2.0,20.0,1.0,,2.0,
1xvpFG2vz5zKpbCS6lwFlQ,2.0,2.0,3.0,11.0,,10.0,6.0,,1.0,,,6.0,1.0,,,
1yBl7rAXsGRKyv9XYUOKng,53.0,32.0,60.0,33.0,16.0,37.0,60.0,1.0,6.0,,9.0,17.0,13.0,,3.0,1.0
29ys00My-dBVpBDIO58ifw,29.0,6.0,40.0,60.0,4.0,54.0,16.0,,12.0,,4.0,18.0,2.0,,1.0,
2DihFta_jZB8aAiL_zjp9A,15.0,9.0,10.0,8.0,,25.0,14.0,,6.0,,3.0,13.0,,,1.0,
2FR395iJImCphQNGWubUtw,8.0,2.0,2.0,15.0,,9.0,8.0,1.0,4.0,,,17.0,,,2.0,
2FS5eBVcFJ_W461ylUs38Q,,,2.0,,,8.0,,1.0,,,,1.0,,,,
2aILYZOWPxdlfqydJaYz_w,22.0,7.0,60.0,44.0,4.0,24.0,38.0,,14.0,2.0,3.0,14.0,,,,
2fHBHPsyHljC9xj6f4Mfgg,6.0,2.0,8.0,14.0,1.0,24.0,14.0,1.0,10.0,,1.0,4.0,1.0,,1.0,
2rthL8lxThA-k1hnpB9utw,19.0,9.0,14.0,22.0,1.0,26.0,24.0,2.0,9.0,2.0,8.0,7.0,,,,
2tfcE_K3E1Az-M9fKzdh2Q,1.0,,1.0,,,1.0,1.0,,,,,,,,,
2vlDWJxhWsESJQVSaghAeA,25.0,6.0,56.0,30.0,5.0,23.0,28.0,8.0,30.0,1.0,4.0,24.0,,1.0,,
32VKRJRFgVTI9w2AhY_grA,16.0,4.0,10.0,25.0,4.0,9.0,17.0,2.0,2.0,2.0,,2.0,10.0,,1.0,
353bun0151fMbR3ut2d-nw,21.0,5.0,34.0,21.0,8.0,27.0,32.0,,14.0,5.0,2.0,33.0,9.0,,,
35QF3fJzGIwFfEpSFrB_fw,7.0,,1.0,5.0,2.0,14.0,6.0,4.0,1.0,,,6.0,,,,
39DgSNLIaRSxZJGAl-nmGw,60.0,60.0,60.0,60.0,12.0,60.0,60.0,,46.0,1.0,13.0,58.0,14.0,1.0,1.0,
3AC3j3K25rdYLDe3D2Ld4w,60.0,60.0,60.0,60.0,10.0,60.0,60.0,,44.0,2.0,16.0,52.0,17.0,1.0,,
3F5WWcqqboa-NHbYFs4LAw,20.0,8.0,38.0,12.0,9.0,26.0,31.0,2.0,9.0,,7.0,6.0,2.0,,1.0,1.0
3JkpYFDWASF7xTC10QpsYw,4.0,2.0,9.0,14.0,3.0,6.0,6.0,,2.0,,,7.0,,,,
3LJ62y8ZECbs0Y3O80xR9Q,16.0,6.0,38.0,14.0,9.0,25.0,29.0,,9.0,,7.0,6.0,,,1.0,1.0
3RJUL5DfLbd0NkPauggmbg,35.0,2.0,18.0,4.0,,14.0,24.0,2.0,4.0,,9.0,3.0,6.0,,1.0,
3bxO8T8U96uKu2numljjsw,15.0,6.0,11.0,24.0,4.0,28.0,19.0,1.0,11.0,,5.0,13.0,1.0,,,
3d9fGSDpuNQl7XI7zmmzmg,10.0,4.0,1.0,10.0,1.0,22.0,10.0,,5.0,1.0,1.0,9.0,4.0,,1.0,
3deuAFITbQWjBd5JOfMJkw,19.0,8.0,9.0,30.0,1.0,20.0,14.0,,5.0,,,6.0,,,1.0,
3f3mowACWFovTKv0YlcMgQ,5.0,,3.0,3.0,,13.0,9.0,,5.0,,3.0,6.0,,,,
3smNIoQZ7wc-_rgcNBHy4A,60.0,31.0,60.0,60.0,9.0,47.0,60.0,,30.0,8.0,12.0,38.0,28.0,2.0,3.0,
43Ca7h2QxO6so8IvRk91FQ,25.0,7.0,49.0,18.0,3.0,21.0,26.0,8.0,22.0,1.0,3.0,24.0,,1.0,,
458NXhlB0ZtEaJUPI3PPcA,40.0,22.0,55.0,60.0,4.0,32.0,46.0,,14.0,,15.0,29.0,5.0,,5.0,
468XL3k_1QUQNYpWEV_EVg,10.0,,39.0,9.0,1.0,17.0,17.0,2.0,7.0,1.0,6.0,22.0,,,,
4Hx5TQ3tQ47LPeRJZnfi5g,12.0,8.0,4.0,12.0,1.0,12.0,5.0,1.0,5.0,,,7.0,,,,
4PPbzm5zh8li_R6gKifmQg,60.0,35.0,60.0,60.0,10.0,55.0,59.0,,15.0,2.0,10.0,35.0,4.0,,8.0,
4S3HAyhNnffg1PGM2jwr6g,6.0,1.0,11.0,,2.0,5.0,14.0,,,,,,,,,
4_hIVof0Q8dfUBwlREOEGg,60.0,32.0,60.0,60.0,11.0,49.0,60.0,,29.0,6.0,12.0,38.0,22.0,1.0,2.0,
4a-QEKB1T_f5ScSx3muxLA,10.0,3.0,10.0,9.0,2.0,20.0,9.0,,3.0,,,12.0,,,,
4qm1k0WytiIJZ3WO4lyPMQ,38.0,21.0,46.0,60.0,4.0,34.0,41.0,,15.0,,12.0,27.0,3.0,,5.0,
4raSXRuvBH1CHawSsuJiBA,60.0,13.0,60.0,60.0,4.0,41.0,60.0,,23.0,1.0,11.0,26.0,21.0,1.0,2.0,
4ta8miJkO0e6Qa9rGnC0iQ,14.0,12.0,47.0,26.0,7.0,9.0,22.0,1.0,12.0,1.0,1.0,7.0,2.0,,,
4uwaE0ZUetn96x7iqOo4hw,10.0,3.0,3.0,11.0,,14.0,2.0,2.0,,,,2.0,,,,
527usXXrlHi46bs54IFRTQ,14.0,6.0,11.0,24.0,3.0,33.0,20.0,1.0,11.0,,2.0,19.0,,,,
52dNr0tRrwpmumm8Ey5EDg,2.0,,4.0,3.0,,9.0,7.0,,4.0,,,5.0,1.0,,,
54xrIOMoQi7hQiqz5T2WOQ,7.0,,1.0,5.0,2.0,14.0,6.0,4.0,1.0,,,6.0,,,,
5FQJ09EWt_Esf_GkCBEMlw,24.0,8.0,15.0,35.0,3.0,34.0,16.0,2.0,5.0,,2.0,20.0,2.0,,2.0,
5K6QqbUEudvCO0HyRqAJ4g,37.0,11.0,41.0,31.0,3.0,47.0,27.0,,6.0,,4.0,19.0,1.0,,2.0,
5YBPO55cdj8lPRV29PTwMg,1.0,2.0,7.0,6.0,,8.0,7.0,,7.0,,,13.0,,,,
5ZpwZiSh2jVSjyO54LsMiw,27.0,4.0,38.0,11.0,6.0,51.0,35.0,,5.0,3.0,4.0,32.0,5.0,1.0,4.0,
5oGqBLSt3m8ijsDFsFBrtw,60.0,50.0,60.0,48.0,17.0,50.0,60.0,1.0,11.0,4.0,8.0,24.0,15.0,,3.0,1.0
5r1Ba_v-KvyYXAuGob6QIw,8.0,,10.0,,,6.0,12.0,,,,1.0,3.0,3.0,,,
5skfzOnBN5ijni-ZcFpr3w,15.0,22.0,13.0,33.0,1.0,16.0,17.0,,10.0,1.0,,10.0,5.0,,,
5tmp6OoIzM6af3717J3tFQ,35.0,2.0,18.0,4.0,,14.0,23.0,2.0,4.0,,10.0,3.0,6.0,,1.0,
5wmrWv9RTUlsim4c02lz2w,24.0,20.0,27.0,11.0,4.0,25.0,40.0,,10.0,1.0,3.0,11.0,5.0,2.0,2.0,
5xp-qHGhzEzXevsSzYrwkg,25.0,6.0,43.0,60.0,3.0,32.0,14.0,2.0,25.0,2.0,,10.0,2.0,,1.0,
66khyY7kxNKiW6x7anZj9g,55.0,18.0,58.0,39.0,5.0,56.0,30.0,,7.0,1.0,6.0,19.0,2.0,,7.0,
67QmiVYdCbG4PRmF61A5bw,37.0,18.0,45.0,28.0,8.0,49.0,56.0,,10.0,1.0,7.0,9.0,3.0,,,1.0
6I28wDuMBR5WLMqfKxaoeg,46.0,21.0,60.0,31.0,16.0,31.0,60.0,1.0,6.0,,6.0,15.0,12.0,,3.0,1.0
6OVriioGG7w7Nwq5Q25WtA,11.0,5.0,13.0,4.0,6.0,29.0,24.0,2.0,2.0,2.0,2.0,12.0,,,,
6RD33qPwBS6j3ggo84J4iA,21.0,5.0,47.0,36.0,5.0,13.0,21.0,3.0,26.0,3.0,4.0,26.0,,,,
6Wzy5p_0lLajjMhDIs0i1g,60.0,38.0,60.0,60.0,10.0,60.0,60.0,,27.0,4.0,12.0,39.0,9.0,1.0,1.0,
6ZNlnA733Rv0I9Mq5_yO0A,14.0,1.0,22.0,37.0,1.0,43.0,17.0,,6.0,,4.0,14.0,1.0,,1.0,
6e7gMgVJRQ5rtkIbTF6TLQ,33.0,11.0,40.0,35.0,3.0,43.0,27.0,,7.0,,5.0,17.0,1.0,,2.0,
6eOJHfIIIP_t850DlppSeQ,13.0,9.0,11.0,12.0,2.0,28.0,17.0,2.0,,2.0,5.0,12.0,5.0,,1.0,
6h7YCp2KLfbu3tbRmNSb-g,28.0,1.0,17.0,3.0,,13.0,26.0,2.0,2.0,,12.0,5.0,6.0,,,
6ibx5qR8YJ_AUpKUAVc1pw,9.0,4.0,11.0,6.0,,9.0,13.0,,2.0,,6.0,6.0,,,,
6wrvQqQwkeQnokD7kPX-rQ,34.0,29.0,31.0,35.0,2.0,15.0,33.0,,14.0,2.0,2.0,8.0,13.0,,,
6zXVo_uK_GVqN3Z0t5KFHQ,14.0,3.0,14.0,17.0,2.0,29.0,13.0,3.0,8.0,,2.0,16.0,,,1.0,
767TjbLP3pzVaqD9mZMmyg,26.0,13.0,60.0,43.0,3.0,34.0,55.0,2.0,18.0,4.0,3.0,17.0,9.0,,1.0,1.0
7E4oGj36ctPi58hm9-PYHw,5.0,1.0,10.0,18.0,1.0,21.0,9.0,,12.0,1.0,1.0,24.0,,,,
7L6ym2A2fCfrWMCQ4vBsyg,2.0,3.0,3.0,5.0,,6.0,4.0,,1.0,1.0,,1.0,2.0,,,
7Q3QIZz5UX-JSTSKKkRqDg,8.0,5.0,9.0,6.0,,17.0,10.0,,4.0,,2.0,12.0,,,1.0,
7fboySu1um-S18UGOBdWhg,11.0,5.0,1.0,14.0,1.0,15.0,3.0,,6.0,,,10.0,,,1.0,
7iuGZ73QExZmZuzH9pgiJg,60.0,13.0,60.0,60.0,6.0,52.0,60.0,,17.0,7.0,10.0,34.0,27.0,1.0,3.0,
7oA1-P6GZ1jwFIe0YejLXA,4.0,1.0,9.0,8.0,1.0,21.0,6.0,,10.0,1.0,1.0,22.0,,,,
7yaKDpGJ0MVm7rSDUpJtvg,12.0,2.0,21.0,11.0,1.0,26.0,10.0,4.0,6.0,,3.0,21.0,1.0,,3.0,
82eC8oiAyDH656f9Ke6eqQ,,,,,,2.0,,,1.0,,1.0,,,,,
83lEHBx7nSKvdLz_P5xbMw,36.0,7.0,44.0,29.0,4.0,34.0,28.0,2.0,14.0,4.0,1.0,26.0,1.0,,1.0,
8BXl9GbOS9SYVAKBz_oY7w,10.0,4.0,3.0,7.0,1.0,8.0,6.0,3.0,2.0,,1.0,5.0,,,,
8FEy6ZgLlP9RlE_C_6KpKw,18.0,1.0,18.0,18.0,2.0,30.0,12.0,,12.0,,,15.0,,,1.0,
8Jos9nqlts6DX6o2zKDAzA,9.0,1.0,20.0,14.0,3.0,17.0,12.0,1.0,15.0,1.0,1.0,24.0,3.0,,2.0,
8NTW-bp5prQmhKEI5f4qxw,23.0,5.0,34.0,20.0,7.0,27.0,32.0,1.0,14.0,5.0,3.0,35.0,9.0,,,
8PrxY4gpVKUqYiA7oK5UNg,13.0,8.0,2.0,11.0,,13.0,4.0,2.0,2.0,,,2.0,2.0,,1.0,
8UZ5bLwZMoO6R8kI51C0Aw,1.0,1.0,,1.0,,16.0,,,,,,3.0,1.0,,1.0,
8bJr4G9QtbJ_tmEbVX6X4A,60.0,59.0,44.0,29.0,5.0,60.0,60.0,,19.0,,5.0,29.0,6.0,3.0,2.0,
8bySDwY9OU-DWaZebUR7vg,21.0,1.0,24.0,9.0,1.0,27.0,12.0,3.0,7.0,,1.0,29.0,,,2.0,
8dUaybEPHsZMgr1iKgqgMQ,60.0,23.0,60.0,46.0,7.0,58.0,33.0,,7.0,2.0,5.0,19.0,2.0,,7.0,
8iCT68sz4XDUdf_xY3s5kQ,15.0,5.0,30.0,6.0,,11.0,15.0,1.0,15.0,,4.0,5.0,2.0,,,
8oAsGZNNLvIW3CvLcFUPMw,9.0,1.0,8.0,13.0,2.0,31.0,8.0,,1.0,,,15.0,,,1.0,
8sZ27zjv8tYxEmx_0dngrA,13.0,9.0,20.0,10.0,3.0,20.0,15.0,1.0,8.0,,,14.0,2.0,,2.0,
8skVQNkVBv90iiPtFeSpzw,18.0,2.0,39.0,16.0,5.0,24.0,31.0,3.0,6.0,5.0,6.0,19.0,6.0,,1.0,
8zVnG-g4dRNQtheaTv6t1Q,60.0,60.0,60.0,60.0,10.0,60.0,60.0,,18.0,2.0,17.0,41.0,4.0,,8.0,
8zXqGH5xnASU_5UBrwe_XA,5.0,,12.0,13.0,2.0,6.0,3.0,1.0,2.0,,,3.0,1.0,,,
9-TPmOn6AbW2fLMiugQCiA,32.0,4.0,60.0,60.0,2.0,43.0,29.0,,12.0,,6.0,14.0,2.0,,1.0,
9GDwCGORwtpgiQJs3K72JA,60.0,60.0,60.0,60.0,12.0,60.0,60.0,,45.0,1.0,14.0,53.0,16.0,1.0,,
9GzjKeifGJ6KzWkaPftYHg,57.0,44.0,39.0,37.0,4.0,60.0,57.0,2.0,10.0,3.0,3.0,21.0,12.0,,2.0,1.0
9OXEAAPONxcA2PQO75fnJQ,2.0,,30.0,7.0,1.0,8.0,12.0,,5.0,,1.0,4.0,1.0,,1.0,
9OlCkeK4TpBbQ76VPDOdYw,57.0,33.0,60.0,33.0,16.0,36.0,60.0,1.0,6.0,,8.0,16.0,13.0,,3.0,1.0
9QdPuTSnoCvfoScXh4cfoA,11.0,4.0,6.0,15.0,,11.0,5.0,3.0,6.0,,1.0,5.0,,,,
9RQ_BalRSyr928aobIN1CA,8.0,,10.0,,,6.0,11.0,,,,1.0,3.0,3.0,,,
9SgWJjnX4TeS14IH-vvf8Q,10.0,4.0,40.0,16.0,3.0,10.0,19.0,1.0,13.0,,2.0,6.0,,,,
9WLb59RD5E72AtWdmFZ6ww,1.0,1.0,1.0,8.0,,13.0,,,7.0,,1.0,11.0,,,,
9c0lSX6KTe88-ZLva1nu0w,47.0,23.0,60.0,27.0,15.0,31.0,60.0,1.0,6.0,,7.0,16.0,12.0,,3.0,
9yM20-7fj4LMrOO30nqkBw,15.0,4.0,23.0,21.0,3.0,36.0,10.0,2.0,11.0,,2.0,15.0,,,,
A6D6wG5y0sqpaqJjgc8QeQ,17.0,,33.0,2.0,,27.0,14.0,1.0,4.0,,1.0,16.0,1.0,,1.0,
A9QDUzIGMcybhLhtPDSN4A,24.0,9.0,13.0,30.0,1.0,16.0,15.0,1.0,5.0,1.0,,7.0,,,1.0,
A9dUrXhVZOxt3Hy2S5jVuQ,,,5.0,3.0,,16.0,4.0,,,,2.0,3.0,,,,
AMq83V59tV7oi-3_PI7iyA,4.0,2.0,8.0,14.0,3.0,6.0,5.0,,2.0,,,7.0,,,,
ANRznMzskndUpHA93KdEbA,22.0,5.0,60.0,25.0,5.0,32.0,30.0,3.0,16.0,2.0,1.0,25.0,1.0,,,
ASRswba4TekZnxzar15qqg,13.0,5.0,9.0,21.0,1.0,12.0,4.0,4.0,,,,2.0,1.0,,,1.0
ASdrTo7aVTTKNjVvT1mBDg,60.0,36.0,60.0,27.0,15.0,37.0,60.0,1.0,5.0,,8.0,18.0,11.0,,3.0,
A_Qxu5oMm2FxS8jtkAnXWw,44.0,18.0,46.0,14.0,14.0,19.0,60.0,,5.0,,6.0,14.0,5.0,,3.0,
AoxdFkE06fQs_ZP0S0VRPw,60.0,57.0,60.0,60.0,9.0,43.0,60.0,,44.0,2.0,13.0,51.0,22.0,1.0,1.0,
ApVgEmaWz6kGUiOTSBdUmQ,1.0,,2.0,1.0,,1.0,,,,,,1.0,,,,
AuTzDSSgz6jPzR4Mh3hYtA,7.0,5.0,4.0,9.0,2.0,22.0,6.0,,3.0,1.0,,8.0,,,,
B9vODi2TxZqWCFciWoj2Dg,1.0,,5.0,5.0,1.0,15.0,3.0,2.0,5.0,1.0,,2.0,,,,
BFQiPm29_YiNZ-m0i2JQDQ,18.0,8.0,5.0,19.0,,16.0,2.0,3.0,,,,9.0,2.0,,,
BQhcvUAbrqzsLsew1STD-w,10.0,4.0,60.0,19.0,6.0,22.0,31.0,2.0,17.0,1.0,,22.0,,,1.0,
BW4jKEfpbBH7UYthXxETIQ,19.0,6.0,37.0,9.0,1.0,14.0,24.0,1.0,19.0,,4.0,6.0,2.0,,,1.0
BeGo3TSuhF7fOv0dzp0s1g,18.0,11.0,18.0,27.0,1.0,25.0,11.0,3.0,10.0,,,9.0,1.0,,1.0,
BjOCmgbagZLdUMB4g8x60g,12.0,9.0,7.0,23.0,2.0,7.0,10.0,2.0,7.0,,,7.0,2.0,,,
Bs-uBmaaGhr3XF6uFXfAFw,60.0,60.0,60.0,60.0,13.0,60.0,60.0,,38.0,2.0,13.0,54.0,11.0,,5.0,
BvOLqjt68GEJREOYQ_vdHw,13.0,3.0,44.0,14.0,,38.0,25.0,,13.0,1.0,,8.0,2.0,,,
CCc4UUI4wTwGJziBLtRb_w,1.0,,3.0,1.0,,1.0,,,,,,1.0,,,,
CO8A_4PzsVIlvj8z28pq0Q,5.0,,1.0,1.0,,4.0,2.0,4.0,1.0,,,,,,,
CP2uHH8PQ-Wg3i5C8-Lidg,8.0,3.0,9.0,6.0,3.0,33.0,10.0,,7.0,,1.0,19.0,1.0,,1.0,
CPmmUbXk9_CBM890V30zzw,7.0,4.0,24.0,12.0,2.0,19.0,8.0,1.0,15.0,,2.0,9.0,,,,
CQTpGFDDc7_0eNlSN9uf3w,10.0,3.0,11.0,22.0,1.0,11.0,10.0,1.0,4.0,,2.0,5.0,,,,
CS0pUlk25RV2-vhKFFbxqA,24.0,7.0,33.0,35.0,3.0,30.0,21.0,,9.0,2.0,1.0,10.0,4.0,,1.0,
CTKtRkISS8sF4Bd1UXyimw,60.0,60.0,60.0,60.0,10.0,56.0,60.0,,26.0,3.0,16.0,47.0,4.0,,8.0,
CUaAgMe1lEOmL74fRlz6Ag,12.0,2.0,2.0,14.0,1.0,11.0,6.0,6.0,1.0,,,1.0,1.0,,1.0,
ClL-QEflsWyrUA9ybj5vSg,26.0,6.0,43.0,60.0,3.0,33.0,13.0,1.0,21.0,2.0,,9.0,1.0,,1.0,
CmlE763fqFgkBq4FK2GWtg,30.0,10.0,60.0,24.0,6.0,32.0,38.0,1.0,22.0,2.0,1.0,27.0,2.0,,,
CtWyb9g7OL2FVbt6J4ucVw,42.0,14.0,60.0,36.0,12.0,29.0,60.0,1.0,7.0,1.0,6.0,14.0,11.0,,3.0,1.0
CvmIfaftFA4bp0HBnwQ_bw,60.0,60.0,60.0,60.0,10.0,60.0,60.0,,22.0,2.0,17.0,41.0,5.0,,8.0,
DC1S5q5uHmRnHNMOtgGUYA,5.0,2.0,6.0,12.0,,11.0,5.0,,2.0,,1.0,2.0,,,,
DL-2iaugPoULjvZ6pyNRAQ,19.0,6.0,25.0,25.0,1.0,32.0,8.0,2.0,14.0,2.0,1.0,9.0,1.0,,1.0,
DeGdhZKXoTnyyFc8GC2BHg,10.0,5.0,9.0,12.0,,10.0,19.0,,7.0,,3.0,5.0,1.0,,2.0,
DlLsw9bJMJ-YdnrUp2G7mw,4.0,1.0,12.0,20.0,,24.0,8.0,,12.0,1.0,1.0,25.0,,,,
Du3-fALBKDhn0osed2kOpg,11.0,6.0,7.0,29.0,2.0,30.0,5.0,3.0,4.0,1.0,,7.0,,1.0,,
E0vBuWBK2JIqaj0q7HbxeA,6.0,,13.0,12.0,2.0,8.0,4.0,1.0,2.0,,,4.0,1.0,,,
E2Ri3Uudb3ogKfWBJIIhRw,22.0,8.0,11.0,30.0,1.0,13.0,13.0,,5.0,1.0,,9.0,,,1.0,
E5MdoCV6kahC6ZEjuamgzQ,15.0,6.0,11.0,24.0,4.0,27.0,18.0,1.0,11.0,,5.0,14.0,1.0,,,
EOM6CItD6sI5P3a-JV61_Q,36.0,1.0,26.0,4.0,,19.0,32.0,2.0,4.0,,8.0,4.0,7.0,,1.0,
ERQmO2w3OOsxw_GVkmuG3A,19.0,4.0,27.0,60.0,1.0,22.0,10.0,2.0,19.0,,2.0,8.0,2.0,,,
ElUusJtZDE4QL0cohv3-_w,60.0,49.0,60.0,43.0,16.0,54.0,60.0,1.0,10.0,3.0,7.0,24.0,15.0,,3.0,1.0
ElzS9k2liA5twi25T2XSXQ,60.0,57.0,44.0,44.0,8.0,60.0,60.0,,6.0,1.0,5.0,21.0,5.0,,3.0,
EmKWx4nSbaAT5EJ6cKvNwQ,7.0,4.0,3.0,15.0,1.0,32.0,3.0,,1.0,1.0,,1.0,3.0,,,
EqJ5oOcy6DWx9WSp1lqAQw,2.0,1.0,4.0,4.0,3.0,6.0,4.0,1.0,,,,1.0,2.0,,,
EztBa2wTrc8z3DAF0YhtpQ,20.0,6.0,30.0,27.0,1.0,34.0,8.0,2.0,15.0,2.0,,7.0,1.0,,1.0,
F6SOy6-3tP4i-ipACZUS0g,60.0,35.0,60.0,60.0,10.0,58.0,57.0,,12.0,2.0,11.0,36.0,4.0,,8.0,
FDgeKIP9MgosraUghJHYXg,17.0,11.0,7.0,11.0,,5.0,10.0,4.0,3.0,1.0,,5.0,2.0,,,
FDi2dELjM0T_Es8Ka-C6gQ,28.0,4.0,42.0,30.0,6.0,33.0,33.0,2.0,9.0,6.0,5.0,28.0,13.0,1.0,6.0,
FJlMfEtr7E-uTzUxspuzIg,16.0,7.0,12.0,10.0,5.0,30.0,22.0,2.0,10.0,5.0,1.0,18.0,1.0,,1.0,
FQw3ceM9OwCHv47MpZufHA,15.0,3.0,10.0,25.0,4.0,10.0,16.0,2.0,2.0,2.0,,2.0,10.0,,1.0,
FRpULkKmvD9caSKabQzq5w,20.0,3.0,27.0,60.0,2.0,21.0,10.0,2.0,21.0,,2.0,14.0,2.0,,,
FSQ2DDzFerLBt1QzNv7dKQ,9.0,3.0,7.0,20.0,1.0,31.0,13.0,3.0,8.0,1.0,1.0,15.0,2.0,,,
FWQCmFEe74oh7UmSHjZ1LQ,8.0,5.0,24.0,13.0,4.0,16.0,9.0,,12.0,,2.0,8.0,,,,
F_o6tbveRnSHNra3MMMoXg,3.0,2.0,1.0,7.0,,9.0,3.0,1.0,2.0,,,,1.0,,,
Fc3OLXzSqYp8cM5ixc7jug,22.0,7.0,33.0,26.0,4.0,38.0,17.0,2.0,11.0,1.0,3.0,14.0,1.0,,,
Fd2P_10fj7Kv8JdIa2oQgQ,60.0,56.0,34.0,37.0,6.0,60.0,60.0,1.0,4.0,1.0,5.0,21.0,4.0,,1.0,
FqYg7BcsryLFiUTknxpQpw,23.0,4.0,35.0,60.0,4.0,49.0,12.0,,14.0,,5.0,19.0,1.0,,,
FrHhYevaOhs40xpuOpQiHg,,1.0,2.0,2.0,1.0,13.0,,,,,1.0,6.0,,,,
G0-xZa1-eO6EW02gNDNQjA,14.0,6.0,1.0,6.0,,13.0,3.0,2.0,2.0,,,3.0,1.0,,,
G0rZd0e7KdgjL9tX0CqVug,44.0,18.0,60.0,26.0,15.0,30.0,60.0,1.0,5.0,,6.0,12.0,12.0,,3.0,1.0
GJ0eh6qBV0NjVwmPQUkHXQ,60.0,28.0,60.0,59.0,8.0,56.0,41.0,,9.0,2.0,5.0,22.0,2.0,,8.0,
GLJEfpY38xgLjw2e7a9mJw,10.0,4.0,2.0,11.0,,10.0,4.0,2.0,1.0,,,2.0,2.0,,,
GNjQKG-Satm0HjwpWXWoPQ,23.0,9.0,45.0,14.0,5.0,32.0,56.0,2.0,5.0,3.0,9.0,20.0,3.0,,1.0,
GNzoAOXPxP0UzW7fb51dNg,27.0,7.0,23.0,38.0,3.0,31.0,14.0,3.0,7.0,,,23.0,1.0,,2.0,
GPV8TmmrGoTvqE1MApDdQg,10.0,2.0,4.0,11.0,1.0,13.0,4.0,1.0,,1.0,,,7.0,1.0,1.0,
GjdLppkFQODOiV4DQZ5EyA,38.0,8.0,48.0,51.0,5.0,56.0,25.0,2.0,17.0,1.0,3.0,24.0,2.0,,2.0,
GoWeog3TbHM6SL9dL_AnTA,14.0,10.0,10.0,7.0,2.0,28.0,16.0,2.0,1.0,2.0,5.0,12.0,4.0,,1.0,1.0
Gq9hYzt_0-q9TG06arOObQ,1.0,,,2.0,,8.0,,,,,,4.0,1.0,,,
GrFxdNfPvdlVrueRY7XERg,23.0,7.0,60.0,38.0,3.0,16.0,47.0,,11.0,2.0,4.0,11.0,2.0,,,
GtKxIGU6LJu14UErdNulmQ,54.0,18.0,60.0,38.0,5.0,58.0,29.0,,8.0,1.0,5.0,16.0,2.0,,7.0,
GzOumj6_QOeQByuc_0yajQ,60.0,60.0,60.0,60.0,10.0,60.0,60.0,,18.0,2.0,17.0,41.0,4.0,,8.0,
GzaXtAtEnfwoxDVXK3NLuw,51.0,20.0,60.0,37.0,10.0,45.0,60.0,,13.0,4.0,12.0,33.0,5.0,1.0,3.0,
H-VZhA-SKTtuaFbG_U-qHQ,60.0,60.0,60.0,55.0,10.0,60.0,60.0,,36.0,2.0,7.0,42.0,7.0,2.0,2.0,
H0PpODW4_QQxRGX_x5GIzg,14.0,8.0,49.0,25.0,6.0,9.0,22.0,1.0,10.0,1.0,1.0,7.0,2.0,,,
H0yNa1X5BkrqyzvoIRTYqA,4.0,,,,,4.0,2.0,1.0,,1.0,,1.0,,,,
HCTOtXfbGDTcYsnE_gl35Q,20.0,10.0,45.0,11.0,1.0,27.0,32.0,2.0,17.0,,2.0,10.0,3.0,,1.0,1.0
HFl2dH581owwb9EiRo-DIA,6.0,2.0,7.0,13.0,1.0,22.0,13.0,1.0,9.0,,1.0,6.0,1.0,,1.0,
HG5cvtfUcpMojb2RyB2ZJQ,60.0,38.0,60.0,52.0,8.0,53.0,60.0,,17.0,3.0,9.0,28.0,3.0,,7.0,
HWWXRD3KWJRB-WBuXX9RKQ,14.0,3.0,17.0,60.0,,20.0,8.0,2.0,21.0,,2.0,10.0,2.0,,,
HZJ4DZHcd-h06-muEiQgjQ,32.0,24.0,50.0,44.0,3.0,43.0,60.0,1.0,13.0,4.0,3.0,19.0,11.0,,1.0,1.0
HaAb_L9zVNLjJwrBkSf_Vw,14.0,1.0,14.0,1.0,,13.0,13.0,,1.0,,6.0,6.0,4.0,,,
Hls6HZAZFNo0tK6C-ewQtg,1.0,,4.0,5.0,,9.0,2.0,,2.0,,,6.0,,,,
HyKAsCbrWyKnKoRUHPBnlQ,1.0,1.0,5.0,3.0,,2.0,2.0,,2.0,1.0,,,1.0,,,
I6GRfKx8vjlyQcHGE-z8vw,60.0,51.0,60.0,46.0,16.0,49.0,60.0,1.0,11.0,3.0,7.0,22.0,15.0,,3.0,1.0
IF6C4SvyWWx1li9S2xt_CQ,44.0,7.0,60.0,24.0,5.0,55.0,49.0,,9.0,3.0,3.0,27.0,4.0,,,
IFzC8hzQpKNfVuJh84p1sw,2.0,1.0,3.0,1.0,,6.0,3.0,1.0,1.0,1.0,,8.0,,,1.0,
INrzQm-dyoXN2zE--NarKw,6.0,1.0,2.0,7.0,,9.0,3.0,1.0,,,,3.0,1.0,,2.0,
IQHdw04Ymy7JrlDLIBcrhA,52.0,41.0,51.0,44.0,6.0,48.0,59.0,1.0,11.0,4.0,4.0,22.0,11.0,,2.0,1.0
ITFRPmzOeEp6dY3Dufh8vw,60.0,16.0,60.0,60.0,4.0,41.0,60.0,,24.0,1.0,11.0,31.0,21.0,1.0,2.0,
ImPPcbVqEFhNw42S2BZ_EA,25.0,1.0,16.0,3.0,,16.0,24.0,2.0,3.0,,12.0,6.0,6.0,,,
Ivy6kq6Tv2ztNZIp4aLLmA,9.0,,5.0,1.0,,7.0,1.0,,,,,1.0,,,,1.0
IxDRIBkKtP-f24sr5zHAhQ,13.0,,25.0,2.0,1.0,22.0,16.0,3.0,6.0,,2.0,11.0,,,1.0,
J-gFvT4B5UoZgoEOAmxNxw,22.0,6.0,28.0,43.0,8.0,33.0,25.0,4.0,10.0,1.0,,32.0,,1.0,2.0,
J5Hkb21HQMT8YfsbrpFxPw,21.0,8.0,11.0,22.0,1.0,26.0,7.0,1.0,8.0,,,7.0,,,,
JF34QHu2bypp_Ro_sp8hjA,4.0,,,5.0,,9.0,,2.0,,,,3.0,,,1.0,
JGHqF70JD9ytZt_EP3G0bA,11.0,8.0,14.0,10.0,1.0,14.0,12.0,1.0,9.0,,,12.0,1.0,,,
JJnkXwf96vh1Uu7XZWZZAg,60.0,20.0,60.0,42.0,6.0,56.0,36.0,,8.0,2.0,4.0,17.0,2.0,,5.0,
JbjX2JLvMlZLfbTzHxBK9g,6.0,1.0,13.0,,2.0,6.0,15.0,,,,,,,,,
JdYZWIAzjxVyUjt0zNR7kw,23.0,15.0,42.0,40.0,3.0,40.0,55.0,1.0,15.0,5.0,3.0,16.0,10.0,,1.0,1.0
JkaliKynIy_DWZW0-CBWAA,2.0,,3.0,2.0,,5.0,2.0,,2.0,,2.0,2.0,1.0,,,
Jl51soj64xo1o5Jb98eoyw,3.0,2.0,10.0,10.0,,20.0,9.0,,10.0,,,20.0,1.0,,,
JyllVgZFW0jeIr2NK-zNNw,16.0,9.0,7.0,8.0,,5.0,10.0,4.0,2.0,1.0,,2.0,2.0,,,
K3vAF_Cxk0FrDXQe0KlmGg,4.0,2.0,9.0,14.0,3.0,8.0,6.0,,2.0,,,7.0,,,,
K4L7keIAXIO-wNNJM3coIA,9.0,3.0,,14.0,,10.0,6.0,3.0,3.0,,,1.0,,,1.0,
K9XVDlPNhrrSVEJN7uWqJQ,32.0,7.0,38.0,27.0,3.0,42.0,24.0,,7.0,,4.0,17.0,1.0,,1.0,
KIK0Frk34Bi99FbNxQNMmQ,36.0,7.0,44.0,30.0,4.0,33.0,28.0,2.0,14.0,4.0,1.0,26.0,1.0,,1.0,
KJH5Nyaw1CE_QgDGHtzOWg,5.0,2.0,1.0,1.0,1.0,10.0,1.0,1.0,1.0,,,7.0,,,,
KMAHhiDKmFnsszK0E0J0BA,6.0,,3.0,12.0,,10.0,5.0,1.0,2.0,,,2.0,1.0,,1.0,
KMrr9hYyrK3J_V8lmeLQvA,1.0,2.0,13.0,11.0,4.0,11.0,7.0,,10.0,2.0,,6.0,,,,
KWR8Qb-43BZv016WlpnQ9w,5.0,3.0,18.0,1.0,,14.0,21.0,,5.0,,,12.0,,,,
KfrgWyMWH1HBGvoUkDYoRQ,34.0,1.0,23.0,4.0,,13.0,24.0,2.0,4.0,,8.0,5.0,8.0,,1.0,
Kk72llJNg0Ae85cEOmeSmA,60.0,60.0,43.0,23.0,5.0,60.0,60.0,,24.0,1.0,5.0,26.0,7.0,2.0,3.0,
KkAVX3Wb7E3lP5F_f_8pXg,45.0,6.0,60.0,60.0,3.0,47.0,45.0,,12.0,1.0,9.0,23.0,3.0,,1.0,
KmMoL9ltza4_uE2JrhaQNw,15.0,6.0,1.0,3.0,,9.0,5.0,7.0,1.0,,,2.0,,,,
KqtOj1rpjcucDFBC9UZM9w,14.0,11.0,10.0,6.0,1.0,25.0,15.0,2.0,2.0,2.0,5.0,12.0,3.0,,1.0,1.0
Kxwc8PIKy2JsegNwgBjAtA,31.0,8.0,39.0,53.0,4.0,51.0,19.0,2.0,18.0,1.0,4.0,27.0,1.0,,2.0,
L18Zrls7Ke3wObDxjUx1cg,,,1.0,,,8.0,,,,,,1.0,,,,
L2Iy2Wp7ClrVCfSUrfZDMw,22.0,6.0,25.0,29.0,2.0,29.0,16.0,2.0,8.0,1.0,5.0,10.0,1.0,,1.0,
L5vSeC_sa3TUQW_lticqyA,25.0,7.0,23.0,38.0,3.0,33.0,13.0,3.0,6.0,,,24.0,1.0,,2.0,
L7pc5vy6tv8WDcrwOGplDA,44.0,4.0,60.0,50.0,5.0,52.0,53.0,,10.0,6.0,7.0,36.0,18.0,1.0,6.0,
L8c4IbRg9_zZSY0T7HUP8w,60.0,15.0,60.0,60.0,3.0,40.0,60.0,,23.0,1.0,12.0,30.0,20.0,,1.0,
LCF_0HEXZ1SzV1yxwaz1Xg,3.0,,,,,3.0,,4.0,,,,,,,,
LFxokisnLXNgVKpM_fJZqA,4.0,,1.0,4.0,,18.0,1.0,,,,,17.0,,,1.0,
LKuf4QjFMVeUdlZZoiTbgQ,60.0,13.0,60.0,60.0,7.0,48.0,60.0,,16.0,9.0,11.0,35.0,27.0,1.0,3.0,
LaF6ZwGWP-y8pAs5M3LUBQ,17.0,9.0,17.0,29.0,1.0,24.0,11.0,3.0,11.0,,,8.0,1.0,,1.0,
LjVlsV9tKGnv7e4Iyt9c5Q,23.0,6.0,25.0,29.0,2.0,29.0,15.0,2.0,8.0,1.0,6.0,11.0,1.0,,1.0,
LkDl2WYXOVlW3NuKYLfu7A,4.0,,1.0,3.0,,5.0,3.0,4.0,,,,,,,,
Lw7NmZ3j-WEye97ywEmkXQ,60.0,36.0,59.0,31.0,14.0,39.0,60.0,,6.0,,8.0,19.0,7.0,,3.0,
Lxb2mz0Yay7y8HSmvJ7dmA,12.0,,33.0,18.0,6.0,28.0,20.0,,17.0,3.0,2.0,22.0,3.0,,1.0,
LyrC7SNMvq07iJiGvwX6Aw,2.0,,8.0,,5.0,2.0,7.0,,,,,,,,,
MARpjcuJ3XgHPFH7ZdUz4w,,,,,,6.0,1.0,,,,,3.0,,,,
MDTJK0mH5Xc14aCwNuMg7Q,53.0,15.0,60.0,60.0,2.0,35.0,60.0,,21.0,1.0,13.0,32.0,19.0,,,
MIJ2lGmKAHe41xRcefHzvg,39.0,7.0,51.0,26.0,6.0,41.0,35.0,3.0,14.0,4.0,1.0,36.0,3.0,,,
MRNcnBmlRB7bLDXP7y25hQ,1.0,2.0,4.0,13.0,1.0,10.0,10.0,,5.0,,1.0,7.0,,,,
MUh_xgm8Uz58v7JH9F9dfQ,40.0,34.0,47.0,41.0,3.0,38.0,56.0,1.0,13.0,3.0,3.0,18.0,11.0,,,1.0
MWaeG9XhJdFzbcrSrpF6mQ,60.0,41.0,60.0,60.0,10.0,58.0,60.0,,16.0,2.0,11.0,32.0,4.0,,8.0,
Mh5o8RtQNNUxhoJe6BxVkg,60.0,55.0,56.0,38.0,14.0,57.0,60.0,1.0,6.0,1.0,6.0,22.0,11.0,,3.0,1.0
MjeuqfVgxCL_XVJJoCLTFg,15.0,4.0,21.0,31.0,4.0,19.0,20.0,2.0,11.0,1.0,,28.0,,1.0,1.0,
MmI91-KoLkfdMVQhaafvMQ,19.0,1.0,14.0,7.0,3.0,54.0,11.0,,12.0,,,14.0,,,,
MoEFowzpF2dlBFOhW1L0WQ,2.0,3.0,,9.0,,15.0,3.0,,2.0,,2.0,5.0,,,,
MryRUvM1rVVtCXBuP8652w,9.0,2.0,3.0,15.0,,16.0,11.0,1.0,4.0,,,15.0,,,2.0,
MyhLWqqSB-yKQWEM7ASKZQ,33.0,12.0,60.0,46.0,8.0,24.0,60.0,1.0,10.0,1.0,5.0,12.0,8.0,,,1.0
N3pFchYNlKUD86nLFMjJAw,6.0,,3.0,1.0,,21.0,3.0,3.0,1.0,,,4.0,,,1.0,
NBdAqG4Kdqy0BrCrWa0xUg,13.0,3.0,12.0,13.0,1.0,28.0,11.0,3.0,4.0,,3.0,18.0,,,1.0,
NRYEiz_iCGl6_4rYpyBmew,5.0,1.0,12.0,,2.0,3.0,16.0,,,,,,,,,
NTm6VhKpSIKkAf9D2RsElw,37.0,32.0,43.0,34.0,2.0,41.0,42.0,1.0,10.0,3.0,1.0,17.0,9.0,,,1.0
NaGkRnNbLcJdI8cF8JE3hw,25.0,10.0,39.0,34.0,2.0,29.0,32.0,2.0,10.0,3.0,8.0,11.0,,,,
Nf7y336Y0VwcWis3PO-Otg,22.0,1.0,16.0,3.0,,13.0,21.0,,3.0,,12.0,6.0,6.0,,,
NuPKl9HvpYSr1g5hYBAQKA,34.0,35.0,14.0,26.0,1.0,18.0,24.0,,9.0,1.0,2.0,11.0,10.0,,,
NvTGTMkGvkODIqOlCseF3g,14.0,13.0,37.0,25.0,6.0,11.0,24.0,1.0,11.0,2.0,1.0,9.0,2.0,,,
O1v7Pa-sMVsnn1L0RPT-nw,6.0,,12.0,11.0,2.0,6.0,3.0,1.0,2.0,,,3.0,1.0,,,
O2y-CyIsJz8f_6f-MJuKIA,41.0,9.0,42.0,16.0,5.0,54.0,46.0,1.0,3.0,4.0,5.0,29.0,2.0,,,
OFLNt6Zcis68TlujtZM-Gw,22.0,5.0,48.0,22.0,5.0,14.0,25.0,,20.0,2.0,5.0,22.0,,,,
OeTD5HlXMjrmztfu02niQQ,11.0,6.0,8.0,32.0,2.0,22.0,5.0,3.0,4.0,1.0,,8.0,,1.0,,
OoNhXN0PzwIyrqG9dF6t2Q,12.0,4.0,7.0,11.0,1.0,13.0,4.0,4.0,,,,1.0,,,,1.0
OpBTLNaGnGcn8DRsLcEfQQ,60.0,23.0,60.0,46.0,7.0,60.0,41.0,,8.0,2.0,5.0,19.0,2.0,,7.0,
OrDvpwx5GWpJWkWpn_dyQQ,9.0,6.0,2.0,3.0,1.0,15.0,7.0,2.0,3.0,,,3.0,,,1.0,
PFk6k_hEGG0n6_FAJSm9EQ,30.0,9.0,33.0,49.0,4.0,36.0,27.0,3.0,11.0,3.0,1.0,9.0,5.0,,2.0,
PLx_VnZyFmxTS1zNTaDJxA,20.0,10.0,45.0,11.0,1.0,26.0,32.0,2.0,17.0,,2.0,9.0,2.0,,1.0,1.0
PTFxtXS47ZVRCdZIrEWvGw,60.0,23.0,60.0,47.0,7.0,59.0,33.0,,8.0,2.0,5.0,19.0,2.0,,7.0,
PVtTQwD7c4pbRPaVK7h3cw,13.0,5.0,35.0,7.0,1.0,14.0,21.0,1.0,18.0,1.0,4.0,6.0,2.0,,,
PaDFuHlHrFRd0g2ki2DevA,43.0,4.0,60.0,49.0,7.0,48.0,52.0,,10.0,8.0,7.0,35.0,18.0,1.0,6.0,
PkI2z4M1SgPkgVOMuHtuCg,60.0,54.0,60.0,45.0,16.0,49.0,60.0,1.0,8.0,2.0,8.0,21.0,15.0,,3.0,1.0
PoAS5PsaEBX5OvzfvHj-2A,55.0,17.0,60.0,35.0,5.0,55.0,29.0,,8.0,1.0,5.0,14.0,2.0,,3.0,
PqCJCmRy0Cehq_cOrLoGFg,1.0,,1.0,,,,2.0,,1.0,,,1.0,,,,
PqeHQAMWUWzyL8qsmHltoQ,60.0,14.0,60.0,60.0,8.0,50.0,60.0,,23.0,6.0,10.0,33.0,28.0,1.0,3.0,
PsY5DMHxa5iNX_nX0T-qPA,60.0,55.0,51.0,40.0,4.0,40.0,59.0,,24.0,1.0,4.0,32.0,5.0,,2.0,
PzFJNls55DcBsWJOU2O0BQ,34.0,27.0,34.0,47.0,2.0,14.0,32.0,,14.0,2.0,3.0,9.0,12.0,,,
Q3WVLBpfaF9avnq1fFQ51g,30.0,9.0,35.0,40.0,4.0,39.0,25.0,3.0,14.0,2.0,1.0,12.0,5.0,,2.0,
QH8WwAYdr3NrH2QwHiPjog,21.0,6.0,48.0,33.0,6.0,15.0,22.0,3.0,29.0,3.0,4.0,27.0,,,,
QINiEjMRGA7pKfvhPQtfBg,26.0,6.0,45.0,60.0,3.0,31.0,13.0,1.0,24.0,2.0,,9.0,1.0,,1.0,
QKIH0ALmEGsRuFRDRRn9oQ,11.0,4.0,7.0,15.0,,11.0,5.0,3.0,4.0,,1.0,3.0,,,,
QNp4QCGLcZleShFRCt8xgw,6.0,,1.0,5.0,2.0,13.0,6.0,3.0,1.0,,,5.0,,,,
QUY4w7wjVelogqoFonCq_A,3.0,,3.0,,1.0,18.0,8.0,,3.0,,,11.0,,,,
QZQGRJZ4bZCmNoXjs3z1XQ,24.0,7.0,33.0,36.0,3.0,31.0,21.0,,10.0,2.0,1.0,10.0,4.0,,1.0,
Q_xYu-RqixW4O-TlEbc1fA,40.0,20.0,60.0,54.0,11.0,31.0,60.0,1.0,14.0,3.0,4.0,17.0,11.0,,3.0,1.0
Qbr2JG96K6d31NqqAUxf9g,15.0,13.0,22.0,12.0,4.0,15.0,32.0,,10.0,1.0,2.0,5.0,4.0,,2.0,
QeeiVw_OjxWmTiSH0A6qgA,10.0,3.0,9.0,9.0,2.0,20.0,7.0,,2.0,,,10.0,,,,
QhXJqmPoR6jyCf44ck7Sxg,60.0,26.0,60.0,60.0,8.0,44.0,60.0,,36.0,8.0,10.0,34.0,29.0,2.0,2.0,
Qo-l9tezF_ApTFzUhnPK1w,12.0,6.0,21.0,6.0,1.0,14.0,37.0,,12.0,,6.0,8.0,1.0,,,
QxHtdBOe3Kppf8tEd2Wm6A,60.0,60.0,60.0,60.0,10.0,60.0,60.0,,18.0,2.0,17.0,41.0,4.0,,8.0,
R7RFX9IlMgNftKT0f9uudQ,1.0,,4.0,7.0,,8.0,6.0,,7.0,,,3.0,,,1.0,
Rh4NhLtNdlOcQnc-iCRJOQ,24.0,4.0,39.0,6.0,1.0,28.0,28.0,1.0,11.0,1.0,1.0,29.0,6.0,,1.0,
RhDJVnbHJXpB64dC9QcoqQ,3.0,1.0,2.0,14.0,,20.0,,1.0,1.0,,,9.0,,,,
RqxusFi2wsbF7O-77giV-Q,22.0,11.0,22.0,16.0,3.0,31.0,12.0,,7.0,2.0,5.0,27.0,,,,
S1D6n5U0gcegIAT59jgyHA,8.0,1.0,2.0,8.0,1.0,8.0,4.0,3.0,2.0,,,1.0,1.0,,1.0,
S6kaRKSBXPGW7kwlYG6XsQ,8.0,2.0,9.0,14.0,3.0,17.0,8.0,2.0,2.0,2.0,1.0,4.0,,,1.0,
S6yq--21j7fFadh-aXBtRQ,5.0,2.0,15.0,2.0,,8.0,10.0,,3.0,1.0,3.0,4.0,2.0,,,
SEuHSFDOoux4MqusTQPNMw,60.0,18.0,60.0,60.0,8.0,44.0,60.0,,21.0,8.0,11.0,33.0,30.0,1.0,3.0,
SIlvau33Tsp5IuEEmGf46A,15.0,1.0,26.0,48.0,3.0,40.0,11.0,,11.0,,3.0,13.0,1.0,,,
SePMUEGjcXpKfS7bJ1yO4Q,19.0,16.0,18.0,53.0,1.0,11.0,14.0,,12.0,,1.0,5.0,1.0,,,
SgWS1huKOS9pewAR1QMlLg,,,,,,,1.0,,,,,,,,,
ShLvbrlY9qlJOwhkRINYOQ,27.0,12.0,47.0,18.0,9.0,45.0,46.0,,8.0,1.0,8.0,7.0,2.0,,1.0,1.0
So7af6aqR9of7jnoHUci-g,13.0,8.0,2.0,7.0,,13.0,4.0,1.0,2.0,,,5.0,2.0,,1.0,
Sw39QeTPqK289bMOniYefQ,34.0,37.0,14.0,26.0,1.0,19.0,24.0,,10.0,1.0,1.0,12.0,11.0,,,
T2rwEQ48yjxLlXJ6uzdmzQ,23.0,1.0,35.0,3.0,,28.0,22.0,2.0,7.0,,1.0,26.0,1.0,,1.0,
T5foGw4XpJp7Er_l9ksuLg,16.0,13.0,39.0,27.0,7.0,10.0,24.0,2.0,12.0,2.0,1.0,9.0,2.0,,,
T7XmistL2pQrW3hY3oTpng,23.0,10.0,45.0,14.0,9.0,41.0,43.0,,8.0,1.0,9.0,7.0,2.0,,1.0,1.0
TGqeG_HnI5UheoZ1eVDFWQ,7.0,2.0,4.0,5.0,,14.0,2.0,1.0,2.0,,,7.0,,,,
TYYGcnXz5CjTOCZDgFquRw,7.0,1.0,4.0,24.0,,10.0,4.0,4.0,5.0,,,9.0,1.0,,1.0,
TgFUSRFSgfNhzi-2ZWC8Ug,37.0,1.0,18.0,7.0,,26.0,28.0,2.0,4.0,,9.0,13.0,5.0,,1.0,
ThZHcBCmVj7RBzTZewAkrA,26.0,14.0,56.0,45.0,3.0,41.0,58.0,1.0,15.0,4.0,3.0,18.0,10.0,,1.0,1.0
TofRTCAfrXcvf7BYx0tqkQ,9.0,1.0,,8.0,,34.0,2.0,,3.0,,,10.0,,,1.0,
TrZzOXywqYQImtdvqLYDyQ,20.0,6.0,32.0,26.0,4.0,37.0,19.0,2.0,11.0,1.0,3.0,15.0,,,,
Tttm1r5Dw1sRMCfc3EQWPw,32.0,23.0,26.0,15.0,2.0,60.0,38.0,,8.0,,4.0,18.0,4.0,2.0,1.0,
Tyn-UqOTpVHtZAgrB0lWyQ,60.0,41.0,26.0,17.0,1.0,60.0,60.0,,9.0,,6.0,25.0,3.0,2.0,2.0,
U4xVvEtBs2Dn0wm8jDfMIA,45.0,8.0,58.0,49.0,6.0,46.0,41.0,2.0,16.0,3.0,2.0,22.0,1.0,,2.0,
UGUUPV-SPp5Wj92gTsqfhA,15.0,3.0,10.0,22.0,5.0,11.0,16.0,2.0,2.0,2.0,,1.0,10.0,,1.0,
ULznZoVOyFb2mrYGV0ULsA,16.0,8.0,3.0,18.0,1.0,5.0,6.0,3.0,1.0,1.0,,4.0,4.0,,2.0,
UTVDbZv-qiHU06sDkoel3g,8.0,1.0,6.0,8.0,2.0,21.0,9.0,,2.0,,2.0,18.0,,,,
UVHUFlMM0oV21cBwPyTVSw,12.0,,13.0,1.0,,11.0,13.0,,,,6.0,6.0,4.0,,,
Ug9a63OBRBje0796bFFPgA,16.0,9.0,33.0,8.0,,24.0,27.0,2.0,17.0,,1.0,14.0,2.0,,1.0,1.0
Uh932p9MfAXppaXbFPkykA,2.0,,3.0,,,8.0,2.0,,,,,2.0,,,,
UjeOgcv831QTChTP04-Uag,55.0,18.0,58.0,38.0,5.0,57.0,30.0,,7.0,1.0,6.0,17.0,2.0,,7.0,
Uo0ZQjylS1PWfjQJ4tPqCQ,4.0,1.0,8.0,7.0,,11.0,4.0,3.0,2.0,1.0,,14.0,,,,
UoDpuMVth1qUVapDz6caXQ,50.0,27.0,60.0,40.0,15.0,32.0,60.0,1.0,7.0,1.0,6.0,16.0,13.0,,3.0,1.0
UzaMrsDMM7xmxtWLPTrmKw,43.0,14.0,60.0,48.0,13.0,30.0,60.0,1.0,12.0,2.0,4.0,15.0,13.0,,3.0,1.0
V496H0yYm75UcFdrmr1Zlw,46.0,11.0,60.0,60.0,8.0,41.0,57.0,2.0,10.0,6.0,13.0,30.0,21.0,1.0,3.0,
V5djfyrGoC65ZAmixE0dWg,60.0,18.0,60.0,60.0,7.0,43.0,60.0,,19.0,7.0,13.0,27.0,28.0,1.0,3.0,
VHu0SsJds5XkW7ux68ehtg,,,2.0,,,2.0,1.0,,,,1.0,,,,,
VOPdG8llLPaga9iJxXcMuQ,39.0,10.0,60.0,26.0,12.0,27.0,60.0,1.0,5.0,1.0,7.0,11.0,11.0,,3.0,1.0
VYd8UzwlwmX8Db5umNHNig,17.0,7.0,10.0,25.0,1.0,18.0,10.0,1.0,5.0,,1.0,5.0,,,1.0,
Vr3mowa-ML9EE8TNGoS_Vw,13.0,6.0,3.0,16.0,,9.0,5.0,4.0,1.0,1.0,,4.0,3.0,,1.0,
VzlVF1yc_BboRwwqJcvkxg,37.0,7.0,44.0,57.0,3.0,60.0,28.0,2.0,15.0,1.0,2.0,24.0,2.0,,2.0,
W0mlelgnkSPU3ELhyzkXHA,24.0,7.0,33.0,29.0,3.0,30.0,21.0,,9.0,2.0,1.0,11.0,4.0,,1.0,
W97siDhQbWIVa0MEpcq9iA,6.0,3.0,3.0,9.0,1.0,29.0,7.0,1.0,2.0,,2.0,14.0,,,1.0,
WCk_ecR-PQuGIqd5I2hAZw,2.0,,1.0,,,5.0,,1.0,,,1.0,1.0,,,,
WGw7iNqNhXA_TxSMlmy5aA,12.0,4.0,3.0,18.0,1.0,6.0,6.0,3.0,1.0,1.0,,3.0,3.0,,1.0,
WLqqZYTeo6wFXuCFtlweqA,8.0,,27.0,17.0,6.0,24.0,19.0,,12.0,2.0,2.0,24.0,3.0,,1.0,
WavvLdfdP6g8aZTtbBQHTw,24.0,1.0,12.0,3.0,,20.0,19.0,2.0,3.0,,7.0,8.0,5.0,,,
Wd5ho0_FKk9n7uV8pSCYIg,60.0,60.0,56.0,56.0,10.0,60.0,60.0,,37.0,1.0,7.0,40.0,7.0,3.0,2.0,
Weho8zwF8FjO42RJ7jX8kw,27.0,5.0,21.0,8.0,4.0,37.0,28.0,1.0,6.0,5.0,4.0,30.0,3.0,,,
Wi2c4gGu2W-QFBSumihRfg,58.0,10.0,60.0,60.0,4.0,51.0,54.0,,10.0,2.0,8.0,23.0,4.0,,,
Wp5hw2NN6a8pYFdj_AZ7BQ,1.0,,3.0,1.0,,1.0,,,,,,1.0,,,,
WvQkCs_C_HCfGUFUA0_-hQ,8.0,1.0,13.0,1.0,2.0,5.0,3.0,1.0,,,,,,,,
WxxE5kE8omgQhJE8sWIvmA,60.0,60.0,57.0,56.0,10.0,60.0,60.0,,36.0,2.0,7.0,41.0,7.0,3.0,2.0,
X30D_0Foz_5VGHgYPy_jmg,5.0,2.0,5.0,6.0,,10.0,3.0,,1.0,,6.0,4.0,,,,
XQLmEdXoMzOpffwoFaBtaQ,18.0,6.0,32.0,25.0,4.0,35.0,18.0,2.0,13.0,1.0,4.0,19.0,,,,
XWag2eb853TrXaAk38Op_w,,,1.0,,,3.0,,,,,,,,,,
Xb2eROYyzpRlhNUu4LHSYg,13.0,1.0,58.0,20.0,2.0,5.0,23.0,,4.0,1.0,4.0,8.0,2.0,,,
XbRTv9Yq4C8XvAi3xe2kXw,9.0,5.0,7.0,21.0,1.0,21.0,7.0,2.0,6.0,,,10.0,1.0,,,
Xdx2_n3nk9Td_aSe7E5ARQ,14.0,2.0,36.0,20.0,6.0,27.0,24.0,1.0,21.0,4.0,1.0,31.0,10.0,,1.0,
Xg-FyjVKAN70LO4u4Z1ozg,18.0,11.0,20.0,9.0,3.0,25.0,31.0,,9.0,,3.0,6.0,4.0,2.0,1.0,
XiDp4JcHP_y438nUsSFSvg,10.0,3.0,6.0,11.0,2.0,8.0,8.0,1.0,2.0,,2.0,17.0,,,,
XjViuoOVtkQQtPfqdaIHVA,60.0,37.0,60.0,60.0,12.0,60.0,60.0,,28.0,4.0,12.0,38.0,10.0,1.0,2.0,
XxYgUH6A71jd6isB7TtE4w,3.0,1.0,,5.0,1.0,9.0,2.0,2.0,1.0,,,2.0,1.0,,,
Y-OgQKqreMaajTUCPbLPKg,23.0,12.0,23.0,8.0,5.0,44.0,26.0,2.0,1.0,2.0,9.0,10.0,3.0,,1.0,1.0
Y5r2AvXmSc-YA6MGXjK6Ow,,,2.0,1.0,,8.0,2.0,,,,,,,,,
YBIXea7qj0RwEN5HJDw0Yg,11.0,4.0,10.0,11.0,1.0,18.0,6.0,2.0,7.0,,1.0,14.0,,,,
YCRkBdOsc290blM8TXwS3A,18.0,5.0,34.0,21.0,8.0,28.0,27.0,,14.0,4.0,2.0,32.0,9.0,,1.0,
YNjfOowGIzAgDZTlXuULfA,24.0,13.0,8.0,10.0,1.0,29.0,19.0,,4.0,,4.0,17.0,,,,
YPX6pxEduWqc_O5htEmTnQ,30.0,10.0,24.0,43.0,6.0,39.0,19.0,3.0,6.0,,1.0,25.0,1.0,,2.0,
YQjAeNqo9V8Xw_ECSj7eHQ,25.0,1.0,17.0,3.0,,14.0,22.0,2.0,3.0,,12.0,6.0,6.0,,,
YQm-FVEo1m_AQPMrIZ4tiA,15.0,3.0,30.0,2.0,6.0,15.0,14.0,,6.0,,3.0,4.0,,,,1.0
YViYcQcxUawVKfo94eOS6Q,18.0,10.0,44.0,11.0,2.0,26.0,34.0,2.0,14.0,,1.0,13.0,3.0,,1.0,1.0
YWayU0DutgZx132Jshm9SA,,,1.0,5.0,1.0,5.0,2.0,1.0,1.0,,,,,,,
YYBfO95m1uoxvHqXVoqUgQ,8.0,7.0,4.0,21.0,2.0,24.0,3.0,,4.0,1.0,,9.0,,,,
YgbN3ERH8PxBDWCVGVhrHg,9.0,,11.0,,,7.0,13.0,,,,7.0,4.0,3.0,,,
YhWzCrNLz2bb4LDi7stPjQ,12.0,2.0,24.0,15.0,,4.0,15.0,,5.0,1.0,3.0,6.0,,,,
Yk5I73wZ7Quj5Nt1H0vtEg,5.0,4.0,13.0,27.0,5.0,29.0,9.0,2.0,2.0,1.0,1.0,2.0,1.0,,,1.0
YqvoyaNvtoC8N5dA8pD2JA,14.0,,50.0,17.0,5.0,17.0,27.0,2.0,15.0,1.0,6.0,25.0,,,,
Yt6FUNC5g5-UAOrqn4aqZQ,42.0,14.0,60.0,37.0,13.0,29.0,60.0,1.0,7.0,1.0,6.0,14.0,11.0,,3.0,1.0
Z2VIno37S9MFY2FKh7yW-A,54.0,10.0,60.0,60.0,2.0,42.0,55.0,,11.0,1.0,8.0,18.0,11.0,,,
Z3gYoBTTXniIBOLU_6haMQ,1.0,,,8.0,1.0,19.0,2.0,,6.0,,,7.0,,,,
ZDvIMjJ-7I0561ckM4pAeA,18.0,5.0,22.0,23.0,1.0,29.0,12.0,2.0,7.0,1.0,5.0,7.0,1.0,,1.0,
ZN7x2duyVesVVzlhWJNamQ,10.0,4.0,8.0,5.0,2.0,31.0,15.0,,10.0,1.0,1.0,7.0,2.0,,1.0,
ZZ95hfUvppoVvVIXB8Ew_w,26.0,1.0,60.0,24.0,11.0,16.0,60.0,1.0,5.0,1.0,3.0,8.0,8.0,,2.0,
ZfDcbuLBx8-CVtTUjFCQPA,28.0,18.0,25.0,14.0,2.0,54.0,36.0,,6.0,,4.0,15.0,3.0,2.0,1.0,
ZiF9L8JML7kwfOi989OaTQ,60.0,28.0,60.0,60.0,9.0,57.0,46.0,,13.0,2.0,7.0,29.0,4.0,,8.0,
ZiTRspDPY9T_kh4tQDwDMQ,9.0,,1.0,7.0,,30.0,7.0,1.0,1.0,,,16.0,,,,
ZtFGuS4Z3rZ-J3Abw4V-oA,5.0,4.0,2.0,17.0,2.0,9.0,7.0,,8.0,,1.0,17.0,1.0,,1.0,
ZuVJF02rxWZ12UBe591I0g,14.0,10.0,10.0,6.0,2.0,14.0,15.0,2.0,2.0,,5.0,11.0,4.0,,1.0,
ZuhygpLHdwsELMWa3Nbymw,19.0,12.0,22.0,9.0,3.0,24.0,34.0,,9.0,,3.0,5.0,4.0,2.0,2.0,
ZvGLepkwp4mBmQES-v2Cww,8.0,2.0,2.0,12.0,,10.0,5.0,4.0,,,,,,,,
_7i3cfZt8A0tBwyTsPpH4w,,1.0,2.0,,,12.0,,1.0,,,,4.0,,,,
_D1Ev_zTZs5ijHkleK6C2w,5.0,,4.0,3.0,,21.0,7.0,,4.0,,,9.0,,,,
_EncdQezAzcShATMFXL0dA,58.0,21.0,60.0,60.0,9.0,44.0,60.0,,23.0,7.0,13.0,35.0,26.0,1.0,3.0,
_GunRIpJwrm5aZWb6bHSsQ,60.0,60.0,60.0,60.0,9.0,55.0,60.0,,43.0,2.0,17.0,51.0,21.0,1.0,,
_QyTjZdBMMhjpVRXYLNllg,2.0,1.0,1.0,4.0,,3.0,3.0,1.0,,,,1.0,,,,
_RkG6ao09nTYczVfLG-Zrw,49.0,6.0,60.0,60.0,7.0,39.0,54.0,2.0,13.0,8.0,8.0,32.0,20.0,1.0,6.0,
_ZC_Zvq5DqaPVXIqFzPkBQ,57.0,10.0,60.0,60.0,3.0,44.0,60.0,,12.0,1.0,8.0,20.0,7.0,,,
_az0NrGR-v9P-xtKoE45CA,9.0,9.0,3.0,9.0,2.0,16.0,4.0,3.0,1.0,,,8.0,,,,
_jtyQNVoTL5Q5q2Td9jUcQ,18.0,7.0,2.0,3.0,,12.0,8.0,4.0,1.0,,,2.0,4.0,,,
_mdxYZT1RDtKTZcYz9mo8g,60.0,60.0,60.0,60.0,14.0,60.0,60.0,,35.0,3.0,16.0,51.0,9.0,,8.0,
_vQ_8nNHiHsMqzSor-qFWw,1.0,,1.0,4.0,1.0,4.0,3.0,1.0,2.0,,,2.0,1.0,,,
_zfxJqH3XZ65X8sNYVKGqg,30.0,9.0,35.0,41.0,3.0,31.0,24.0,3.0,14.0,3.0,1.0,12.0,5.0,,2.0,
aDM5I7syc0LR49nf7pLIXQ,60.0,60.0,60.0,60.0,11.0,56.0,60.0,,34.0,3.0,15.0,39.0,6.0,,10.0,
aG0R24iGkSdQARo_9h_NOA,21.0,8.0,11.0,22.0,1.0,27.0,7.0,1.0,8.0,,1.0,11.0,,,,
aK_4VuHnDlanajeTI77qqQ,54.0,10.0,60.0,60.0,3.0,40.0,56.0,,12.0,1.0,8.0,21.0,14.0,,,
aMrtEaVWyMj9SlmNE7f4KA,33.0,28.0,30.0,34.0,2.0,15.0,31.0,,12.0,2.0,2.0,9.0,13.0,,,
aO1XK9zHD9S_0zV3GtOGEw,2.0,1.0,4.0,5.0,3.0,10.0,4.0,1.0,,,,2.0,2.0,,,
aSeldMKv9G6_8-gV0bjwvw,60.0,19.0,60.0,60.0,6.0,49.0,60.0,,26.0,6.0,10.0,34.0,30.0,1.0,3.0,
aUfbSFtjmDWQcqdXg8oeZQ,30.0,24.0,26.0,14.0,3.0,31.0,37.0,,10.0,,3.0,15.0,5.0,2.0,1.0,
aUjc_iwTfSR0ZtHCp3IuZA,5.0,5.0,,16.0,1.0,28.0,2.0,,4.0,,,16.0,1.0,,,
aWt7HEBCyhrKQCeC8BPAjw,15.0,3.0,11.0,22.0,3.0,11.0,16.0,2.0,2.0,2.0,,1.0,9.0,,1.0,
afBjDUDJ29UEz96uZD27mA,15.0,1.0,10.0,4.0,,24.0,14.0,,3.0,,6.0,8.0,4.0,,,
agJ6rlBoItb5zcs9f8oeLg,25.0,10.0,28.0,30.0,2.0,26.0,28.0,2.0,12.0,3.0,9.0,10.0,,,,
arwOOqaQWKVlSqFXoeImew,6.0,,1.0,1.0,,4.0,2.0,2.0,,,,1.0,,,,
b4Iw-XvcstHPYaSIAsL0fg,27.0,10.0,53.0,38.0,1.0,17.0,30.0,1.0,14.0,1.0,4.0,15.0,,,,
b7YegTB6cWpi0XbI9ZEkBQ,25.0,7.0,27.0,36.0,2.0,38.0,16.0,2.0,10.0,1.0,5.0,11.0,1.0,,1.0,
bC3FfFqfaQu7gZznjkmt9Q,60.0,28.0,60.0,60.0,9.0,56.0,44.0,,11.0,2.0,7.0,29.0,4.0,,8.0,
bENuHq5nDdvSEDsIxSBnQA,18.0,2.0,15.0,7.0,3.0,37.0,12.0,,10.0,,,7.0,,,1.0,
bE_dVISXXsmN-1qv-wN6lg,41.0,34.0,49.0,46.0,3.0,44.0,60.0,1.0,14.0,4.0,3.0,20.0,11.0,,1.0,1.0
bGI_oq-DVPo2bWJZxDf9gw,44.0,7.0,60.0,24.0,5.0,60.0,48.0,,8.0,3.0,3.0,28.0,4.0,,,
bKfPWcmfszfvQ1CNhvVhlQ,60.0,27.0,60.0,47.0,10.0,48.0,60.0,,15.0,6.0,12.0,36.0,8.0,1.0,3.0,
b_sT0QJvudIaLnAnY7KIpQ,,,2.0,,,,,,,,,1.0,,,,
bbZXNAr-zs9PAwlu01LTCQ,38.0,1.0,19.0,7.0,,29.0,27.0,2.0,4.0,,6.0,14.0,3.0,,1.0,
bg0qKdvlv-V9CxIDnD-Xzg,23.0,8.0,60.0,43.0,4.0,22.0,49.0,1.0,11.0,2.0,5.0,12.0,3.0,,,
bhAhhEJ7AJQFeXVGdZp2-g,27.0,27.0,12.0,51.0,1.0,12.0,21.0,,12.0,,1.0,9.0,7.0,,,
bibwEKWWSyB422Ap-t7Sdw,17.0,9.0,17.0,30.0,1.0,21.0,11.0,3.0,11.0,,,8.0,1.0,,1.0,
bs0ag_1c6R5WK-lkVOw_CQ,12.0,8.0,2.0,11.0,,12.0,4.0,1.0,2.0,,,3.0,2.0,,1.0,
bygfqmZ37iyOO4IXdoCSxw,14.0,10.0,13.0,47.0,,10.0,16.0,,9.0,,1.0,5.0,3.0,,,
c-PhA7dl4u45CCQJge9wuw,4.0,,1.0,3.0,,10.0,2.0,2.0,1.0,,,,,,,
c0WpyZFR3EoEBKcoY2LZ3Q,16.0,8.0,34.0,8.0,,25.0,25.0,2.0,17.0,,1.0,11.0,2.0,,1.0,1.0
cD7OpbJAVpfNF6cBKaoRbw,60.0,60.0,60.0,60.0,9.0,55.0,60.0,,18.0,2.0,18.0,46.0,4.0,,8.0,
cG-txGXNcZzxYSYkV99b2A,19.0,7.0,36.0,43.0,9.0,18.0,28.0,2.0,17.0,3.0,2.0,31.0,,1.0,2.0,
cO7k3WmV6DFATibK0QHftg,,,5.0,3.0,,12.0,4.0,,,,2.0,3.0,,,,
cgpfIEZBChUrG7IauI52qw,8.0,1.0,4.0,9.0,4.0,7.0,6.0,3.0,2.0,,,9.0,2.0,,,
chZfJOs022rr8DufI4r3Uw,20.0,6.0,36.0,13.0,1.0,27.0,23.0,2.0,16.0,1.0,4.0,21.0,,1.0,1.0,
ciEDsTWhajcdL3KuJqBRlw,13.0,2.0,39.0,24.0,6.0,25.0,25.0,1.0,21.0,4.0,1.0,33.0,10.0,,1.0,
cj14YLKJk5fWDjYc6auZVg,60.0,60.0,60.0,60.0,12.0,60.0,60.0,,46.0,3.0,13.0,59.0,13.0,1.0,1.0,
ck-WWEgcwrfdLZQOM2gMGQ,20.0,13.0,8.0,12.0,,5.0,10.0,4.0,3.0,1.0,,6.0,3.0,,,
cn9ox-BRc2D45oWmp1egdg,15.0,18.0,17.0,36.0,2.0,13.0,20.0,1.0,13.0,1.0,1.0,9.0,7.0,,,
ct-RQp_hzpiiMg3VVCwfPg,16.0,4.0,24.0,14.0,1.0,15.0,10.0,,7.0,2.0,,8.0,1.0,,1.0,
cvYRvO88E4ktaGutED6mRw,13.0,7.0,21.0,4.0,1.0,19.0,44.0,,13.0,1.0,,13.0,2.0,,1.0,
cwm7FvtHKKeKoe1VPi5biQ,12.0,5.0,9.0,23.0,,13.0,9.0,4.0,,,1.0,5.0,1.0,,,
czZc0dlufumMXh9-Ncq2xA,28.0,20.0,47.0,42.0,4.0,43.0,58.0,1.0,15.0,5.0,3.0,19.0,10.0,,1.0,1.0
dAeObODKI5e8de3QpZVI3g,29.0,11.0,55.0,46.0,3.0,24.0,34.0,2.0,14.0,2.0,3.0,14.0,,,,
dC_kA-R2qb-0iEmoI4VKPg,60.0,26.0,60.0,60.0,9.0,43.0,60.0,,24.0,8.0,12.0,34.0,26.0,2.0,3.0,
dCwO2S65LZHuPg-WkKVajQ,5.0,2.0,1.0,3.0,,14.0,5.0,1.0,8.0,,,8.0,,,,
dJObXrdAWC9k5lZnJ7zu8w,18.0,1.0,18.0,2.0,,16.0,18.0,,2.0,,5.0,8.0,4.0,,1.0,
dMlsQsPU8Y_oiPYC5hHi2A,26.0,7.0,30.0,35.0,2.0,27.0,18.0,2.0,12.0,1.0,7.0,18.0,1.0,,1.0,
dN_v0Lu6xhv0yJcx-M0fpg,60.0,46.0,60.0,60.0,12.0,46.0,60.0,,36.0,8.0,10.0,46.0,27.0,1.0,3.0,
dPR81xmmtcTx126HMZlaKQ,14.0,2.0,37.0,20.0,6.0,28.0,24.0,1.0,21.0,4.0,1.0,31.0,10.0,,1.0,
dT3ChQooeSYZA1kF6KU1Xw,1.0,,4.0,6.0,,9.0,3.0,3.0,1.0,,,1.0,,,,
dTWMVRcMVC4zynbFQC7A2A,20.0,1.0,34.0,56.0,4.0,54.0,15.0,,11.0,,2.0,13.0,2.0,,,
dVqRpLvcf2nlNZSF6zCzxw,27.0,10.0,53.0,40.0,1.0,20.0,35.0,1.0,14.0,1.0,4.0,15.0,,,,
dZAqSLx8_f_BIAtNOiODvA,23.0,9.0,60.0,40.0,3.0,34.0,48.0,1.0,15.0,3.0,3.0,12.0,1.0,,1.0,
dhTrfvdlpFE33USafJ3cjQ,60.0,28.0,60.0,60.0,9.0,44.0,60.0,,26.0,8.0,13.0,34.0,28.0,2.0,3.0,
djqM0f9jSqWx_xOnIIu19A,34.0,1.0,19.0,3.0,,15.0,23.0,2.0,2.0,,10.0,3.0,6.0,,1.0,
duu0PHYLfb5bndqcNEVS2Q,5.0,2.0,4.0,2.0,,13.0,3.0,1.0,1.0,,,5.0,,,,
e02eHaL0toY64Tzodnx8_Q,23.0,10.0,4.0,17.0,,34.0,9.0,5.0,1.0,,,10.0,2.0,,2.0,
e3WDNQMYpLdMEmM2UV13rA,19.0,6.0,25.0,29.0,1.0,30.0,8.0,2.0,13.0,2.0,1.0,10.0,1.0,,1.0,
e8UiD4SOyfyv5PIB5i1EvQ,15.0,11.0,10.0,6.0,4.0,28.0,15.0,2.0,1.0,2.0,5.0,12.0,4.0,,1.0,1.0
e8riJLw_FUzT59rSD06XDA,2.0,,1.0,3.0,,15.0,1.0,1.0,1.0,,,1.0,,,,
eEAhtNTKpDDgI5M1_Zkiew,6.0,1.0,,,,11.0,2.0,1.0,,1.0,,3.0,,1.0,,
eG5VcB6XuSp-C1mAggD_Cg,23.0,1.0,29.0,14.0,2.0,24.0,20.0,,11.0,,6.0,12.0,2.0,,1.0,
eI0DpD2Xx8hFlk7eAdFCqQ,34.0,8.0,44.0,60.0,3.0,60.0,24.0,2.0,18.0,1.0,4.0,28.0,2.0,,2.0,
eSixRz7xcwtFdeh9hN5TyQ,19.0,2.0,26.0,60.0,3.0,33.0,9.0,,13.0,,3.0,10.0,1.0,,,
egty45DOptyWQDJosNHFrQ,38.0,22.0,33.0,21.0,7.0,17.0,49.0,,5.0,,7.0,12.0,,,,
esHzJ47SzvtsJwRMIa7hxQ,5.0,1.0,4.0,6.0,,25.0,7.0,,5.0,,,11.0,1.0,,,
euV7oTZ9ImaZahhe-6N6ng,60.0,17.0,60.0,60.0,4.0,41.0,60.0,,25.0,1.0,12.0,36.0,21.0,1.0,1.0,
f-m7-hyFzkf0HSEeQ2s-9A,17.0,1.0,17.0,2.0,,16.0,18.0,,2.0,,5.0,8.0,4.0,,1.0,
f8fYPWuRB4o225YjPEjq8w,23.0,2.0,17.0,9.0,4.0,36.0,19.0,,12.0,,1.0,18.0,,,1.0,
fAaxYP_sc03MV57trhBNPA,4.0,,2.0,9.0,1.0,29.0,4.0,,3.0,,,6.0,1.0,1.0,1.0,
fDSYMSm8kFtro2GAaVZYvw,15.0,3.0,42.0,15.0,,35.0,24.0,,13.0,1.0,,11.0,3.0,,,
fGj7q3Qro-Efk7t-IVnpXQ,12.0,3.0,25.0,27.0,4.0,26.0,11.0,,13.0,1.0,,13.0,,,1.0,
fL02NLRFLMQT7Pot44gxhA,60.0,60.0,60.0,60.0,10.0,60.0,60.0,,21.0,2.0,17.0,40.0,5.0,,8.0,
fPYCsVL3s0vM13jJeOWAig,20.0,7.0,38.0,41.0,7.0,19.0,27.0,,21.0,3.0,3.0,33.0,,1.0,2.0,
fXjLgdq2zGILXumDsijHCw,9.0,4.0,59.0,16.0,5.0,21.0,25.0,2.0,16.0,1.0,,21.0,,,1.0,
fZQ-ALxlDkyM2gA2zmqo4w,46.0,21.0,60.0,42.0,16.0,32.0,60.0,1.0,7.0,1.0,6.0,17.0,14.0,,3.0,1.0
faYTvRlOy3zK0ypFU7hSRA,58.0,11.0,60.0,60.0,9.0,42.0,60.0,,13.0,8.0,12.0,32.0,26.0,1.0,3.0,
feufnVt4k_t2eJakDU1bAw,27.0,7.0,31.0,19.0,6.0,33.0,35.0,1.0,13.0,6.0,3.0,40.0,8.0,,,
fvg1jLlgYesVdzWJTpX0wg,17.0,13.0,11.0,19.0,3.0,31.0,11.0,1.0,2.0,1.0,,4.0,1.0,,,1.0
g8r5jy1KZvn9d67mFG5c7g,9.0,6.0,,7.0,,16.0,4.0,,1.0,,,2.0,1.0,,,
gF-ZQLEbx8JWs2Y7GT-GLg,28.0,7.0,48.0,60.0,3.0,27.0,14.0,1.0,24.0,2.0,,9.0,2.0,,1.0,
gFcSLTJo3HXdkXScg0FgcA,60.0,15.0,60.0,60.0,4.0,34.0,60.0,,22.0,1.0,12.0,34.0,21.0,,,
gHHDCn4g4KCKFbaMxjxS8g,33.0,27.0,34.0,46.0,2.0,15.0,32.0,,14.0,2.0,3.0,9.0,13.0,,,
gM5aXMlDnpQ3PWdfeXHfNQ,36.0,33.0,31.0,36.0,2.0,13.0,34.0,,13.0,2.0,2.0,9.0,16.0,,,
gP921Ghfb7ERWmOjl7r-ng,,,2.0,2.0,,15.0,2.0,,1.0,,,3.0,,,,
gXY-VdMpB3Fh4WXyulc9kQ,2.0,2.0,,4.0,,14.0,1.0,1.0,,,,3.0,1.0,,,
gZm-Y3FOzNXZpaV9HxpBCA,15.0,8.0,36.0,12.0,1.0,23.0,26.0,3.0,15.0,,2.0,16.0,2.0,,1.0,1.0
gamLTtrQNyjvaEPL6p6OVQ,27.0,13.0,60.0,47.0,4.0,37.0,60.0,1.0,15.0,4.0,3.0,17.0,10.0,,1.0,1.0
geu09drUwXHVgQXJHSpH3Q,15.0,3.0,8.0,22.0,6.0,11.0,17.0,2.0,2.0,2.0,,1.0,11.0,,1.0,
gfSOa5szslnRgBmaiqrQ6g,60.0,52.0,60.0,33.0,15.0,48.0,60.0,1.0,6.0,,7.0,20.0,7.0,,3.0,
ggGm83VrQAZS0um1uhiSEw,10.0,3.0,3.0,7.0,,14.0,4.0,1.0,1.0,,,5.0,2.0,,1.0,
gpNwW5FC69px4fxiby8gtg,28.0,10.0,34.0,36.0,4.0,34.0,20.0,,9.0,3.0,1.0,14.0,5.0,,1.0,
gqVl3RprESEqkIPeJH0yOg,16.0,1.0,10.0,6.0,2.0,48.0,11.0,,10.0,,,14.0,,,,
guGRUPCBYBfCknykV7ODbg,7.0,,1.0,1.0,,10.0,4.0,1.0,,,,2.0,,,,
gubKjYAZMO_bxhsd5zT3sw,14.0,6.0,11.0,24.0,3.0,35.0,19.0,1.0,11.0,,2.0,20.0,,,,
gwuCZV_4nIwevDenicG8tw,18.0,5.0,30.0,30.0,3.0,15.0,12.0,,20.0,2.0,2.0,29.0,,,1.0,
h7grF-9qjAbzF6tEb-8tXA,60.0,47.0,59.0,40.0,8.0,60.0,60.0,1.0,10.0,3.0,6.0,23.0,12.0,,3.0,1.0
hGrPgxgVl0goH6aOzJ9h7A,8.0,1.0,9.0,13.0,3.0,11.0,14.0,4.0,2.0,2.0,,1.0,8.0,,1.0,
h_C5pCDk93d59frlPi3LZw,12.0,5.0,9.0,23.0,1.0,10.0,6.0,4.0,,,,2.0,1.0,,,1.0
hcGIDuoE0Hn3-XKuICP0mg,21.0,6.0,36.0,36.0,1.0,35.0,10.0,2.0,16.0,2.0,,5.0,1.0,,1.0,
hdFehBBkwZ2umAmzugOtRg,8.0,2.0,1.0,8.0,,11.0,4.0,5.0,,,,1.0,1.0,,,
heIRbeGgquFtkGX1XFyMBA,14.0,13.0,36.0,25.0,6.0,11.0,24.0,1.0,11.0,2.0,1.0,9.0,2.0,,,
hnoOXDcgN4xqLOU6lplGXg,22.0,2.0,35.0,60.0,3.0,43.0,11.0,,14.0,,4.0,17.0,1.0,,,
i09UMzccKgyLwGYKDVP28w,40.0,2.0,23.0,5.0,,20.0,27.0,2.0,4.0,,11.0,4.0,7.0,,1.0,
i2VhtC1JkV_sZOA4urd1ng,3.0,,8.0,7.0,,16.0,12.0,,6.0,1.0,3.0,11.0,1.0,,,1.0
iCvPIKn8Gm716UDn3iPNtA,8.0,7.0,11.0,22.0,2.0,14.0,5.0,,8.0,,1.0,9.0,1.0,,,
iH0f1TMuwLOb5hXz4Y4UOA,19.0,10.0,41.0,11.0,2.0,24.0,35.0,2.0,13.0,,1.0,15.0,3.0,,1.0,
iHG_OTRDZs3WyxVeDA_gKQ,41.0,18.0,60.0,53.0,12.0,30.0,60.0,1.0,13.0,3.0,4.0,17.0,12.0,,3.0,1.0
iPdEvg7qSlF6MK0QavD7bw,,,1.0,1.0,,5.0,,,,,,,,,,
iU-XQ4dhII3WF1UKR4XrNQ,60.0,45.0,60.0,60.0,7.0,39.0,60.0,,41.0,2.0,11.0,45.0,21.0,1.0,1.0,
iWUSAD2WALWNFF0pPiomHA,60.0,55.0,60.0,60.0,10.0,60.0,60.0,,32.0,2.0,9.0,35.0,7.0,1.0,1.0,
iXjbvsGyhGttLRaV6shP1g,60.0,60.0,60.0,60.0,10.0,60.0,60.0,,53.0,2.0,11.0,56.0,12.0,3.0,1.0,
iZ5VBmyFAZyJCt88KLwhJw,16.0,5.0,9.0,36.0,2.0,40.0,14.0,3.0,9.0,1.0,1.0,16.0,1.0,,1.0,
iZCSLA7clUGpUFzRnZtQkw,60.0,23.0,60.0,48.0,7.0,60.0,36.0,,8.0,2.0,5.0,21.0,2.0,,7.0,
i_OkjtKWm02Upc-PlcUrrg,7.0,3.0,5.0,10.0,2.0,46.0,6.0,,3.0,,1.0,14.0,,,,
idI1fL-AsM0nhdIPpHf3sA,60.0,14.0,60.0,60.0,5.0,48.0,60.0,,23.0,4.0,10.0,32.0,27.0,1.0,3.0,
inVsc1turxk_OpM9E2Q1Rw,27.0,5.0,31.0,19.0,6.0,30.0,39.0,1.0,14.0,5.0,3.0,40.0,7.0,,,
ip8uNJnwVaPYYBiV80ZLoQ,29.0,8.0,40.0,38.0,4.0,43.0,20.0,2.0,16.0,3.0,2.0,28.0,1.0,,2.0,
iy1KBR5hRNcgCaqiUoBSoA,60.0,44.0,60.0,48.0,11.0,60.0,60.0,,25.0,2.0,9.0,35.0,6.0,1.0,1.0,
j1yOqKczaI4czwycWDcspw,26.0,6.0,44.0,60.0,3.0,32.0,13.0,1.0,23.0,2.0,,9.0,1.0,,1.0,
j2maiRNh_ErcsvPBiZCkqw,15.0,13.0,48.0,26.0,7.0,8.0,22.0,2.0,12.0,1.0,1.0,7.0,2.0,,,
j5U9UjM_nPCsBLYv-PvTQA,7.0,1.0,2.0,23.0,,13.0,3.0,2.0,5.0,,,13.0,,,,
j6bAliQmvwuqiVjFj2AXyQ,19.0,5.0,60.0,24.0,6.0,30.0,35.0,2.0,16.0,2.0,,28.0,2.0,,,
jDMRkUp1o-CI-FkUa0Xgcg,18.0,5.0,60.0,24.0,7.0,30.0,35.0,2.0,16.0,2.0,,28.0,2.0,,,
jHCtJJycHt5DLAlPjQ0PoA,21.0,8.0,35.0,43.0,8.0,20.0,24.0,2.0,11.0,3.0,1.0,35.0,,1.0,2.0,
jJubx-ZsbtvkYOLRMdGhrQ,35.0,31.0,34.0,37.0,2.0,12.0,38.0,,15.0,2.0,2.0,10.0,16.0,,,
j_YtZXamd5GHfL-BhfkiLQ,12.0,5.0,9.0,6.0,2.0,34.0,7.0,3.0,7.0,,,21.0,3.0,,1.0,
jcFf2ZnJYL0nWCdIpqiA-g,60.0,60.0,60.0,60.0,10.0,56.0,60.0,,23.0,3.0,17.0,46.0,4.0,,8.0,
jdKWSulGisIZ6zaXrAprvQ,40.0,1.0,23.0,6.0,,25.0,34.0,2.0,5.0,,7.0,10.0,7.0,,1.0,
jf167Z6R0TPoazczLVcnKQ,34.0,29.0,31.0,35.0,2.0,15.0,33.0,,14.0,2.0,2.0,8.0,13.0,,,
jfJ6rfdlYEIYVT80MfTuAQ,18.0,5.0,27.0,14.0,1.0,15.0,13.0,,8.0,2.0,1.0,10.0,1.0,,1.0,
jhVo92kIQSPFQTzBaIhP6w,10.0,6.0,6.0,21.0,2.0,22.0,4.0,3.0,3.0,1.0,,7.0,,1.0,,
jk1T4xIb_FH_SsiVng43HA,60.0,60.0,58.0,51.0,8.0,60.0,60.0,,29.0,2.0,7.0,39.0,7.0,3.0,1.0,
jqEpBbf_qNfWuz_GBkwCjw,28.0,1.0,17.0,2.0,,9.0,22.0,2.0,2.0,,10.0,2.0,5.0,,,
jumkhxyW9r1QimpwlG8f_w,10.0,1.0,11.0,1.0,,9.0,5.0,,,,,,,,,1.0
k1swCnAbE-uvV856hdp2XQ,8.0,6.0,1.0,14.0,,13.0,4.0,2.0,2.0,,1.0,7.0,2.0,,1.0,
k3riaoflafifFUSNKXbfTw,25.0,6.0,60.0,25.0,6.0,33.0,36.0,1.0,24.0,2.0,,31.0,2.0,,,
k6hzDUhbcDrwuRworXuEKA,12.0,5.0,9.0,23.0,,11.0,9.0,6.0,,,,3.0,1.0,,,
k9OjqdOpFhRTU9fLCb5sHw,4.0,,2.0,,,17.0,11.0,,5.0,,1.0,7.0,,,,
kFTmhNfFaaPsE21wyp2tWg,1.0,,5.0,5.0,2.0,21.0,5.0,,7.0,2.0,1.0,8.0,,,,
kFgjHGp-cTUK5uPaSJOORA,8.0,,27.0,18.0,6.0,24.0,19.0,,12.0,2.0,2.0,25.0,3.0,,1.0,
kNNGXQaaWSPeSH4jlPYY_w,6.0,,3.0,11.0,,10.0,5.0,1.0,1.0,,,2.0,1.0,,1.0,
kOjruVktEQ1Dz48l69fURg,,,,1.0,1.0,10.0,1.0,,1.0,,,5.0,,,,
kTLg9WzrJIujIYWKcYBGSw,5.0,3.0,3.0,8.0,,15.0,3.0,,,,1.0,12.0,,,,
kWrVV4mS-SLy-Ph_DeJSAg,16.0,1.0,15.0,2.0,,14.0,15.0,,2.0,,5.0,6.0,4.0,,,
kXq8fJVO94ApKakK-GlrJw,8.0,5.0,5.0,28.0,3.0,15.0,6.0,2.0,3.0,1.0,1.0,7.0,2.0,,1.0,
ka1_lat2boQwLMsOCiwGiA,60.0,60.0,60.0,60.0,13.0,60.0,60.0,,33.0,3.0,16.0,51.0,6.0,,8.0,
kgKMZc97EdDaq77dtTqqNQ,60.0,28.0,60.0,60.0,9.0,57.0,46.0,,11.0,2.0,7.0,29.0,4.0,,8.0,
kiRsScNQs_UdDV6jPyeCWg,11.0,,26.0,19.0,5.0,28.0,18.0,,12.0,2.0,2.0,22.0,2.0,,1.0,
kn2iEL0S3UOPkdV4Cdtbyg,18.0,7.0,1.0,3.0,,7.0,5.0,7.0,1.0,,,2.0,,,,
kyGuEhgJ7ys_T51pxtHtQw,17.0,2.0,13.0,7.0,4.0,26.0,12.0,,10.0,,,10.0,,,1.0,
kyTUAXFT4tlSd796nK2vbA,18.0,15.0,13.0,52.0,1.0,11.0,20.0,,12.0,,1.0,6.0,2.0,,,
l8OHkAB0VNur-QWZ80FAgg,4.0,1.0,10.0,,3.0,4.0,10.0,,,,,,,,,
lCwvdVeSdiUVodXCbD7ogw,4.0,,2.0,5.0,,28.0,1.0,1.0,,,,13.0,,,1.0,
lJAGnYzku5zSaLnQ_T6_GQ,36.0,8.0,35.0,14.0,5.0,47.0,38.0,1.0,4.0,5.0,5.0,30.0,2.0,,,
lL-Zq1hlHreP7qAA2sVqNg,20.0,1.0,26.0,9.0,1.0,29.0,16.0,3.0,8.0,,1.0,33.0,1.0,,2.0,
lMfEo7aF1iK8uZWoQCAyfA,,,3.0,2.0,,4.0,2.0,,2.0,1.0,,,,,,
lOCewxz6QNegZbArImNBfw,52.0,18.0,60.0,60.0,8.0,43.0,60.0,,21.0,7.0,13.0,37.0,26.0,1.0,3.0,
ldDO6kIhUfwh6KRiKatF4g,,,1.0,2.0,,7.0,,,4.0,,,1.0,,,,
lmIZ7DaxUKrksguZKaNQ7w,1.0,,4.0,4.0,,14.0,5.0,,7.0,,,8.0,,,,
lxvncNXJKThTmLmARv72pA,53.0,32.0,46.0,35.0,8.0,51.0,60.0,,10.0,,10.0,16.0,2.0,,,
m6abLI3UD-As-Z5-J-HiyA,10.0,5.0,5.0,23.0,,26.0,7.0,3.0,3.0,,,14.0,,,1.0,
mDM7-ho67ePJXd5TodtCOg,36.0,7.0,40.0,60.0,3.0,59.0,23.0,2.0,18.0,1.0,4.0,29.0,3.0,,2.0,
mMbfBqC3RHiGWGZoY0eWCg,29.0,8.0,47.0,60.0,3.0,36.0,13.0,2.0,26.0,1.0,,10.0,2.0,,,
mRvr3toGkIeaUwI5RtW0Gw,60.0,60.0,60.0,60.0,11.0,53.0,60.0,,36.0,3.0,17.0,47.0,21.0,1.0,1.0,
mSMZJj2pFvttWLpcDmgrEA,56.0,19.0,60.0,37.0,5.0,58.0,31.0,,7.0,1.0,5.0,13.0,2.0,,7.0,
mZcxUJOnsKKhEiDaiAfyHg,60.0,60.0,60.0,60.0,12.0,60.0,60.0,,45.0,2.0,14.0,54.0,16.0,1.0,,
m_enEcSpZDdF1RF65eCbvg,38.0,29.0,27.0,16.0,3.0,59.0,42.0,,11.0,,4.0,16.0,6.0,2.0,1.0,
mbmJRdYFNUKeV_toR0KfVA,46.0,8.0,60.0,60.0,2.0,43.0,49.0,,12.0,1.0,8.0,21.0,9.0,,,
miitrMzuWgi4nzNeb-yLNg,18.0,5.0,29.0,20.0,1.0,34.0,19.0,,5.0,2.0,,13.0,3.0,,1.0,
mnCOu-4S1jn1OJ7E6Xr6Kg,15.0,6.0,21.0,16.0,3.0,32.0,8.0,,6.0,2.0,6.0,29.0,,,1.0,
msT3LrLB4fhN04HYHuFsew,25.0,7.0,22.0,33.0,5.0,32.0,12.0,2.0,5.0,,,22.0,1.0,,2.0,
my1kuM1UbTH726inLe1n-g,32.0,1.0,17.0,4.0,,14.0,22.0,2.0,4.0,,9.0,3.0,6.0,,1.0,
n0zWJbWXcDk7DHzl7-1QTg,35.0,39.0,21.0,30.0,1.0,12.0,26.0,,12.0,1.0,1.0,11.0,12.0,,,
n6L5VIGunR51-D55C-eYeQ,22.0,6.0,46.0,40.0,5.0,13.0,29.0,2.0,21.0,3.0,3.0,28.0,,1.0,2.0,
n6hB6mIctJQDn-DAH7MpGg,5.0,2.0,5.0,6.0,,10.0,3.0,,1.0,,6.0,4.0,,,,
nBpaIxVLYPjY22lKMKTczw,6.0,5.0,3.0,5.0,1.0,19.0,4.0,,1.0,1.0,,1.0,3.0,,,
nRxk-JSF_rq1RKqrTfcgRg,60.0,10.0,60.0,60.0,3.0,57.0,60.0,,14.0,3.0,10.0,28.0,21.0,1.0,2.0,
nhRCkR9FY1OTpw-bv1u5Aw,21.0,7.0,57.0,39.0,2.0,14.0,35.0,,12.0,2.0,3.0,13.0,,,,
o43B4DnnQbvkdDK6AVafQg,33.0,10.0,39.0,28.0,3.0,40.0,24.0,,6.0,,4.0,18.0,1.0,,1.0,
o4qTm58NLdnncnJZVQwCmg,4.0,,2.0,4.0,,7.0,1.0,2.0,,1.0,,,,,,
oL2g9giMo-xPkx2xQ4ZkgA,1.0,1.0,3.0,4.0,1.0,6.0,2.0,,,,,1.0,3.0,,,
oRhY8XzVV0yjs75GMRJcXw,17.0,9.0,16.0,25.0,1.0,21.0,10.0,3.0,10.0,,,5.0,1.0,,1.0,
oT08T3Vpn1I7jDmrBBRMTw,28.0,6.0,37.0,60.0,5.0,50.0,17.0,2.0,10.0,,4.0,20.0,2.0,,2.0,
oUPGpWQEQzAgFjatpLzjQg,22.0,2.0,32.0,60.0,3.0,38.0,10.0,,15.0,,4.0,14.0,1.0,,,
oaBpGm6woGN69J9iRqu0Fw,16.0,9.0,30.0,10.0,,23.0,27.0,2.0,17.0,,1.0,16.0,2.0,,1.0,1.0
oi-jTQzuKRG_7q3u70LHDg,3.0,,7.0,1.0,,14.0,9.0,,1.0,,3.0,6.0,,,,
oic-xcRpi-yXG3KZ4go0mg,17.0,1.0,16.0,2.0,,16.0,17.0,,2.0,,5.0,7.0,4.0,,,
oq5KCmPFKV28BnB4hjpo_g,40.0,20.0,60.0,50.0,11.0,32.0,60.0,1.0,14.0,3.0,4.0,17.0,11.0,,3.0,1.0
oqsu3pKpgRMGHj9QItsx0A,13.0,2.0,40.0,24.0,6.0,25.0,26.0,1.0,22.0,4.0,1.0,31.0,10.0,,,
ovLJtx_ss3GJbRGTyiixYw,13.0,11.0,5.0,22.0,1.0,14.0,10.0,1.0,2.0,,,3.0,4.0,,1.0,
p4noc5fB5D3l54uik05XNA,53.0,18.0,54.0,39.0,5.0,55.0,29.0,,7.0,1.0,6.0,19.0,2.0,,7.0,
p6bLw7PS63Kbge_wyIOP8w,7.0,4.0,4.0,23.0,2.0,21.0,7.0,,10.0,1.0,1.0,13.0,2.0,,,
pCkxZc1lcqRFFtc9CG2hAw,43.0,42.0,33.0,35.0,2.0,13.0,38.0,,17.0,2.0,2.0,11.0,15.0,,,
pL4Yj7YlaNVbB0TzmOXKNw,5.0,,3.0,3.0,,18.0,12.0,,5.0,,3.0,5.0,,,,
pR_ZdNuTT19aGuBkvXcacw,53.0,30.0,60.0,33.0,16.0,35.0,60.0,1.0,6.0,,8.0,17.0,13.0,,3.0,1.0
pS8OqsnPHuC94gdcYzxXJw,12.0,2.0,3.0,17.0,1.0,14.0,7.0,7.0,1.0,,,2.0,1.0,,1.0,
pSYEUisXSN4DQ9A1BWGEQw,60.0,39.0,60.0,51.0,13.0,43.0,60.0,1.0,13.0,4.0,4.0,19.0,14.0,,3.0,1.0
pXV02Lj-jWt6rgHRQzJmqA,7.0,1.0,1.0,14.0,,8.0,5.0,1.0,4.0,,,18.0,,,1.0,
pZwxSfQYVzzXGbvLwmKypw,2.0,,2.0,5.0,,29.0,1.0,,,,,10.0,,,1.0,
p_RkMSV7_Y5tVQiAKG-iBw,4.0,,7.0,7.0,1.0,24.0,12.0,,2.0,,4.0,14.0,,,,
pfv5dzBvgOQ3LoOUrjSnqQ,15.0,11.0,9.0,12.0,2.0,25.0,6.0,1.0,1.0,1.0,,4.0,1.0,,,1.0
ptlwIBbhC6m6TdcQscf54A,12.0,4.0,8.0,12.0,1.0,18.0,6.0,2.0,8.0,,,13.0,,,,
pvD64-V2OjBUFlFs4BQ9xA,48.0,15.0,60.0,60.0,8.0,44.0,60.0,,16.0,7.0,13.0,34.0,25.0,1.0,3.0,
pzJkOyogB49bNzd_dF-6gQ,11.0,6.0,8.0,32.0,2.0,22.0,5.0,3.0,4.0,1.0,,8.0,,1.0,,
pzTBJAR0dr3xQ4tjF7ageg,21.0,4.0,21.0,23.0,5.0,35.0,20.0,4.0,7.0,1.0,,23.0,1.0,1.0,1.0,
q2EbLD93gEO5uXXx7Pk3bw,50.0,21.0,60.0,30.0,8.0,50.0,60.0,,11.0,3.0,9.0,23.0,3.0,1.0,2.0,
qJjodNeWFLxr2r40u2pqyw,1.0,1.0,8.0,2.0,,5.0,4.0,,1.0,,,4.0,,,,
qKVwVCJ_5D0iOxJYE9wSJw,60.0,60.0,60.0,60.0,11.0,54.0,60.0,,21.0,3.0,15.0,42.0,4.0,,9.0,
qWpf0lVkmjBAOGmks8tE0w,5.0,,1.0,10.0,1.0,28.0,5.0,,3.0,,1.0,13.0,,,1.0,
qpfE2YYAN4DsKo_46yv2Qg,7.0,3.0,4.0,18.0,1.0,18.0,4.0,2.0,6.0,,,10.0,,,,
qq1UaDz8MJFG6FERgLFfYQ,55.0,41.0,60.0,48.0,8.0,48.0,60.0,1.0,11.0,4.0,6.0,18.0,12.0,,3.0,1.0
qs7FgJ-UXgpbAMass0Oojg,5.0,,14.0,24.0,1.0,19.0,9.0,,13.0,1.0,1.0,24.0,,,,
qtH79N3gbcOe4ToQWBckuQ,14.0,5.0,8.0,15.0,3.0,39.0,10.0,,5.0,,,21.0,,,1.0,
qxQ2OSOZgruD0q2QI2WeKA,57.0,11.0,60.0,60.0,3.0,44.0,60.0,,17.0,1.0,10.0,25.0,17.0,1.0,,
r2jiJk3yivcLkWSSYELGcA,12.0,2.0,7.0,18.0,1.0,29.0,8.0,3.0,12.0,1.0,3.0,23.0,,,,
r2qcG59sAqqptnwL4aJGhg,15.0,4.0,25.0,15.0,1.0,15.0,10.0,,8.0,2.0,,8.0,1.0,,1.0,
rR4TZxPramoFj9hm9JOqNA,46.0,44.0,34.0,35.0,2.0,15.0,37.0,,16.0,2.0,2.0,12.0,15.0,,,
rUWn1ClI3N8aD3kMEL2xUw,22.0,6.0,24.0,28.0,2.0,34.0,16.0,2.0,8.0,1.0,5.0,11.0,1.0,,1.0,
raYrqC0DBroiAVtlkddPZg,,,,,,4.0,1.0,1.0,,,2.0,1.0,,,,
rae5BYOri8Def-VVYZzpSg,60.0,60.0,60.0,60.0,11.0,60.0,60.0,,46.0,2.0,16.0,53.0,17.0,1.0,1.0,
rbjjAfKbeR9xniV-4lZMNw,45.0,38.0,51.0,43.0,5.0,45.0,58.0,1.0,12.0,4.0,3.0,20.0,11.0,,2.0,1.0
reXWH9Wo0ZTOuQsTMNOSxg,18.0,5.0,22.0,24.0,1.0,33.0,13.0,2.0,7.0,1.0,4.0,10.0,1.0,,1.0,
rgkwLKTmZdj72S1KmEkENg,46.0,19.0,60.0,24.0,15.0,27.0,60.0,1.0,4.0,,7.0,14.0,11.0,,3.0,
rj3zIk7t9ySGMxVGGTA8gg,58.0,10.0,60.0,60.0,3.0,42.0,58.0,,10.0,1.0,9.0,23.0,8.0,,,
rmQWX9e-FMtW3S48KkUF7Q,7.0,,10.0,9.0,2.0,8.0,4.0,,1.0,,,4.0,1.0,,,
rxY7canIJeXtICb6lprUcQ,15.0,3.0,17.0,18.0,1.0,17.0,13.0,2.0,5.0,1.0,,10.0,1.0,,1.0,
s-9OIo45O9SMoGpBzyL2fQ,21.0,6.0,8.0,18.0,3.0,36.0,12.0,,7.0,,,21.0,,,1.0,
s2f2diwImCaaui2SDpNh-A,10.0,2.0,4.0,12.0,2.0,29.0,7.0,1.0,1.0,,,15.0,,,,
s9alani4rCYMXMWTI5xS7w,18.0,7.0,37.0,27.0,3.0,12.0,24.0,3.0,11.0,1.0,2.0,9.0,1.0,,,
sIsQfDAV9QjgR4c_vi_UPw,13.0,7.0,21.0,4.0,1.0,21.0,42.0,,14.0,1.0,,9.0,2.0,,1.0,
sNzOsVvZlvSO_-sXs2MMHQ,48.0,21.0,60.0,25.0,15.0,32.0,60.0,1.0,6.0,,7.0,16.0,12.0,,3.0,1.0
sZ0pm4KX5z1n5SAAg96vVw,23.0,6.0,7.0,22.0,4.0,20.0,13.0,,8.0,,,20.0,,,1.0,
s_ni_uFL3rczrNiGQmyXHw,22.0,6.0,31.0,43.0,8.0,33.0,25.0,4.0,11.0,3.0,,32.0,,1.0,2.0,
sjcNiTr1YjpbFOMKkakH4Q,37.0,32.0,47.0,44.0,3.0,42.0,55.0,1.0,14.0,4.0,3.0,19.0,10.0,,,1.0
sq0pl58_QvhYsffM6Im-Yw,14.0,11.0,6.0,22.0,2.0,9.0,9.0,3.0,10.0,,,3.0,2.0,,,
szP7qE5LBQLbd9Kx7qPRJg,6.0,1.0,2.0,3.0,,14.0,7.0,6.0,,,,1.0,,,,
tKmqlKWOMMiU8pn0gLliXA,23.0,4.0,34.0,60.0,2.0,30.0,12.0,2.0,26.0,,1.0,16.0,2.0,,,
tNQUY-hc561X0LVgABqRXA,29.0,7.0,43.0,9.0,13.0,5.0,52.0,,2.0,,6.0,7.0,5.0,,3.0,
tWzPbuaUwhjkjIqE0YE4dA,15.0,4.0,25.0,15.0,1.0,15.0,10.0,,8.0,2.0,,8.0,1.0,,1.0,
tYvtL8O1YqcWcaN1xgGtrA,2.0,2.0,,2.0,,7.0,,,1.0,,,,1.0,,,
tpuKzQh5d6veDB-M9qU6Fw,1.0,,,1.0,,14.0,,,,,,3.0,,,,
ttarnopezxmp2ROB1N2PaA,14.0,3.0,16.0,17.0,1.0,28.0,13.0,3.0,7.0,,2.0,15.0,,,1.0,
tzQaJ4-X7wZocpYBKKCRhQ,59.0,22.0,60.0,45.0,7.0,59.0,34.0,,7.0,2.0,5.0,16.0,2.0,,7.0,
u-pywNLq06dgqR48kbFR9w,59.0,47.0,32.0,18.0,5.0,60.0,59.0,,13.0,1.0,4.0,23.0,6.0,2.0,2.0,
u1qumXEGzdxzl0lM3Sjf9Q,25.0,13.0,25.0,12.0,4.0,60.0,39.0,,5.0,,2.0,21.0,1.0,,2.0,
u4lNLYSrMWGJhFLoKwsBzw,3.0,2.0,1.0,7.0,,18.0,3.0,1.0,3.0,,,1.0,1.0,,,
uEucSd4jwY_zb10AcEye_g,30.0,9.0,34.0,48.0,4.0,34.0,27.0,3.0,13.0,3.0,1.0,10.0,5.0,,2.0,
uJRJJvVpdP5zZsy0EQwmDA,3.0,1.0,7.0,7.0,,9.0,4.0,3.0,2.0,1.0,,16.0,,,,
uZybAaC88oLnqR1FEUamGQ,12.0,,9.0,11.0,,26.0,8.0,3.0,5.0,,1.0,19.0,,,1.0,
u_gP88O25oTDpXSArKgaOw,19.0,5.0,60.0,25.0,6.0,28.0,36.0,2.0,19.0,2.0,,29.0,2.0,,,
ugXtAA14p4EoD42zMaF1Xw,30.0,9.0,31.0,47.0,4.0,37.0,25.0,3.0,13.0,3.0,1.0,10.0,5.0,,2.0,
uwYO55f9vlLdGXDIDNfhpA,1.0,,1.0,,,1.0,1.0,,,,,,,,,
v1aUahwzM8CTeLA0O7J8ww,20.0,1.0,36.0,56.0,4.0,57.0,14.0,,12.0,,3.0,16.0,2.0,,,
v5zt16ojbtRIU0I7VzqqVA,5.0,2.0,6.0,9.0,1.0,23.0,6.0,,3.0,,1.0,11.0,,,,
v8yKr4d-QiuyrMbpPFLJJA,29.0,10.0,21.0,42.0,4.0,34.0,14.0,3.0,5.0,,1.0,21.0,1.0,,2.0,
vLC830eWml152kxhrOlaNQ,19.0,4.0,30.0,19.0,6.0,25.0,29.0,1.0,11.0,4.0,2.0,28.0,4.0,,,
vOjAWfhzLaXHa1v5cGnuIQ,15.0,,27.0,2.0,1.0,21.0,16.0,3.0,6.0,,2.0,11.0,1.0,,1.0,
vQwfNjtwqXZwlWY0OzjbZw,,,4.0,,,10.0,1.0,,,1.0,,,2.0,,,
vR1kYG65txQtQOhMcY_P3g,5.0,2.0,,4.0,,16.0,1.0,1.0,,,,1.0,2.0,,1.0,
vRpU1rzh8dmbZfR-k5i1JQ,7.0,5.0,4.0,7.0,2.0,21.0,6.0,,3.0,1.0,,8.0,1.0,,,
vZX86Dvy1E_HuKTZOQKXRA,3.0,1.0,3.0,3.0,,13.0,,2.0,,,,2.0,1.0,,,
vZlFGUANhZ2ZemLvNyXZRg,3.0,1.0,2.0,11.0,1.0,11.0,1.0,2.0,2.0,,,3.0,,,,
vgV_bxW6_EYSlYR5CrrvwA,15.0,9.0,11.0,9.0,,24.0,14.0,,5.0,,2.0,15.0,,,1.0,
vlz27XvIB1eQ-r-qfBcuWw,60.0,51.0,60.0,44.0,16.0,50.0,60.0,1.0,11.0,3.0,7.0,24.0,15.0,,3.0,1.0
vu6PlPyKptsT6oEq50qOzA,60.0,21.0,60.0,60.0,9.0,44.0,60.0,,22.0,8.0,12.0,31.0,27.0,1.0,3.0,
w5BLpD2_aj9gyTMiStJ65Q,18.0,5.0,48.0,37.0,6.0,14.0,21.0,,29.0,3.0,4.0,26.0,,,,
w6bwuiCl388Fj7FmIeOMIA,45.0,6.0,55.0,48.0,7.0,38.0,51.0,2.0,13.0,8.0,7.0,31.0,19.0,1.0,5.0,
w8Frh2uJcT7eWBtPEBxfkA,14.0,3.0,44.0,14.0,,37.0,25.0,,13.0,1.0,,8.0,2.0,,,
wHALiNpbvcSJz9Ho4yNIYA,60.0,41.0,60.0,47.0,14.0,44.0,60.0,1.0,12.0,4.0,6.0,23.0,15.0,,3.0,1.0
wOkaZPQW2IRvG_eXYmdCYg,17.0,7.0,45.0,21.0,6.0,22.0,28.0,2.0,11.0,2.0,,20.0,1.0,,,
wTJhR3NdvpCB2ZAx_qRiqQ,27.0,8.0,47.0,60.0,3.0,29.0,13.0,1.0,26.0,2.0,,9.0,2.0,,1.0,
waY0VFsZX6c45i8hp8fNsw,23.0,7.0,60.0,38.0,3.0,16.0,46.0,,11.0,2.0,4.0,11.0,1.0,,,
wdlyeH5ug7uZpvtb-N97fQ,22.0,1.0,15.0,3.0,,20.0,19.0,,3.0,,7.0,8.0,5.0,,,
weV0R2I-nc73zbmkd-Etdw,60.0,60.0,60.0,60.0,8.0,60.0,60.0,,41.0,2.0,8.0,47.0,9.0,3.0,1.0,
wk5zGwe_czrEZ0RjzwXqGA,15.0,18.0,19.0,36.0,2.0,13.0,20.0,1.0,12.0,1.0,1.0,10.0,8.0,,,
wl9l3GJgisM2tDkrngYV1Q,32.0,1.0,18.0,4.0,,14.0,24.0,2.0,4.0,,9.0,3.0,6.0,,1.0,
wvEGC525cGJZGmqVFJW57A,5.0,4.0,6.0,30.0,1.0,9.0,9.0,1.0,8.0,,,5.0,1.0,,,
wxTdrL-DzyBch1hxxokX0g,26.0,5.0,34.0,16.0,6.0,42.0,40.0,1.0,17.0,3.0,3.0,38.0,9.0,,,
wxzx3duu1c0CcomzEOvfOQ,18.0,2.0,16.0,17.0,1.0,21.0,11.0,3.0,7.0,,1.0,13.0,1.0,,1.0,
x7m7HtntkUCqam9qON6h6A,22.0,5.0,39.0,59.0,4.0,57.0,15.0,,13.0,,4.0,18.0,2.0,,,
xErl0-LbQO9n-5e6ZQQ-Uw,20.0,8.0,10.0,30.0,3.0,30.0,15.0,2.0,4.0,,2.0,14.0,2.0,,2.0,
xJOqHjh0EpCww-rNla6iPA,34.0,1.0,23.0,4.0,,17.0,26.0,2.0,4.0,,9.0,4.0,6.0,,1.0,
xQTgUtgO_9opATaX22PX7A,4.0,1.0,11.0,1.0,2.0,4.0,3.0,1.0,,,,,,,,
xQip7O-KABOtzBb-an4MIw,23.0,2.0,33.0,16.0,4.0,24.0,27.0,4.0,5.0,4.0,4.0,21.0,5.0,,3.0,
xRbP2xtvLzjzHvC_dqcCKg,,,1.0,5.0,1.0,4.0,2.0,1.0,1.0,,,,,,,
xRxqebiQobZqJIRtDxnZsA,18.0,4.0,21.0,21.0,2.0,25.0,21.0,4.0,9.0,1.0,,21.0,1.0,1.0,,
xYEUC7yO_c95cOuv3DfxvA,15.0,6.0,1.0,3.0,,9.0,5.0,7.0,1.0,,,2.0,,,,
x_Sy4mmXC9aoo1B8fTQ5uA,1.0,,1.0,,,,,,,,,1.0,,,,
xc9iz3CT9v133LFdjhOZcQ,8.0,1.0,11.0,17.0,,22.0,4.0,2.0,9.0,1.0,3.0,8.0,,,1.0,
xdAgbLBQcffIxI8mYgjT1Q,10.0,,26.0,40.0,2.0,34.0,11.0,,8.0,,4.0,14.0,1.0,,,
xlIRI4PWY5uhOBdObYsscA,,,3.0,1.0,,,1.0,,,,,,,,,
xqH038QcquJEMm5LIZHd5w,36.0,13.0,40.0,15.0,13.0,15.0,54.0,,2.0,,5.0,10.0,4.0,,3.0,
xsG1SSVsm0YdL6-PaoKV_A,60.0,42.0,60.0,60.0,11.0,60.0,60.0,,31.0,4.0,8.0,37.0,7.0,1.0,1.0,
y3apOqnMuG-FMaRox5jKpg,23.0,7.0,60.0,39.0,3.0,19.0,46.0,,10.0,2.0,4.0,11.0,3.0,,,
yAiBbQSOVPngdQQg9Bs6Sw,14.0,6.0,13.0,16.0,2.0,15.0,11.0,1.0,3.0,,1.0,16.0,1.0,,,
yEhc3Kq8lSBOdNcCB9RYWg,24.0,9.0,13.0,27.0,1.0,19.0,16.0,2.0,3.0,1.0,1.0,10.0,,,1.0,
yNFkf19tzELzDEo2MA5-Yg,5.0,,3.0,3.0,,18.0,12.0,,5.0,,3.0,7.0,,,,
yNMCITEPGh6cgqd6VDfQOg,18.0,6.0,21.0,54.0,1.0,42.0,17.0,,9.0,,6.0,19.0,2.0,,3.0,
yNU6sPRWzVl0ngCRqat1TQ,10.0,1.0,8.0,56.0,,32.0,9.0,2.0,12.0,,2.0,7.0,,,,
yQ5_zQbdfiexfvDe90__KQ,59.0,10.0,60.0,60.0,3.0,51.0,60.0,,17.0,1.0,10.0,28.0,17.0,1.0,2.0,
y_ON3QtBahCKAx4KZ4K72w,2.0,,6.0,5.0,2.0,6.0,4.0,,1.0,,,6.0,,,,
ybBJtVElvdr7tWub4sEFFw,37.0,30.0,34.0,52.0,2.0,14.0,34.0,,14.0,2.0,2.0,9.0,15.0,,,
yhOdQqSZpK7LmRlFzKnbYQ,12.0,3.0,6.0,37.0,2.0,37.0,13.0,3.0,5.0,1.0,,18.0,1.0,,1.0,
yi9xXidbjh_bTM9J0MElwQ,10.0,4.0,5.0,13.0,2.0,14.0,10.0,1.0,3.0,,1.0,18.0,1.0,,,
yiFStC0eaA6Zp5sgWNV8XQ,,,1.0,8.0,,9.0,1.0,,,,,3.0,,,,
z044R1luJTuVtzUGUA9d-A,19.0,3.0,47.0,25.0,5.0,11.0,24.0,,23.0,3.0,6.0,20.0,,,,
z13gyo3YQnqPYRoQXMxvEg,39.0,10.0,60.0,26.0,13.0,26.0,60.0,1.0,6.0,1.0,7.0,11.0,11.0,,3.0,1.0
z3B84RJM47aCnfZ69ai8cA,60.0,56.0,60.0,39.0,15.0,56.0,60.0,1.0,7.0,1.0,6.0,22.0,13.0,,3.0,1.0
z9CN58fSrA46ggyb6OnCnQ,5.0,,3.0,5.0,1.0,19.0,8.0,1.0,2.0,,,8.0,,,,
zEZi-VmBSZaDq09ab2bT9g,13.0,3.0,8.0,19.0,,6.0,10.0,2.0,6.0,1.0,3.0,6.0,1.0,,1.0,
zFxD8QinHt69Bs7M2mgB-Q,60.0,54.0,60.0,60.0,9.0,52.0,60.0,,20.0,3.0,11.0,31.0,3.0,,10.0,
zR_f2QngVJFu9kkRpxXvYQ,60.0,60.0,60.0,60.0,8.0,55.0,60.0,,21.0,2.0,18.0,46.0,5.0,,8.0,
zT5gi6FnFR-qna_orP1fwA,8.0,3.0,3.0,6.0,1.0,11.0,2.0,4.0,,1.0,,,,,,
zVkmaOTMq2xpkbK9whCLmQ,35.0,1.0,26.0,4.0,,17.0,28.0,2.0,4.0,,9.0,6.0,8.0,,1.0,
ziJexMx2QRd4kYMVbvaezQ,44.0,19.0,60.0,27.0,16.0,32.0,60.0,1.0,5.0,,6.0,14.0,12.0,,3.0,1.0
ztL8KI0ed0snCiK88ZUfNw,60.0,60.0,55.0,56.0,10.0,60.0,60.0,,36.0,2.0,7.0,41.0,7.0,3.0,2.0,
zvIbFkcZwqhTuDF7t7eQsQ,19.0,10.0,44.0,9.0,1.0,27.0,26.0,2.0,18.0,,2.0,7.0,2.0,,,1.0
