yelp_id,atm,bank,bar,beauty_salon,book_store,bus_station,cafe,gas_station,gym,movie_theater,museum,school,shopping_mall,subway_station,supermarket,taxi_stand,train_station
#NAME?,124.0,55.0,150.0,120.0,10.0,151.0,51.0,12.0,60.0,5.0,5.0,58.0,19.0,2.0,5.0,,
-8cgezcs-xEpJ_K4O8LxVA,50.0,25.0,38.0,9.0,2.0,60.0,36.0,,8.0,3.0,23.0,18.0,4.0,4.0,,,
062CC_NuxAQ9cWXqRjfxxA,32.0,13.0,19.0,36.0,3.0,36.0,11.0,3.0,7.0,2.0,,7.0,4.0,,1.0,,
0HkNpi8bA_DvNeOFDyFOqg,,,,1.0,,10.0,,1.0,,,,1.0,,,,,
0MF_IBRkZoEAhA2TIYO10Q,40.0,25.0,29.0,39.0,2.0,30.0,17.0,1.0,25.0,,,31.0,3.0,1.0,,,
0Oy1XKhZIpRGXmDsQ7Noqw,13.0,2.0,4.0,8.0,,18.0,2.0,1.0,4.0,2.0,,8.0,2.0,1.0,,,
0d1E1CuLvPnGwcY57792YA,34.0,11.0,60.0,7.0,,52.0,39.0,,17.0,1.0,18.0,17.0,5.0,1.0,,,
0kDRKVk2iJ9pgXRSw3g8zQ,10.0,1.0,12.0,,4.0,5.0,6.0,,,,,,,,,,
19G1gOzWPPpjhOZR8Vw3_g,25.0,10.0,14.0,11.0,,33.0,18.0,3.0,6.0,,,12.0,4.0,1.0,,,
1Cc3EIgfLJVhfPEE_GlWdA,19.0,6.0,10.0,23.0,,20.0,7.0,6.0,7.0,1.0,1.0,8.0,,,1.0,,
1KWPppmtRGK3WdgmX7ak6w,24.0,12.0,12.0,24.0,1.0,23.0,9.0,,7.0,1.0,,6.0,7.0,1.0,1.0,,
1ctsXD-rj0ctn9QCplLVmw,15.0,3.0,1.0,15.0,1.0,20.0,7.0,2.0,11.0,,1.0,17.0,,1.0,,,
1nnWECqcCS4T19Pr-nx-dQ,6.0,,13.0,12.0,2.0,8.0,4.0,1.0,2.0,,,3.0,1.0,,,,
1v-zC24UDxNpXSy1bt-s_g,12.0,4.0,37.0,7.0,,32.0,2.0,2.0,7.0,,,9.0,1.0,,1.0,,
24meUwpFV0R5gwxhFKkKXQ,14.0,7.0,7.0,16.0,,11.0,6.0,4.0,6.0,,,1.0,6.0,,1.0,,
2VJ8gEpYhRODfIi1YRaGeQ,2.0,1.0,11.0,7.0,,16.0,3.0,,4.0,,,4.0,,1.0,,,
2VbkvMdUaKuyIGU4LbYfHQ,18.0,8.0,39.0,14.0,,33.0,20.0,1.0,18.0,2.0,14.0,26.0,,,3.0,,
2hJE8pBAwyw7NffzuxTjQg,19.0,7.0,53.0,22.0,3.0,19.0,13.0,,12.0,,1.0,11.0,,,2.0,,
2owgAPNF2AkqWGXsQoDCIg,17.0,8.0,46.0,20.0,2.0,14.0,21.0,,20.0,2.0,,10.0,6.0,,1.0,,
2qP46-Gutei0RaWv5sDk8Q,3.0,2.0,2.0,1.0,,1.0,,1.0,1.0,,,,,,,,
3103auDUTV8UZDN72D6CQg,5.0,,8.0,4.0,1.0,8.0,8.0,,2.0,,,6.0,1.0,,,,
32VKRJRFgVTI9w2AhY_grA,16.0,4.0,10.0,25.0,4.0,9.0,17.0,2.0,2.0,2.0,,2.0,10.0,,1.0,,
38_DxYPSmxHvbvuDubkMXA,10.0,4.0,5.0,7.0,,6.0,7.0,4.0,2.0,,,11.0,2.0,,,,
3YK9x5aOrHxE27WKzGSw2g,17.0,4.0,16.0,39.0,2.0,38.0,9.0,2.0,5.0,,1.0,7.0,1.0,,,,
3lO_rIMKJao7BVABkKBx2w,6.0,,3.0,,,19.0,3.0,7.0,,,,3.0,,,,,
3uandIdocQdhEryIZEIF9Q,21.0,6.0,12.0,2.0,4.0,38.0,23.0,,1.0,,4.0,13.0,2.0,1.0,1.0,,2.0
4BCrQEcU98J-iRUyE3x7Tg,17.0,3.0,11.0,15.0,,25.0,18.0,,6.0,,1.0,1.0,10.0,1.0,2.0,,
4EAHGaY2wbkQma_yTBhLiQ,2.0,1.0,3.0,9.0,2.0,20.0,5.0,,3.0,,,7.0,1.0,,1.0,,
4S3HAyhNnffg1PGM2jwr6g,6.0,1.0,11.0,,2.0,5.0,14.0,,,,,,,,,,
4SUXI6IE9EZNultFqDtH9A,43.0,21.0,54.0,15.0,1.0,58.0,43.0,,13.0,2.0,19.0,24.0,7.0,2.0,,,
4flZECEzjCfnQJqDvjHLIg,19.0,7.0,37.0,23.0,3.0,10.0,12.0,3.0,17.0,1.0,1.0,7.0,4.0,,,,
56eh2_ZImiSYeZ6qexhnmA,31.0,11.0,47.0,40.0,4.0,37.0,26.0,1.0,14.0,,13.0,21.0,1.0,1.0,2.0,,
58bq4gGkB8YdBVo_kEtTEg,20.0,15.0,3.0,28.0,,18.0,5.0,5.0,7.0,,,7.0,6.0,,1.0,,
5ytVZhm_27QtA82I3NKvcA,14.0,5.0,2.0,11.0,1.0,9.0,7.0,4.0,1.0,1.0,,1.0,3.0,,1.0,,
6JIzZDmgzcVB0BwxxehfPQ,60.0,48.0,43.0,26.0,5.0,51.0,40.0,,6.0,,9.0,31.0,7.0,2.0,1.0,,
6Qhmt1jo7BMcFcp41fPFVg,50.0,32.0,29.0,13.0,2.0,52.0,30.0,,6.0,1.0,7.0,15.0,5.0,2.0,,,
6W1tSAyoEfdJ7KEDc3Bh5g,13.0,1.0,10.0,12.0,,22.0,12.0,,2.0,,1.0,2.0,9.0,1.0,2.0,,
6dzlGp9EtHAIHHB8oVyGhw,9.0,2.0,16.0,10.0,,35.0,7.0,1.0,9.0,,2.0,10.0,,1.0,2.0,,
6lhs5vAxUnZZ-HUU_K_ZUA,11.0,4.0,5.0,,2.0,18.0,6.0,,2.0,,3.0,7.0,,,,,
6vPNPahPY9CFjqpYAgvxww,30.0,17.0,23.0,35.0,2.0,32.0,11.0,2.0,24.0,,,23.0,1.0,,1.0,,
77OxJfmG2xI-0O_ekvKY1A,31.0,7.0,56.0,9.0,1.0,46.0,31.0,,14.0,1.0,17.0,13.0,4.0,2.0,,,
7ANR73f6X1FbbCNOd7eeLg,34.0,11.0,60.0,10.0,1.0,47.0,33.0,,15.0,3.0,22.0,17.0,4.0,2.0,,,
7EEQDlWMHo5qXn_rcAn1Ng,1.0,,7.0,2.0,1.0,13.0,6.0,,2.0,,,8.0,,,,,
7HXY4dHgn83UAAh1Ib5vdA,14.0,3.0,23.0,7.0,,32.0,16.0,,12.0,,3.0,12.0,1.0,,1.0,,
7L6ym2A2fCfrWMCQ4vBsyg,2.0,3.0,3.0,5.0,,6.0,4.0,,1.0,1.0,,1.0,2.0,,,,
82eC8oiAyDH656f9Ke6eqQ,,,,,,2.0,,,1.0,,1.0,,,,,,
85SDLXUYdPypERi1DVOZQA,14.0,2.0,5.0,8.0,1.0,18.0,1.0,1.0,4.0,2.0,,8.0,2.0,1.0,,,
8MObDyLiiMgzsx2TT_w92g,33.0,18.0,16.0,33.0,2.0,60.0,13.0,1.0,10.0,2.0,,13.0,4.0,1.0,1.0,,1.0
8S-qxX9ueCDR-dfeMfRQSw,24.0,15.0,2.0,40.0,,22.0,5.0,5.0,12.0,,,13.0,5.0,,1.0,,
8S5zYIe4NuybG6cHIm3fgg,8.0,1.0,32.0,6.0,,27.0,2.0,3.0,5.0,,,9.0,1.0,,1.0,,
8aAKeQrfw4m3YdPvqmrEIA,19.0,10.0,13.0,12.0,,22.0,9.0,1.0,8.0,1.0,,9.0,1.0,1.0,,,
8zXqGH5xnASU_5UBrwe_XA,5.0,,12.0,13.0,2.0,6.0,3.0,1.0,2.0,,,3.0,1.0,,,,
95cYdnjLIlhaX8Zsi5SExw,30.0,17.0,23.0,34.0,2.0,32.0,11.0,2.0,24.0,,,23.0,1.0,,1.0,,
9AM3zqpnvigkXAARt184eA,21.0,9.0,30.0,23.0,1.0,16.0,15.0,1.0,11.0,,,7.0,4.0,1.0,2.0,,
9HHQIQyrslWluJnBUgMmLQ,37.0,26.0,18.0,32.0,4.0,22.0,16.0,1.0,22.0,1.0,1.0,14.0,9.0,1.0,1.0,,
9M3DQ1Pn2-V-aiBvmld-jw,60.0,47.0,42.0,28.0,3.0,50.0,39.0,,9.0,,9.0,39.0,5.0,2.0,1.0,,
9QdPuTSnoCvfoScXh4cfoA,11.0,4.0,6.0,15.0,,11.0,5.0,3.0,6.0,,1.0,5.0,,,,,
9SJPwtq0bGRT_QkIPV8m1A,14.0,1.0,10.0,14.0,,22.0,14.0,,4.0,,1.0,1.0,10.0,1.0,1.0,,
9X0F8gl4mPSSFHkxSB2lXA,26.0,12.0,46.0,31.0,4.0,18.0,23.0,,22.0,2.0,,15.0,5.0,,,,
9oAjjM88jiZnB-BQlctleg,19.0,6.0,10.0,23.0,,20.0,7.0,6.0,7.0,1.0,1.0,8.0,,,1.0,,
9tlgRMm6b5hG-OnDRQkoOQ,60.0,41.0,37.0,19.0,3.0,60.0,51.0,,20.0,,11.0,28.0,6.0,1.0,,,
9uuDSvj9b7ntCq0ETuizzg,14.0,3.0,32.0,27.0,5.0,31.0,16.0,1.0,9.0,,12.0,13.0,,,1.0,,
9wUKxLh8ob8kLND5VE3YyA,60.0,46.0,52.0,37.0,3.0,42.0,43.0,1.0,18.0,1.0,16.0,59.0,7.0,2.0,,,
AVihKWsWaQAp0f2DPdXe4Q,21.0,6.0,38.0,27.0,4.0,38.0,23.0,1.0,13.0,,13.0,16.0,1.0,1.0,2.0,,
AgwAkMq0YstWFO4bw8HRiA,19.0,3.0,31.0,9.0,,36.0,20.0,,15.0,1.0,3.0,13.0,3.0,1.0,,,
B-NQjTjaIPURVtpUQe0-3w,19.0,9.0,41.0,16.0,,31.0,21.0,1.0,20.0,2.0,16.0,26.0,,,2.0,,
BFQiPm29_YiNZ-m0i2JQDQ,18.0,8.0,5.0,19.0,,16.0,2.0,3.0,,,,9.0,2.0,,,,
BeGo3TSuhF7fOv0dzp0s1g,18.0,11.0,18.0,27.0,1.0,25.0,11.0,3.0,10.0,,,9.0,1.0,,1.0,,
C0QqrXC3I_QXaWcYSL6puw,30.0,18.0,38.0,18.0,3.0,55.0,36.0,,20.0,,9.0,21.0,4.0,,1.0,,
C4NPRTTKxECtobZ4z9lahA,11.0,2.0,19.0,13.0,,36.0,9.0,1.0,9.0,,1.0,7.0,1.0,1.0,1.0,,
CQTpGFDDc7_0eNlSN9uf3w,10.0,3.0,11.0,22.0,1.0,11.0,10.0,1.0,4.0,,2.0,5.0,,,,,
CUaAgMe1lEOmL74fRlz6Ag,12.0,2.0,2.0,14.0,1.0,11.0,6.0,6.0,1.0,,,1.0,1.0,,1.0,,
CZiEwUqsSog8Kc8rpdF6vA,6.0,3.0,3.0,18.0,1.0,4.0,7.0,2.0,1.0,,1.0,1.0,,,,,1.0
DBzIfEeZ9yKLF6n851DQsA,14.0,6.0,29.0,17.0,1.0,41.0,17.0,2.0,20.0,,6.0,12.0,,1.0,1.0,,
DC1S5q5uHmRnHNMOtgGUYA,5.0,2.0,6.0,12.0,,11.0,5.0,,2.0,,1.0,2.0,,,,,
DhTPZ_VO6Pj-b6r3KlWdfg,35.0,12.0,25.0,45.0,2.0,60.0,21.0,3.0,8.0,2.0,2.0,12.0,4.0,2.0,1.0,,2.0
DxfrPUEIjKLM8NihlSYKwg,60.0,54.0,24.0,14.0,7.0,43.0,38.0,2.0,8.0,,8.0,33.0,7.0,2.0,,,
E0vBuWBK2JIqaj0q7HbxeA,6.0,,13.0,12.0,2.0,8.0,4.0,1.0,2.0,,,4.0,1.0,,,,
EPGPMrm41eSDo6pwyhnn0A,60.0,60.0,40.0,32.0,4.0,42.0,47.0,2.0,10.0,,11.0,37.0,10.0,3.0,1.0,,
EZQNWslQO5fF-6qJ-eRsRw,19.0,6.0,15.0,18.0,1.0,38.0,10.0,,5.0,1.0,1.0,18.0,2.0,1.0,1.0,,
Ej_S0TYGWOGi9LPdDz7DKA,18.0,10.0,28.0,17.0,1.0,15.0,15.0,,11.0,,,6.0,3.0,1.0,2.0,,
EmKWx4nSbaAT5EJ6cKvNwQ,7.0,4.0,3.0,15.0,1.0,32.0,3.0,,1.0,1.0,,1.0,3.0,,,,
EqJ5oOcy6DWx9WSp1lqAQw,2.0,1.0,4.0,4.0,3.0,6.0,4.0,1.0,,,,1.0,2.0,,,,
FPj_bKBAu9ckQkBtHMPKow,60.0,52.0,58.0,42.0,2.0,38.0,49.0,2.0,17.0,1.0,15.0,55.0,7.0,3.0,1.0,,
FQw3ceM9OwCHv47MpZufHA,15.0,3.0,10.0,25.0,4.0,10.0,16.0,2.0,2.0,2.0,,2.0,10.0,,1.0,,
F_o6tbveRnSHNra3MMMoXg,3.0,2.0,1.0,7.0,,9.0,3.0,1.0,2.0,,,,1.0,,,,
FvwxyEH1XXDAHvPsPbyrCA,60.0,34.0,56.0,43.0,3.0,40.0,35.0,1.0,18.0,1.0,6.0,36.0,6.0,1.0,1.0,,
G5y4JTfIHAa2NA2AjwRNGg,46.0,22.0,60.0,11.0,1.0,59.0,48.0,,15.0,3.0,20.0,24.0,7.0,2.0,,,
G8kBEJZSflFKBVmvY2NkrQ,25.0,8.0,28.0,4.0,1.0,38.0,14.0,,1.0,3.0,17.0,6.0,1.0,3.0,,1.0,
GKA0D1x-krmMChSdlo-4qQ,31.0,13.0,52.0,7.0,1.0,49.0,20.0,,5.0,4.0,23.0,12.0,3.0,3.0,,,
GKXEL7k-AWl_Qi5VASVteA,14.0,5.0,9.0,11.0,,31.0,7.0,,5.0,1.0,2.0,18.0,2.0,,4.0,,
GLJEfpY38xgLjw2e7a9mJw,10.0,4.0,2.0,11.0,,10.0,4.0,2.0,1.0,,,2.0,2.0,,,,
GOzbZMHNBOlr8uIXCjmEqA,24.0,12.0,10.0,3.0,,27.0,11.0,2.0,2.0,,,9.0,3.0,1.0,,,
GlAT_ksg5ftJ87PXwXmoVA,44.0,20.0,32.0,9.0,1.0,59.0,27.0,,7.0,3.0,21.0,13.0,4.0,3.0,,,
GmF0Ndwjvhzr1vJOib0JBA,17.0,3.0,10.0,36.0,1.0,26.0,3.0,5.0,1.0,,,2.0,2.0,1.0,,,
Gw8GCgHx0atCy-lDZCEV9w,20.0,15.0,3.0,29.0,,20.0,5.0,5.0,9.0,,,11.0,6.0,,1.0,,
Gz2yPmWFI6wFRnbVtB2LlQ,,,1.0,1.0,1.0,,,,,,,,,,,,
HBDr7Y2O5wqKYH15z1izmw,55.0,35.0,40.0,12.0,2.0,60.0,42.0,,10.0,2.0,18.0,20.0,6.0,2.0,,,
HKXdBKKvjdZDxLrYlKosfg,7.0,1.0,12.0,2.0,,12.0,6.0,1.0,4.0,,2.0,4.0,,1.0,1.0,,
HnieWXrwCa7fyZ259x7OFg,22.0,7.0,19.0,13.0,1.0,22.0,9.0,1.0,2.0,,2.0,6.0,3.0,,,,
HqoZlI7wHR7qXtyvUdTq4Q,21.0,7.0,20.0,10.0,1.0,16.0,11.0,1.0,3.0,,2.0,4.0,3.0,,,,
HtJ8UwtgC1yOfe3DBnLK-g,48.0,30.0,38.0,27.0,4.0,57.0,35.0,,13.0,,7.0,30.0,3.0,1.0,1.0,,
I3oIILJGPa78CzHVmEcCxw,1.0,2.0,1.0,,,2.0,,,,,,,,,,,
IMUlQlXTqgsWTUZLifuRZQ,21.0,12.0,41.0,36.0,4.0,20.0,26.0,,21.0,2.0,,15.0,6.0,,1.0,,
IahWJkql-VuJXlXfLFRccw,20.0,11.0,41.0,34.0,3.0,24.0,28.0,3.0,16.0,2.0,,16.0,5.0,,1.0,,
IcqTDz1oRQ6Plvv3wUbm4Q,24.0,7.0,15.0,8.0,,20.0,11.0,1.0,5.0,,2.0,3.0,3.0,1.0,,,
Iq1BwdGAOIVF8ki7Bh0Jug,16.0,5.0,32.0,15.0,1.0,15.0,18.0,,9.0,2.0,12.0,25.0,,,1.0,,
Ivy6kq6Tv2ztNZIp4aLLmA,9.0,,5.0,1.0,,7.0,1.0,,,,,1.0,,,,,1.0
IzT4n5qDMzF6fJ33-wwdDw,12.0,2.0,4.0,8.0,,18.0,2.0,1.0,4.0,2.0,,8.0,2.0,1.0,,,
JbjX2JLvMlZLfbTzHxBK9g,6.0,1.0,13.0,,2.0,6.0,15.0,,,,,,,,,,
JcF8L86BMH8Hx0mWxPJv8w,31.0,16.0,14.0,26.0,2.0,32.0,12.0,1.0,8.0,2.0,,9.0,4.0,,1.0,,
JjGLEi6zw5PgR4AQfDPBng,19.0,7.0,49.0,21.0,4.0,18.0,13.0,,10.0,,1.0,8.0,,,3.0,,
Jk890uJFlkZQcpJ_WIHZaA,18.0,4.0,54.0,16.0,4.0,27.0,6.0,,7.0,1.0,2.0,21.0,2.0,1.0,1.0,,
JmqXHl4hsfzRZGDg58hxaA,29.0,7.0,21.0,45.0,2.0,60.0,18.0,3.0,7.0,2.0,2.0,11.0,4.0,2.0,1.0,,2.0
JnquzUsxxOFPvYUlKc0Njg,17.0,4.0,16.0,39.0,2.0,60.0,12.0,2.0,6.0,,2.0,9.0,1.0,1.0,,,1.0
JpC8FnVYC722GFeuhGzRxA,28.0,12.0,50.0,39.0,4.0,43.0,23.0,,12.0,,12.0,22.0,1.0,1.0,2.0,,
JzGaXaaQZPXK_x9WXDDcsw,5.0,1.0,1.0,5.0,,5.0,6.0,4.0,1.0,1.0,,,3.0,,1.0,,
K4L7keIAXIO-wNNJM3coIA,9.0,3.0,,14.0,,10.0,6.0,3.0,3.0,,,1.0,,,1.0,,
KAlEMleKomiXDmE7wDOZeA,29.0,11.0,52.0,40.0,4.0,43.0,24.0,,12.0,,12.0,21.0,1.0,1.0,2.0,,
KMAHhiDKmFnsszK0E0J0BA,7.0,,3.0,12.0,,10.0,5.0,1.0,2.0,,,2.0,1.0,,1.0,,
KMrr9hYyrK3J_V8lmeLQvA,1.0,2.0,13.0,11.0,4.0,11.0,7.0,,10.0,2.0,,6.0,,,,,
KOOTZMjLyGQzG-5uZbSASw,20.0,7.0,38.0,23.0,3.0,11.0,11.0,3.0,19.0,1.0,1.0,7.0,4.0,,,,
KkHfLfN4jNivWSU1us-azA,40.0,20.0,60.0,9.0,1.0,57.0,44.0,,14.0,3.0,20.0,21.0,7.0,2.0,,,
Klz2UL-_MOFkcpfWM69rzQ,11.0,3.0,3.0,10.0,,6.0,3.0,1.0,2.0,,,3.0,,,,,
KnWmhxLgFKV5KkltiDJNbQ,7.0,1.0,3.0,12.0,,13.0,2.0,3.0,3.0,1.0,,4.0,3.0,,,,
Kum_yBojFgplX6U68iUR4g,41.0,19.0,55.0,44.0,4.0,40.0,33.0,,15.0,1.0,9.0,28.0,2.0,1.0,2.0,,
KzvDIfyPmWQ0MPDTldtNNg,19.0,7.0,53.0,21.0,4.0,19.0,14.0,,12.0,,1.0,8.0,,,2.0,,
L18Zrls7Ke3wObDxjUx1cg,,,1.0,1.0,,8.0,,,,,,1.0,,,,,
L1RVFitfGswV0dUneVCt9g,1.0,,6.0,1.0,1.0,,5.0,,,1.0,1.0,5.0,,,,,
LBKph_FnJH_BIwOfW5s5FA,1.0,,7.0,1.0,1.0,10.0,6.0,,2.0,,,6.0,,,,,
LaF6ZwGWP-y8pAs5M3LUBQ,17.0,9.0,17.0,29.0,1.0,24.0,11.0,3.0,11.0,,,8.0,1.0,,1.0,,
LhVZjnt_W_RGymDCGJZVBw,2.0,1.0,11.0,7.0,,14.0,3.0,,4.0,,1.0,4.0,,1.0,,,
LkDl2WYXOVlW3NuKYLfu7A,4.0,,1.0,3.0,,5.0,3.0,4.0,,,,,,,,,
LyrC7SNMvq07iJiGvwX6Aw,2.0,,8.0,,5.0,2.0,7.0,,,,,,,,,,
M9AQY6psXPaiXhl8JRbWMg,20.0,5.0,10.0,2.0,4.0,39.0,24.0,,1.0,,4.0,17.0,2.0,1.0,1.0,,2.0
MARpjcuJ3XgHPFH7ZdUz4w,,,,,,6.0,1.0,,,,,3.0,,,,,
MVVOLevQSzS3ogKyEW24Bw,23.0,12.0,43.0,43.0,5.0,22.0,30.0,,24.0,2.0,,16.0,6.0,,1.0,,
Mnw_f3aoj4aqBN6_m1eZLw,8.0,2.0,16.0,3.0,,14.0,7.0,1.0,4.0,,1.0,5.0,,1.0,1.0,,
NG40ta9H5sV4rChMX5B4Mg,4.0,2.0,1.0,5.0,,23.0,4.0,2.0,1.0,,,4.0,,,,,
NRYEiz_iCGl6_4rYpyBmew,5.0,1.0,12.0,,2.0,3.0,16.0,,,,,,,,,,
NaGx_QMxnGQLutBxfHgneg,43.0,15.0,60.0,10.0,2.0,60.0,48.0,,14.0,3.0,21.0,20.0,7.0,2.0,,,
O1v7Pa-sMVsnn1L0RPT-nw,6.0,,12.0,11.0,2.0,6.0,3.0,1.0,2.0,,,3.0,1.0,,,,
O9JAJYrDNLJlDxoRzh7hbw,17.0,3.0,10.0,36.0,1.0,27.0,3.0,5.0,1.0,,,2.0,4.0,1.0,,,
O_BiEL4iRXzdTrxO7wh_Ig,4.0,2.0,,4.0,1.0,12.0,1.0,,2.0,,1.0,3.0,,,,,
OszIRBHUSV7gWfqpsQhBnA,,,1.0,,,1.0,1.0,,,,,,,,,,
PFs8ZJTRTfjp04PvVoShMg,19.0,11.0,12.0,10.0,,18.0,13.0,,8.0,1.0,,11.0,2.0,1.0,1.0,,
PKdL_ix6Gm2b8fSqI76E3g,20.0,2.0,23.0,29.0,5.0,19.0,14.0,2.0,8.0,1.0,1.0,13.0,,1.0,3.0,,
PRNqoTMjNt24xD8U_1Aixg,38.0,26.0,17.0,31.0,3.0,23.0,18.0,1.0,20.0,1.0,,14.0,9.0,1.0,1.0,,
PqCJCmRy0Cehq_cOrLoGFg,1.0,,1.0,,,,2.0,,1.0,,,1.0,,,,,
PsvqiLNCIlpJ7m421Ao15Q,4.0,1.0,6.0,,1.0,8.0,5.0,1.0,3.0,2.0,2.0,10.0,3.0,,2.0,,
PvRz-sn6GHaEvhmx_XcqMA,21.0,7.0,54.0,27.0,3.0,21.0,17.0,,12.0,,1.0,10.0,,,2.0,,
QKIH0ALmEGsRuFRDRRn9oQ,11.0,4.0,7.0,15.0,,11.0,5.0,3.0,4.0,,1.0,3.0,,,,,
Qb96SguwIDqRqSBcKHVBsQ,10.0,1.0,12.0,,4.0,5.0,6.0,,,,,,,,,,
QeU1GDOAcpOeQGXGOf4ntw,12.0,1.0,29.0,6.0,,31.0,2.0,5.0,3.0,,1.0,7.0,1.0,,1.0,,
QvE4VfVU_0IrlKwz7UwRdg,60.0,40.0,55.0,38.0,2.0,39.0,41.0,,17.0,1.0,16.0,55.0,6.0,2.0,,,
R9dPfBI1bY7Pqyr9wkLrBA,2.0,,,2.0,,,1.0,1.0,,,,,,,,,
RTUt3chdSkv-ZDT3fgaMNQ,5.0,2.0,,6.0,1.0,14.0,5.0,1.0,1.0,,,1.0,,,,,
RqxusFi2wsbF7O-77giV-Q,22.0,11.0,22.0,16.0,3.0,31.0,12.0,,7.0,2.0,5.0,27.0,,,,,
S1D6n5U0gcegIAT59jgyHA,8.0,1.0,2.0,8.0,1.0,8.0,4.0,3.0,2.0,,,1.0,1.0,,1.0,,
S1MZUJ8MKb1zrjHRWJb-Hw,11.0,4.0,1.0,8.0,,16.0,4.0,5.0,2.0,,,3.0,1.0,,1.0,,
S6kaRKSBXPGW7kwlYG6XsQ,8.0,2.0,9.0,14.0,3.0,17.0,8.0,2.0,2.0,2.0,1.0,4.0,,,1.0,,
SIkF5IPv5FpISFRKR5VnIw,10.0,2.0,6.0,7.0,,14.0,5.0,2.0,10.0,,,17.0,3.0,1.0,1.0,,
SKBrtmQeCyerKD32_rIwaA,6.0,2.0,1.0,8.0,,11.0,4.0,2.0,4.0,,,2.0,1.0,,1.0,,
SgWS1huKOS9pewAR1QMlLg,,,,,,,1.0,,,,,,,,,,
TGqeG_HnI5UheoZ1eVDFWQ,7.0,2.0,4.0,5.0,,14.0,2.0,1.0,2.0,,,7.0,,,,,
TJYCcAY3SnxAzvcTMnHVvA,45.0,25.0,34.0,8.0,2.0,58.0,31.0,,8.0,2.0,14.0,18.0,4.0,2.0,,,
Tapy0VAUh1lJZA4_fB9zJg,10.0,4.0,5.0,7.0,,6.0,7.0,4.0,2.0,,,11.0,2.0,,,,
TrDQc_Yd4P8GjxUoa5nkVQ,4.0,3.0,22.0,5.0,,10.0,19.0,,10.0,1.0,,7.0,4.0,,1.0,,
TsSDRn2JxVCUcsAMKRaW3A,19.0,3.0,25.0,6.0,,33.0,16.0,,10.0,1.0,3.0,12.0,2.0,,1.0,,
TvVFo5-bW2pKWXHA7lVWUA,60.0,60.0,48.0,34.0,4.0,39.0,48.0,2.0,14.0,1.0,12.0,40.0,10.0,3.0,1.0,,
U0tfep9yNBASTe2zAG6cPw,26.0,12.0,47.0,31.0,4.0,17.0,26.0,,23.0,2.0,,15.0,6.0,,1.0,,
U7jwUu3oJsqQNeRYwpDSvA,2.0,,1.0,1.0,,31.0,3.0,,2.0,,,8.0,,1.0,,,
U9R_sUE9P8EZO9Yx54VlmQ,29.0,17.0,24.0,27.0,,31.0,20.0,1.0,13.0,1.0,4.0,29.0,4.0,,2.0,,
UBiSrFhOA8xHWdGcvT5hmQ,18.0,5.0,10.0,21.0,,19.0,7.0,6.0,7.0,1.0,1.0,7.0,,,1.0,,
UD_Ap7enNn7aPByJkqDZtg,1.0,,1.0,1.0,,10.0,4.0,1.0,,,1.0,8.0,,,,,
UGUUPV-SPp5Wj92gTsqfhA,15.0,3.0,10.0,22.0,5.0,11.0,16.0,2.0,2.0,2.0,,1.0,10.0,,1.0,,
UToNAlfVve0b50dUs2uOWQ,59.0,39.0,46.0,24.0,4.0,55.0,41.0,,12.0,,8.0,34.0,7.0,1.0,1.0,,
UfKOjg9tnbIL1PqSa-TL4w,9.0,4.0,15.0,10.0,2.0,27.0,5.0,,7.0,,,12.0,1.0,,2.0,,
Uo0ZQjylS1PWfjQJ4tPqCQ,4.0,1.0,8.0,7.0,,11.0,4.0,3.0,2.0,1.0,,14.0,,,,,
VHjUduYxeNr3Mb8-KGBeGw,38.0,17.0,22.0,40.0,3.0,60.0,16.0,3.0,9.0,2.0,,10.0,4.0,1.0,1.0,,1.0
W-6JWToQHBvGUbfw6Y-THQ,14.0,3.0,25.0,23.0,3.0,23.0,15.0,1.0,7.0,,10.0,11.0,,,1.0,,
W1ta4KHHO9m_5KCGx2Athw,32.0,10.0,50.0,6.0,1.0,42.0,21.0,,3.0,4.0,23.0,10.0,2.0,3.0,,,
W1wXF-ufqYLtTNBwz8nX_w,17.0,4.0,33.0,28.0,5.0,30.0,16.0,1.0,9.0,,10.0,15.0,,,1.0,,
WCoIW94VWz73_d9Lx9V4RQ,16.0,3.0,11.0,12.0,,26.0,5.0,1.0,6.0,,,7.0,2.0,,,,
WvQkCs_C_HCfGUFUA0_-hQ,8.0,1.0,13.0,1.0,2.0,5.0,3.0,1.0,,,,,,,,,
XGKMeelsF3yPbY-jIZxZRA,19.0,7.0,51.0,22.0,4.0,18.0,14.0,,13.0,,1.0,8.0,,,3.0,,
XQIoT11_Ou5PedBhVruH8A,18.0,8.0,31.0,19.0,2.0,15.0,15.0,2.0,13.0,,,12.0,4.0,1.0,2.0,,
XYSMRBNxdOOvJCkWyCZUfw,6.0,,3.0,6.0,,18.0,4.0,,10.0,,,16.0,3.0,1.0,1.0,,
XZaZKVxWoYJloBZF_ASqoA,2.0,1.0,11.0,7.0,,16.0,3.0,,4.0,,,4.0,,1.0,,,
XxYgUH6A71jd6isB7TtE4w,3.0,1.0,,5.0,1.0,9.0,2.0,2.0,1.0,,,2.0,1.0,,,,
Y1lu8rQMqKTEyD5vOIX9NA,17.0,4.0,54.0,16.0,4.0,27.0,5.0,,7.0,1.0,2.0,19.0,2.0,2.0,1.0,,
Y5VHK5uzYqAPN-UFt6DDUw,19.0,7.0,16.0,3.0,1.0,36.0,8.0,,,1.0,10.0,5.0,,2.0,,1.0,
YB92vXpB2zYM1OA78UzzuQ,22.0,8.0,28.0,19.0,1.0,16.0,11.0,3.0,14.0,,1.0,18.0,2.0,1.0,1.0,,
YNjfOowGIzAgDZTlXuULfA,24.0,13.0,8.0,10.0,1.0,29.0,19.0,,4.0,,4.0,17.0,,,,,
YOoOOlKOvaj-EUIK7X0dtw,7.0,1.0,3.0,4.0,1.0,18.0,9.0,,7.0,,1.0,4.0,2.0,,1.0,,
Ygce6oUeuww37_loxq264g,12.0,6.0,43.0,10.0,,28.0,21.0,,18.0,2.0,7.0,13.0,,,2.0,,
Yk5I73wZ7Quj5Nt1H0vtEg,5.0,4.0,13.0,27.0,5.0,29.0,9.0,2.0,2.0,1.0,1.0,2.0,1.0,,,,1.0
Yud8O7de6u05rPtYmvhiPw,6.0,3.0,1.0,18.0,1.0,4.0,5.0,2.0,1.0,,1.0,1.0,,,,,1.0
Z1LmDLn3OtIZi_hcTSGfjA,24.0,11.0,30.0,11.0,2.0,42.0,25.0,2.0,18.0,,4.0,15.0,2.0,1.0,1.0,,
Z5RrD-Ocjbm4YX34F6FAMQ,60.0,39.0,50.0,38.0,3.0,38.0,39.0,,15.0,1.0,17.0,47.0,5.0,1.0,,,
ZH6NIvlnK48s8eyoY2UjRw,35.0,21.0,27.0,33.0,2.0,28.0,14.0,1.0,21.0,,,29.0,3.0,,,,
ZKVjYlqszGYhR8Ogs0sw4A,27.0,6.0,47.0,9.0,,43.0,30.0,,14.0,1.0,17.0,10.0,3.0,2.0,,,
ZVuno8nH-XdNxfKcIPJCBA,60.0,35.0,44.0,8.0,1.0,60.0,49.0,,11.0,2.0,18.0,26.0,7.0,2.0,,,
ZgjCUSm-El-zEGdRm769nQ,14.0,5.0,9.0,11.0,,33.0,7.0,,5.0,1.0,2.0,18.0,2.0,,4.0,,
ZvGLepkwp4mBmQES-v2Cww,8.0,2.0,2.0,12.0,,10.0,5.0,4.0,,,,,,,,,
Zy6qyMe_3LjLd_u-8op_tw,6.0,,7.0,6.0,1.0,28.0,5.0,3.0,4.0,,,18.0,,,,,
_3LhPRuwGwLbsFq9ovdtrw,25.0,8.0,39.0,36.0,4.0,43.0,21.0,,12.0,,10.0,18.0,1.0,1.0,2.0,,
_QyTjZdBMMhjpVRXYLNllg,2.0,1.0,1.0,4.0,,3.0,3.0,1.0,,,,1.0,,,,,
_deWPcuQ1JlJGvkvJrIXHg,16.0,9.0,5.0,22.0,1.0,14.0,13.0,3.0,3.0,1.0,,,6.0,,1.0,,
_oMDRU4VSgzGKlTJyfmMzQ,36.0,12.0,60.0,8.0,1.0,58.0,40.0,,14.0,2.0,21.0,18.0,4.0,1.0,,,
_pty06KHXlHXsrY9x41VwA,10.0,6.0,3.0,3.0,,14.0,3.0,1.0,3.0,,1.0,1.0,4.0,,,,
_vQ_8nNHiHsMqzSor-qFWw,1.0,,1.0,4.0,1.0,4.0,3.0,1.0,2.0,,,2.0,1.0,,,,
a-5Jd4irVqkaxRs-AQ-HGw,14.0,,19.0,15.0,3.0,22.0,8.0,2.0,9.0,1.0,1.0,15.0,,1.0,1.0,,
aCcbphL6dRHOYGpgxVxlEg,12.0,7.0,4.0,17.0,1.0,15.0,12.0,3.0,1.0,1.0,1.0,1.0,4.0,,1.0,,
aDrlnNcZtCmHyfFVu4_G9Q,22.0,11.0,28.0,20.0,1.0,15.0,15.0,1.0,11.0,,,5.0,3.0,1.0,2.0,,
aKI2Ei3ffX6P_y295BDgRQ,44.0,22.0,60.0,11.0,1.0,53.0,32.0,,11.0,4.0,21.0,15.0,6.0,3.0,,,
aO1XK9zHD9S_0zV3GtOGEw,2.0,1.0,4.0,5.0,3.0,10.0,4.0,1.0,,,,2.0,2.0,,,,
aP8uA6LkzBc4q2R0RBRTtA,3.0,2.0,2.0,1.0,2.0,16.0,3.0,1.0,4.0,,,7.0,1.0,1.0,,,
aWt7HEBCyhrKQCeC8BPAjw,15.0,3.0,11.0,22.0,3.0,11.0,16.0,2.0,2.0,2.0,,1.0,9.0,,1.0,,
acsAA3N6md89jqgWE0B7nQ,16.0,3.0,11.0,12.0,,25.0,5.0,2.0,6.0,,,7.0,2.0,,,,
aguz4N77GReqFushBdhVsw,23.0,7.0,58.0,19.0,3.0,29.0,13.0,2.0,18.0,,3.0,18.0,,1.0,1.0,,
arwOOqaQWKVlSqFXoeImew,6.0,,1.0,1.0,,4.0,2.0,2.0,,,,1.0,,,,,
axeT144_-6Z4Hui-lDbAUQ,49.0,25.0,60.0,11.0,2.0,60.0,43.0,,11.0,4.0,19.0,17.0,7.0,3.0,,,
axnuD2onVoJY7C8y-7ywYw,20.0,4.0,34.0,8.0,,36.0,21.0,,12.0,1.0,5.0,13.0,3.0,,,,
b2voZVlouByHQlCUauhytg,13.0,6.0,36.0,9.0,3.0,16.0,12.0,,5.0,,1.0,3.0,,1.0,1.0,,
bHu90zj_Wrf4UnMDOexo9Q,13.0,1.0,10.0,12.0,,25.0,12.0,,2.0,,1.0,2.0,10.0,1.0,2.0,,
b_hegY8tsG27MbQSfIB_ow,27.0,15.0,12.0,23.0,1.0,25.0,8.0,,7.0,1.0,,6.0,7.0,1.0,1.0,,
b_sT0QJvudIaLnAnY7KIpQ,,,2.0,,,,,,,,,1.0,,,,,
bibwEKWWSyB422Ap-t7Sdw,17.0,9.0,17.0,30.0,1.0,21.0,11.0,3.0,11.0,,,8.0,1.0,,1.0,,
c-PhA7dl4u45CCQJge9wuw,4.0,,1.0,3.0,,10.0,2.0,2.0,1.0,,,,,,,,
c8rBVjwFJmRBHyYHT_UNhw,3.0,,1.0,1.0,,6.0,1.0,3.0,,,,,,,,,
cRHXug5ja_xSTgIxXYOC9g,12.0,2.0,23.0,13.0,1.0,36.0,14.0,2.0,16.0,,1.0,8.0,1.0,1.0,1.0,,
cSDCS9l9sY5tc_ULQQMogA,30.0,15.0,11.0,6.0,,27.0,11.0,,4.0,2.0,,10.0,6.0,1.0,,,
cWwiWQRn243qju4FOMnlzQ,,,3.0,1.0,,4.0,2.0,,1.0,,,,1.0,,1.0,,
canGGUCtoW_i4kQGiwnamg,39.0,17.0,22.0,42.0,3.0,60.0,17.0,3.0,9.0,2.0,1.0,10.0,4.0,2.0,1.0,,2.0
cgpfIEZBChUrG7IauI52qw,8.0,1.0,4.0,9.0,4.0,7.0,6.0,3.0,2.0,,,9.0,2.0,,,,
cjrSEaVGsIfL0TVUtYLTNQ,3.0,,1.0,,,6.0,1.0,3.0,,,,,,,,,
clV4TsDUa0WAUYChiDYxtQ,11.0,2.0,16.0,11.0,,34.0,6.0,1.0,9.0,,2.0,12.0,,1.0,1.0,,
d82VK9Ve7hq1WROlsA4fIA,3.0,1.0,,4.0,,8.0,2.0,4.0,2.0,,,4.0,,,,,
dT3ChQooeSYZA1kF6KU1Xw,1.0,,4.0,6.0,,9.0,3.0,3.0,1.0,,,1.0,,,,,
dXVjIxOIVqgjC6FdlcfHWA,12.0,1.0,31.0,30.0,4.0,19.0,11.0,2.0,9.0,,2.0,8.0,,,,,
da1PgYj_uNmCxd4K1qle7w,10.0,5.0,6.0,6.0,,7.0,1.0,2.0,6.0,,1.0,11.0,,,,,
dpdxywxqeMpUXSPvjHKDQA,3.0,2.0,1.0,9.0,,17.0,1.0,1.0,1.0,,,5.0,1.0,,1.0,,
dy3r3eCv1Op77rtFwghaLw,60.0,54.0,35.0,21.0,4.0,40.0,37.0,2.0,8.0,,6.0,31.0,8.0,3.0,,,
e9sqkdBvVP10SoS2sZTSdQ,18.0,7.0,38.0,23.0,3.0,10.0,11.0,3.0,17.0,1.0,1.0,6.0,4.0,,,,
eQlcG7GfMwJeiGELy_Xe0Q,4.0,,3.0,4.0,,13.0,6.0,1.0,,,2.0,10.0,,,1.0,,
e_oNadzcEKfQcUx5eL7tLg,44.0,28.0,30.0,46.0,2.0,33.0,17.0,,27.0,1.0,,30.0,5.0,1.0,,,
eaAjtWOMq7JfE0b7KzgAkQ,25.0,7.0,49.0,21.0,3.0,26.0,14.0,2.0,21.0,,2.0,18.0,1.0,1.0,1.0,,
emcR5qZDParBSEmYpy2wFA,25.0,12.0,46.0,12.0,2.0,55.0,38.0,,16.0,1.0,8.0,20.0,5.0,2.0,,,
etGEQcGSEenELvY0FzBnDw,60.0,60.0,54.0,36.0,3.0,48.0,49.0,2.0,17.0,1.0,10.0,34.0,8.0,3.0,1.0,,
ew2Kd4cJ7TEOlwK3vwuW0Q,8.0,3.0,4.0,16.0,,7.0,5.0,2.0,4.0,,,2.0,1.0,,1.0,,
fIPL20j7uUp0kB1H_UMSmw,29.0,16.0,23.0,34.0,2.0,28.0,11.0,2.0,22.0,,,21.0,1.0,,1.0,,
fWKrooOXcsNBPrgujvyQPw,60.0,60.0,39.0,27.0,4.0,40.0,44.0,2.0,10.0,,10.0,32.0,10.0,3.0,1.0,,
fjQPSFz-F8GEvSNN1W9wpQ,49.0,22.0,55.0,41.0,3.0,44.0,32.0,1.0,17.0,2.0,7.0,32.0,1.0,1.0,2.0,,
flEXt6hA1VVMcxDCulhWpw,1.0,,1.0,1.0,,1.0,2.0,3.0,,,,2.0,,,,,1.0
fvg1jLlgYesVdzWJTpX0wg,17.0,13.0,11.0,19.0,3.0,31.0,11.0,1.0,2.0,1.0,,4.0,1.0,,,,1.0
gGjN9kuRcEoLfrElsT03CA,1.0,,,,,2.0,1.0,,,,,1.0,,,,,
gGtzt-Iet9S0XHTEzzUjPg,18.0,4.0,54.0,16.0,4.0,29.0,7.0,,7.0,1.0,2.0,22.0,2.0,2.0,1.0,,
geu09drUwXHVgQXJHSpH3Q,15.0,3.0,8.0,22.0,6.0,11.0,17.0,2.0,2.0,2.0,,1.0,11.0,,1.0,,
gpRqZNVKt_7tPunHbrSCxg,29.0,12.0,32.0,4.0,1.0,49.0,18.0,,2.0,3.0,22.0,9.0,1.0,3.0,,1.0,
guGRUPCBYBfCknykV7ODbg,7.0,,1.0,1.0,,10.0,4.0,1.0,,,,2.0,,,,,
gz24JYYZoWziontd_OwqAw,2.0,,,2.0,,13.0,,,,,,3.0,,,,,
hGrPgxgVl0goH6aOzJ9h7A,8.0,1.0,9.0,13.0,3.0,11.0,14.0,4.0,2.0,2.0,,1.0,8.0,,1.0,,
hPCBRWDKZSn8OFOJBwRgPQ,13.0,3.0,8.0,12.0,,24.0,4.0,1.0,6.0,,,5.0,2.0,,,,
hT92Rb7oO6H3V7DfIeVozQ,21.0,9.0,30.0,23.0,1.0,17.0,15.0,1.0,11.0,,,7.0,4.0,1.0,2.0,,
hV62ZSQVb7a1kFor0FYCmQ,18.0,5.0,16.0,21.0,3.0,22.0,11.0,3.0,4.0,1.0,,6.0,,1.0,5.0,,
hdFehBBkwZ2umAmzugOtRg,8.0,2.0,1.0,8.0,,11.0,4.0,5.0,,,,1.0,1.0,,,,
hdcqF8J8cmFV171tytL3Fw,6.0,2.0,5.0,9.0,2.0,41.0,3.0,3.0,3.0,,1.0,9.0,2.0,1.0,,,
hgxALT5rOi4Uqyy8OeIgnQ,60.0,55.0,37.0,26.0,3.0,42.0,38.0,2.0,11.0,1.0,9.0,31.0,9.0,3.0,1.0,,
ht-N20OX3lv7cv-3o3L1MA,60.0,60.0,59.0,44.0,1.0,44.0,49.0,2.0,19.0,1.0,10.0,59.0,7.0,3.0,,,
htoVUC93LR3p0Lk4fHW9lw,1.0,2.0,1.0,3.0,,3.0,,,,,,,,,,,
iCvPIKn8Gm716UDn3iPNtA,8.0,7.0,11.0,22.0,2.0,14.0,5.0,,8.0,,1.0,9.0,1.0,,,,
iNHFdmD_in7BOxoPxe7OxA,14.0,2.0,51.0,21.0,3.0,40.0,5.0,2.0,6.0,1.0,4.0,20.0,1.0,1.0,2.0,,
iP59g2r2tx0QD0wVU26WNw,29.0,11.0,42.0,5.0,1.0,40.0,19.0,,2.0,4.0,22.0,10.0,2.0,3.0,,,
ipvqypoCjhWns5ZGTeFf5w,60.0,39.0,53.0,9.0,1.0,60.0,44.0,,12.0,2.0,19.0,25.0,7.0,2.0,,,
iyBbcXtQSBfiwFQZwVBNaQ,55.0,33.0,27.0,15.0,3.0,40.0,25.0,,4.0,,5.0,9.0,4.0,2.0,,,
j825_HsjCyUQmbBt0lQuHQ,17.0,7.0,38.0,13.0,,32.0,18.0,1.0,20.0,2.0,11.0,19.0,,,2.0,,
j8ayv9usiiaxQwjn-Zwhcg,1.0,,7.0,1.0,1.0,12.0,6.0,,2.0,,,6.0,,,,,
j90XgqmEckVlXA_uEzTfzg,31.0,18.0,24.0,35.0,2.0,31.0,11.0,2.0,24.0,,,24.0,1.0,,1.0,,
j9qYRR8HCXm_GEnetijOGA,13.0,6.0,43.0,10.0,,33.0,18.0,1.0,15.0,2.0,7.0,14.0,,,1.0,,
jDmorbH27FdT5JipuIhIaQ,21.0,4.0,10.0,4.0,2.0,33.0,26.0,1.0,3.0,,4.0,15.0,3.0,1.0,1.0,,2.0
jJVwFsxzHJmQes6q_BXxKg,46.0,24.0,59.0,10.0,1.0,60.0,45.0,,14.0,3.0,18.0,25.0,7.0,2.0,,,
jfO171nEGKiBL4oNASjK5Q,9.0,5.0,4.0,8.0,,4.0,6.0,3.0,10.0,,,5.0,,,,,
jlBTz_o2DcLRjm9dZJrV7A,10.0,4.0,5.0,7.0,,6.0,8.0,4.0,2.0,,,11.0,2.0,,,,
jumkhxyW9r1QimpwlG8f_w,10.0,1.0,11.0,1.0,4.0,9.0,5.0,,,,,,,,,,1.0
k1swCnAbE-uvV856hdp2XQ,8.0,6.0,1.0,14.0,,13.0,4.0,2.0,2.0,,1.0,7.0,2.0,,1.0,,
kNNGXQaaWSPeSH4jlPYY_w,7.0,,3.0,11.0,,10.0,5.0,1.0,1.0,,,2.0,1.0,,1.0,,
kOjruVktEQ1Dz48l69fURg,,,,1.0,1.0,10.0,1.0,,1.0,,,5.0,,,,,
kQXWJvp2iZEX_zG7TDdAyw,38.0,23.0,27.0,43.0,2.0,30.0,16.0,1.0,28.0,,,28.0,5.0,1.0,,,
kXq8fJVO94ApKakK-GlrJw,8.0,5.0,5.0,28.0,3.0,15.0,6.0,2.0,3.0,1.0,1.0,7.0,2.0,,1.0,,
l8OHkAB0VNur-QWZ80FAgg,4.0,1.0,10.0,,3.0,4.0,10.0,,,,,,,,,,
lInP4VJiKfC78WXcu84KRw,58.0,35.0,39.0,13.0,2.0,54.0,40.0,,7.0,2.0,13.0,20.0,6.0,2.0,,,
lpPCrVVMQ6X8mvId_E_BGw,28.0,7.0,47.0,8.0,,40.0,32.0,,16.0,1.0,15.0,15.0,5.0,1.0,,,
mAIdc2LPpctFFt1q7s7eEA,6.0,2.0,7.0,24.0,1.0,30.0,5.0,2.0,2.0,,1.0,9.0,2.0,,,,
mFoSMJE4aGCK6cOxrCY4HQ,20.0,2.0,22.0,27.0,5.0,19.0,12.0,2.0,9.0,1.0,1.0,15.0,,1.0,1.0,,
mamC82-DkTuSYUD6SC_uzQ,2.0,1.0,1.0,3.0,,13.0,,2.0,2.0,,,2.0,,,,,
md46OhPkSD5vdVfVPswY1Q,,,,,,8.0,,,,,,1.0,,,,,
mg7MWqAqmEvZttxxnTHBmQ,5.0,,12.0,2.0,,9.0,5.0,,4.0,,1.0,2.0,,1.0,1.0,,
mnCOu-4S1jn1OJ7E6Xr6Kg,15.0,6.0,21.0,16.0,3.0,32.0,8.0,,6.0,2.0,6.0,29.0,,,1.0,,
n1YK9ngkY370jTs0yZgGWQ,40.0,23.0,27.0,35.0,2.0,28.0,15.0,2.0,22.0,,,29.0,3.0,1.0,,,
nAoHzUjAG7OIqugFzYb8ZA,22.0,7.0,18.0,10.0,1.0,19.0,9.0,1.0,4.0,,2.0,4.0,3.0,2.0,,,
nBpaIxVLYPjY22lKMKTczw,6.0,5.0,3.0,5.0,1.0,19.0,4.0,,1.0,1.0,,1.0,3.0,,,,
nSy1NGmZqxCk7El17eEtJA,18.0,8.0,39.0,14.0,,31.0,21.0,1.0,19.0,2.0,15.0,26.0,,,2.0,,
nn7O7-EVZlxLjZtK3r174A,6.0,1.0,7.0,,1.0,9.0,5.0,1.0,2.0,2.0,1.0,8.0,3.0,1.0,2.0,,
nx6EevRxNHH7Rfk1bFuoXw,7.0,2.0,6.0,2.0,1.0,5.0,6.0,1.0,,,2.0,4.0,1.0,,,,
o4qTm58NLdnncnJZVQwCmg,4.0,,2.0,4.0,,7.0,1.0,2.0,,1.0,,,,,,,
oBfR4xFW3bt41I1oe92tvg,37.0,12.0,55.0,9.0,1.0,42.0,25.0,,7.0,4.0,23.0,12.0,3.0,3.0,,,
oL2g9giMo-xPkx2xQ4ZkgA,1.0,1.0,3.0,4.0,1.0,6.0,2.0,,,,,1.0,3.0,,,,
oRhY8XzVV0yjs75GMRJcXw,17.0,9.0,16.0,25.0,1.0,21.0,10.0,3.0,10.0,,,5.0,1.0,,1.0,,
oRhZlMjNBD0GPnR5a7hBsQ,7.0,5.0,4.0,11.0,1.0,13.0,11.0,2.0,1.0,2.0,,1.0,3.0,,,,
oU_Jfi7G-OwZu50d1UvxvA,38.0,17.0,22.0,40.0,3.0,60.0,16.0,3.0,9.0,2.0,,10.0,4.0,2.0,1.0,,2.0
oXdLd4LNWEcgSqPLcsVO9A,20.0,2.0,22.0,26.0,4.0,19.0,12.0,2.0,8.0,1.0,1.0,16.0,,1.0,1.0,,
ovLJtx_ss3GJbRGTyiixYw,13.0,11.0,5.0,22.0,1.0,14.0,10.0,1.0,2.0,,,3.0,4.0,,1.0,,
p5-I_Q0af4gorfFah8AlnQ,10.0,2.0,2.0,8.0,,7.0,4.0,1.0,2.0,,,2.0,,,,,
pPxcmi6cpDRPuqBdb3dCjw,27.0,12.0,44.0,31.0,4.0,20.0,23.0,,22.0,2.0,,15.0,5.0,,,,
pS8OqsnPHuC94gdcYzxXJw,12.0,2.0,3.0,17.0,1.0,14.0,7.0,7.0,1.0,,,2.0,1.0,,1.0,,
pUjKDQF0ifCph9AzujZbhg,21.0,6.0,35.0,27.0,5.0,34.0,20.0,1.0,10.0,,13.0,15.0,1.0,1.0,2.0,,
p_RkMSV7_Y5tVQiAKG-iBw,4.0,,7.0,7.0,1.0,24.0,12.0,,2.0,,4.0,14.0,,,,,
pav9wg2UFsyB-dvb7H0OpA,27.0,14.0,38.0,42.0,4.0,28.0,26.0,3.0,20.0,2.0,,16.0,5.0,,,,
pfv5dzBvgOQ3LoOUrjSnqQ,15.0,11.0,9.0,12.0,2.0,25.0,6.0,1.0,1.0,1.0,,4.0,1.0,,,,1.0
psPcuOp-vwW5LYK9UtkoNQ,42.0,27.0,29.0,39.0,2.0,28.0,17.0,1.0,25.0,,,32.0,3.0,1.0,,,
pw_ZXnlTwDuNqPQ1vSm7jQ,38.0,17.0,22.0,41.0,3.0,60.0,16.0,3.0,9.0,2.0,,10.0,4.0,1.0,1.0,,1.0
q6Izws94RLX3RpG47mSRIA,12.0,4.0,14.0,30.0,,60.0,13.0,2.0,5.0,,2.0,6.0,2.0,2.0,,,2.0
qAdiZ6EBuSLa-kSzv2aPgg,18.0,8.0,21.0,27.0,2.0,31.0,8.0,1.0,18.0,,,23.0,1.0,,,,
qJjodNeWFLxr2r40u2pqyw,1.0,1.0,8.0,2.0,,5.0,4.0,,1.0,,,4.0,,,,,
qWIddvxzfpDpvti9LKjgVw,28.0,7.0,48.0,12.0,,41.0,31.0,,15.0,1.0,6.0,13.0,5.0,2.0,,,
qrxmPo62utZmOPWUgk4Siw,12.0,2.0,3.0,3.0,1.0,13.0,2.0,,2.0,,1.0,14.0,1.0,1.0,,,
rQKablrIou5oMVT-eegH8g,21.0,9.0,30.0,19.0,1.0,14.0,15.0,1.0,11.0,,,7.0,4.0,1.0,2.0,,
rSv8c2N-ZukdbVgP6rtuDg,24.0,10.0,19.0,12.0,,27.0,14.0,1.0,11.0,1.0,,22.0,2.0,1.0,2.0,,
rVnaVHaucuLk9hDG7EKTVA,60.0,59.0,57.0,39.0,3.0,37.0,46.0,2.0,16.0,1.0,16.0,48.0,9.0,3.0,1.0,,
rW8PO1wi4u8corjyzVUZFA,5.0,2.0,5.0,2.0,,2.0,6.0,1.0,,,,,1.0,,,,
rmQWX9e-FMtW3S48KkUF7Q,7.0,,10.0,9.0,2.0,8.0,4.0,,1.0,,,4.0,1.0,,,,
s4XCO9PLFGuo6hcstFohzQ,,,1.0,,,,,,,,,,,,,,
s8wKMExrpD7qbnhpg6czCg,21.0,12.0,3.0,40.0,,22.0,6.0,5.0,14.0,,,13.0,5.0,,1.0,,
sMRVWEI7U9ThP7jZBK_aBQ,8.0,1.0,32.0,6.0,,28.0,2.0,3.0,5.0,,,9.0,1.0,,1.0,,
sbidaE4wanaGL_T0njJW4w,44.0,32.0,22.0,35.0,5.0,29.0,19.0,,24.0,1.0,,23.0,8.0,1.0,,,
si_pqK5Ogi5MZdO-aN_gXw,17.0,7.0,38.0,14.0,,34.0,18.0,1.0,19.0,2.0,13.0,22.0,,,2.0,,
snwn7sWDaDzo3zhrMi3s5g,11.0,4.0,18.0,8.0,1.0,12.0,10.0,1.0,1.0,,2.0,4.0,1.0,,,,
srr4Yem0qV-2jTzbjbVzRg,19.0,6.0,13.0,15.0,1.0,19.0,7.0,2.0,12.0,,1.0,17.0,2.0,1.0,,,
sufpWerGyV1SrC2_kWvVRw,4.0,1.0,,1.0,1.0,15.0,2.0,1.0,,,1.0,,1.0,,,,
sv8KwaWuCIsceJXJqb_t_w,20.0,2.0,22.0,26.0,5.0,19.0,12.0,2.0,8.0,1.0,1.0,16.0,,1.0,1.0,,
sxNUpaApjh_54-l9RcJRDA,20.0,7.0,38.0,23.0,3.0,12.0,11.0,3.0,18.0,1.0,1.0,6.0,4.0,,,,
szP7qE5LBQLbd9Kx7qPRJg,6.0,1.0,2.0,3.0,,14.0,7.0,6.0,,,,1.0,,,,,
tSv0gmTa29irTrQwUKRtjA,31.0,18.0,25.0,35.0,2.0,30.0,12.0,2.0,24.0,,,24.0,1.0,,1.0,,
tYvtL8O1YqcWcaN1xgGtrA,2.0,2.0,,2.0,,7.0,,,1.0,,,,1.0,,,,
u4lNLYSrMWGJhFLoKwsBzw,3.0,2.0,1.0,7.0,,18.0,3.0,1.0,3.0,,,1.0,1.0,,,,
uIpjG4S3hXPIjAiN_FyDUQ,47.0,23.0,60.0,42.0,3.0,39.0,34.0,,13.0,1.0,17.0,41.0,1.0,1.0,1.0,,
uJRJJvVpdP5zZsy0EQwmDA,3.0,1.0,7.0,7.0,,9.0,4.0,3.0,2.0,1.0,,16.0,,,,,
uKC9bXfRIHnYhOCRe4C4jQ,2.0,1.0,11.0,7.0,,16.0,3.0,,4.0,,,4.0,,1.0,,,
uKZtE2tKo_uDGeWNsd42xg,6.0,2.0,1.0,8.0,,11.0,4.0,2.0,4.0,,,1.0,1.0,,1.0,,
uPmJB-jwTcHsBnd6lZktFw,43.0,28.0,20.0,11.0,1.0,41.0,22.0,,6.0,,7.0,11.0,4.0,2.0,,,
uXZiDzPCBrlLMdQVEdsdcQ,30.0,9.0,60.0,12.0,1.0,45.0,30.0,,13.0,3.0,23.0,15.0,4.0,2.0,,,
ur017_3gRmCt4e3tHWjBLQ,2.0,1.0,11.0,7.0,,15.0,3.0,,4.0,,1.0,4.0,,1.0,,,
vGHbvXpNFvLgOik09kr8og,41.0,11.0,60.0,9.0,1.0,51.0,37.0,,12.0,4.0,24.0,18.0,4.0,2.0,,,
vOrfCrGXYwEGJ128it91Aw,11.0,4.0,36.0,8.0,,33.0,2.0,2.0,7.0,,,9.0,1.0,,1.0,,
vQwfNjtwqXZwlWY0OzjbZw,,,4.0,,,10.0,1.0,,,1.0,,,2.0,,,,
vZX86Dvy1E_HuKTZOQKXRA,3.0,1.0,3.0,3.0,,13.0,,2.0,,,,2.0,1.0,,,,
vZlFGUANhZ2ZemLvNyXZRg,3.0,1.0,2.0,11.0,1.0,11.0,1.0,2.0,2.0,,,3.0,,,,,
vbE8giq_2YaJWWYn-U0x5g,22.0,6.0,39.0,32.0,5.0,33.0,22.0,1.0,15.0,,14.0,15.0,1.0,1.0,2.0,,
viE72gC8UdY-rk_9zwGxqw,9.0,1.0,1.0,1.0,,26.0,3.0,2.0,,,,4.0,,,2.0,,
wBO4k4Ep87OpxPHFUBK0Hg,22.0,9.0,44.0,27.0,3.0,17.0,20.0,2.0,22.0,2.0,1.0,10.0,5.0,,,,
wUQNzrnG2J9Er8rfEP8Fkg,21.0,8.0,21.0,4.0,1.0,40.0,12.0,,1.0,1.0,16.0,5.0,,2.0,,1.0,
wtc_pn0bIlAHvuWJTA9fcA,10.0,1.0,15.0,11.0,1.0,25.0,6.0,1.0,4.0,,1.0,10.0,,1.0,,,
wwaLUZAeeDrYgjenSEXdKQ,22.0,8.0,28.0,19.0,2.0,17.0,11.0,3.0,14.0,,1.0,18.0,4.0,1.0,1.0,,
wzU5moi-ezzcfYUInOwxAA,17.0,5.0,44.0,10.0,,26.0,20.0,1.0,12.0,2.0,14.0,22.0,,,1.0,,
xAXgH-DvV-UyAz-ZYRwf6A,36.0,24.0,16.0,30.0,2.0,20.0,15.0,1.0,19.0,1.0,,11.0,7.0,1.0,1.0,,
xQTgUtgO_9opATaX22PX7A,4.0,1.0,11.0,1.0,2.0,4.0,3.0,1.0,,,,,,,,,
x_Sy4mmXC9aoo1B8fTQ5uA,1.0,,1.0,,,,,,,,,1.0,,,,,
xrp2K5LFWT0l6tQSaC0jMA,4.0,2.0,,6.0,,10.0,1.0,1.0,1.0,,,4.0,1.0,,,,
y3-fR1ne7slpo2dkcudVyw,7.0,3.0,2.0,6.0,1.0,20.0,1.0,1.0,,,,4.0,,,2.0,,
yB5_ypy77U8-fh-4PBk4_w,20.0,7.0,54.0,28.0,3.0,22.0,17.0,,12.0,,1.0,10.0,,,2.0,,
yTFVXVN2eKZKfxj3CGCQEg,22.0,11.0,28.0,20.0,1.0,13.0,15.0,1.0,10.0,,,6.0,3.0,1.0,2.0,,
y_K6LdyE6unzkE_hMi1mfQ,30.0,13.0,57.0,12.0,1.0,54.0,43.0,,14.0,1.0,15.0,22.0,6.0,1.0,,,
y_dkshfMu2rrRmUYzf54qg,22.0,7.0,21.0,9.0,1.0,16.0,12.0,1.0,2.0,,2.0,4.0,3.0,,,,
yk4HmXK1zf73vDDKlF5SyA,36.0,22.0,29.0,32.0,2.0,30.0,15.0,1.0,23.0,,,29.0,3.0,1.0,,,
ylWz4U1XPvxdCCT7-W0-xw,12.0,6.0,44.0,10.0,,30.0,20.0,,17.0,2.0,7.0,11.0,,,2.0,,
z-0HVe5rSr3v2_EG127YjA,41.0,26.0,41.0,37.0,2.0,35.0,31.0,1.0,19.0,1.0,5.0,34.0,4.0,,2.0,,
zAJU6f3fI6lGm8EagA1vUA,,,2.0,2.0,,15.0,1.0,,,,,1.0,1.0,,,,
zQ4VOHh3Jv1Q5jNvkvJh6Q,60.0,55.0,42.0,31.0,3.0,52.0,45.0,,9.0,,10.0,36.0,4.0,2.0,1.0,,
zQkjrMIIZB6DQa_pK-bhSQ,3.0,2.0,2.0,1.0,2.0,11.0,3.0,1.0,4.0,,,7.0,1.0,,,,
zZoK14CWPnuGXTU7VOjP4w,32.0,8.0,57.0,10.0,,48.0,36.0,,17.0,1.0,18.0,14.0,4.0,2.0,,,
zeTqaVpvssznHt_1IxChXQ,21.0,9.0,17.0,12.0,,25.0,12.0,1.0,11.0,1.0,,20.0,3.0,,1.0,,
zu9WT50X2BM1fv8v6XkXOQ,30.0,17.0,24.0,35.0,2.0,33.0,11.0,2.0,24.0,,,23.0,1.0,,1.0,,
zvtLtGl4Xiurw-iZRI3Vrw,45.0,15.0,60.0,11.0,1.0,51.0,38.0,,12.0,4.0,24.0,19.0,5.0,2.0,,,
