name,latitude,longitude,is_closed,zipcode,city,state,price,rating,url,review_count,transactions,category,id
Emmett Watson's Oyster Bar,47.60995768,-122.3425839,FALSE,98101,Seattle,WA,$$,3,https://www.yelp.com/biz/emmett-watsons-oyster-bar-seattle?adjust_creative=OvRCQGmWRwMIvAEILCAnZA&utm_campaign=yelp_api_v3&utm_medium=api_v3_business_search&utm_source=OvRCQGmWRwMIvAEILCAnZA,332,[],"seafood,raw_food,fishnchips",z13gyo3YQnqPYRoQXMxvEg
Cantina de San Patricio,47.6102599,-122.3421,FALSE,98101,Seattle,WA,$$,3,https://www.yelp.com/biz/cantina-de-san-patricio-seattle?adjust_creative=OvRCQGmWRwMIvAEILCAnZA&utm_campaign=yelp_api_v3&utm_medium=api_v3_business_search&utm_source=OvRCQGmWRwMIvAEILCAnZA,177,"['delivery', 'pickup']","mexican,cocktailbars",Yt6FUNC5g5-UAOrqn4aqZQ
Kells Irish Restaurant & Pub,47.61029,-122.34213,FALSE,98101,Seattle,WA,$$,3.5,https://www.yelp.com/biz/kells-irish-restaurant-and-pub-seattle?adjust_creative=OvRCQGmWRwMIvAEILCAnZA&utm_campaign=yelp_api_v3&utm_medium=api_v3_business_search&utm_source=OvRCQGmWRwMIvAEILCAnZA,566,[],"irish,irish_pubs",CtWyb9g7OL2FVbt6J4ucVw
The Pink Door,47.61028,-122.3425,FALSE,98101,Seattle,WA,$$,4.5,https://www.yelp.com/biz/the-pink-door-seattle-4?adjust_creative=OvRCQGmWRwMIvAEILCAnZA&utm_campaign=yelp_api_v3&utm_medium=api_v3_business_search&utm_source=OvRCQGmWRwMIvAEILCAnZA,3867,[],"italian,wine_bars,seafood",VOPdG8llLPaga9iJxXcMuQ
Steelhead Diner,47.60956,-122.34105,FALSE,98101,Seattle,WA,$$,3.5,https://www.yelp.com/biz/steelhead-diner-seattle?adjust_creative=OvRCQGmWRwMIvAEILCAnZA&utm_campaign=yelp_api_v3&utm_medium=api_v3_business_search&utm_source=OvRCQGmWRwMIvAEILCAnZA,1410,[],"diners,seafood,tradamerican",UoDpuMVth1qUVapDz6caXQ
Pike Place Chowder,47.60939,-122.34112,FALSE,98101,Seattle,WA,$$,4.5,https://www.yelp.com/biz/pike-place-chowder-seattle?adjust_creative=OvRCQGmWRwMIvAEILCAnZA&utm_campaign=yelp_api_v3&utm_medium=api_v3_business_search&utm_source=OvRCQGmWRwMIvAEILCAnZA,6141,['pickup'],"seafood,soup",6I28wDuMBR5WLMqfKxaoeg
Mr. D's Greek Delicacies,47.60922,-122.34122,FALSE,98101,Seattle,WA,$,4,https://www.yelp.com/biz/mr-ds-greek-delicacies-seattle?adjust_creative=OvRCQGmWRwMIvAEILCAnZA&utm_campaign=yelp_api_v3&utm_medium=api_v3_business_search&utm_source=OvRCQGmWRwMIvAEILCAnZA,214,[],"greek,hotdogs,mediterranean",ziJexMx2QRd4kYMVbvaezQ
Lowell's Restaurant,47.6089372,-122.341346,FALSE,98101,Seattle,WA,$$,3.5,https://www.yelp.com/biz/lowells-restaurant-seattle?adjust_creative=OvRCQGmWRwMIvAEILCAnZA&utm_campaign=yelp_api_v3&utm_medium=api_v3_business_search&utm_source=OvRCQGmWRwMIvAEILCAnZA,1299,[],"tradamerican,breakfast_brunch,seafood",G0rZd0e7KdgjL9tX0CqVug
Scout,47.6105096,-122.3413155,FALSE,98101,Seattle,WA,$$$,3.5,https://www.yelp.com/biz/scout-seattle?adjust_creative=OvRCQGmWRwMIvAEILCAnZA&utm_campaign=yelp_api_v3&utm_medium=api_v3_business_search&utm_source=OvRCQGmWRwMIvAEILCAnZA,160,[],newamerican,fZQ-ALxlDkyM2gA2zmqo4w
Le Pichet,47.6107,-122.34259,FALSE,98101,Seattle,WA,$$,4,https://www.yelp.com/biz/le-pichet-seattle?adjust_creative=OvRCQGmWRwMIvAEILCAnZA&utm_campaign=yelp_api_v3&utm_medium=api_v3_business_search&utm_source=OvRCQGmWRwMIvAEILCAnZA,953,[],"french,wine_bars,brasseries",#NAME?
Pike Place Bar & Grill,47.60886,-122.34043,FALSE,98101,Seattle,WA,$$,2.5,https://www.yelp.com/biz/pike-place-bar-and-grill-seattle?adjust_creative=OvRCQGmWRwMIvAEILCAnZA&utm_campaign=yelp_api_v3&utm_medium=api_v3_business_search&utm_source=OvRCQGmWRwMIvAEILCAnZA,353,[],"seafood,bars,tradamerican",pR_ZdNuTT19aGuBkvXcacw
Zig Zag Cafe,47.6083803,-122.3414779,FALSE,98101,Seattle,WA,$$,4.5,https://www.yelp.com/biz/zig-zag-cafe-seattle-2?adjust_creative=OvRCQGmWRwMIvAEILCAnZA&utm_campaign=yelp_api_v3&utm_medium=api_v3_business_search&utm_source=OvRCQGmWRwMIvAEILCAnZA,937,[],"newamerican,cocktailbars,mediterranean",rgkwLKTmZdj72S1KmEkENg
Red Cedar & Sage,47.60871,-122.34105,FALSE,98101,Seattle,WA,$$,4,https://www.yelp.com/biz/red-cedar-and-sage-seattle?adjust_creative=OvRCQGmWRwMIvAEILCAnZA&utm_campaign=yelp_api_v3&utm_medium=api_v3_business_search&utm_source=OvRCQGmWRwMIvAEILCAnZA,308,['restaurant_reservation'],"newamerican,breakfast_brunch,cocktailbars",sNzOsVvZlvSO_-sXs2MMHQ
Etta's,47.61081,-122.34377,FALSE,98121,Seattle,WA,$$,3.5,https://www.yelp.com/biz/ettas-seattle-2?adjust_creative=OvRCQGmWRwMIvAEILCAnZA&utm_campaign=yelp_api_v3&utm_medium=api_v3_business_search&utm_source=OvRCQGmWRwMIvAEILCAnZA,1203,[],seafood,1T4v3kD1WzonYPf7izSP9Q
Cutters Crabhouse,47.61048508,-122.3443909,FALSE,98121,Seattle,WA,$$,3.5,https://www.yelp.com/biz/cutters-crabhouse-seattle?adjust_creative=OvRCQGmWRwMIvAEILCAnZA&utm_campaign=yelp_api_v3&utm_medium=api_v3_business_search&utm_source=OvRCQGmWRwMIvAEILCAnZA,1171,[],"seafood,steak,tradamerican",ZZ95hfUvppoVvVIXB8Ew_w
Maximilien,47.60831,-122.34081,FALSE,98101,Seattle,WA,$$,3.5,https://www.yelp.com/biz/maximilien-seattle?adjust_creative=OvRCQGmWRwMIvAEILCAnZA&utm_campaign=yelp_api_v3&utm_medium=api_v3_business_search&utm_source=OvRCQGmWRwMIvAEILCAnZA,616,[],french,9c0lSX6KTe88-ZLva1nu0w
Place Pigalle,47.60831,-122.34081,FALSE,98101,Seattle,WA,$$$,4,https://www.yelp.com/biz/place-pigalle-seattle?adjust_creative=OvRCQGmWRwMIvAEILCAnZA&utm_campaign=yelp_api_v3&utm_medium=api_v3_business_search&utm_source=OvRCQGmWRwMIvAEILCAnZA,442,[],french,M4SuI7Ww6lH4q4iWHn4H5A
IL Bistro,47.6086751,-122.3402434,FALSE,98101,Seattle,WA,$$$,4,https://www.yelp.com/biz/il-bistro-seattle?adjust_creative=OvRCQGmWRwMIvAEILCAnZA&utm_campaign=yelp_api_v3&utm_medium=api_v3_business_search&utm_source=OvRCQGmWRwMIvAEILCAnZA,575,[],"italian,lounges,seafood",1yBl7rAXsGRKyv9XYUOKng
Pike Brewing Company,47.6082134,-122.3397797,FALSE,98101,Seattle,WA,$$,3.5,https://www.yelp.com/biz/pike-brewing-company-seattle?adjust_creative=OvRCQGmWRwMIvAEILCAnZA&utm_campaign=yelp_api_v3&utm_medium=api_v3_business_search&utm_source=OvRCQGmWRwMIvAEILCAnZA,1272,"['delivery', 'pickup']","tradamerican,brewpubs,seafood",9OlCkeK4TpBbQ76VPDOdYw
Shaker and Spear,47.61203,-122.34165,FALSE,98121,Seattle,WA,$$,4.5,https://www.yelp.com/biz/shaker-and-spear-seattle-2?adjust_creative=OvRCQGmWRwMIvAEILCAnZA&utm_campaign=yelp_api_v3&utm_medium=api_v3_business_search&utm_source=OvRCQGmWRwMIvAEILCAnZA,502,[],"seafood,newamerican,breakfast_brunch",UzaMrsDMM7xmxtWLPTrmKw
Fonte Caf√©,47.607379,-122.339155,FALSE,98101,Seattle,WA,$$,4,https://www.yelp.com/biz/fonte-caf%C3%A9-seattle?adjust_creative=OvRCQGmWRwMIvAEILCAnZA&utm_campaign=yelp_api_v3&utm_medium=api_v3_business_search&utm_source=OvRCQGmWRwMIvAEILCAnZA,539,[],"breakfast_brunch,cafes,cocktailbars",ASdrTo7aVTTKNjVvT1mBDg
Wild Ginger,47.608831,-122.337421,FALSE,98101,Seattle,WA,$$,3.5,https://www.yelp.com/biz/wild-ginger-seattle?adjust_creative=OvRCQGmWRwMIvAEILCAnZA&utm_campaign=yelp_api_v3&utm_medium=api_v3_business_search&utm_source=OvRCQGmWRwMIvAEILCAnZA,1420,"['delivery', 'pickup']","thai,panasian,wine_bars",PkI2z4M1SgPkgVOMuHtuCg
Yard House,47.61056579,-122.3373333,FALSE,98101,Seattle,WA,$$,3.5,https://www.yelp.com/biz/yard-house-seattle?adjust_creative=OvRCQGmWRwMIvAEILCAnZA&utm_campaign=yelp_api_v3&utm_medium=api_v3_business_search&utm_source=OvRCQGmWRwMIvAEILCAnZA,634,"['delivery', 'pickup']","newamerican,vegetarian,bars",5oGqBLSt3m8ijsDFsFBrtw
Orfeo,47.61318588,-122.3428345,FALSE,98121,Seattle,WA,$$,4,https://www.yelp.com/biz/orfeo-seattle?adjust_creative=OvRCQGmWRwMIvAEILCAnZA&utm_campaign=yelp_api_v3&utm_medium=api_v3_business_search&utm_source=OvRCQGmWRwMIvAEILCAnZA,362,[],"newamerican,italian,pizza",MyhLWqqSB-yKQWEM7ASKZQ
Dahlia Lounge,47.61304,-122.34058,FALSE,98121,Seattle,WA,$$$,4,https://www.yelp.com/biz/dahlia-lounge-seattle?adjust_creative=OvRCQGmWRwMIvAEILCAnZA&utm_campaign=yelp_api_v3&utm_medium=api_v3_business_search&utm_source=OvRCQGmWRwMIvAEILCAnZA,1495,[],"newamerican,seafood,breakfast_brunch",iHG_OTRDZs3WyxVeDA_gKQ
The Fisherman's Restaurant,47.6060757,-122.3422903,FALSE,98101,Seattle,WA,$$,3,https://www.yelp.com/biz/the-fishermans-restaurant-seattle?adjust_creative=OvRCQGmWRwMIvAEILCAnZA&utm_campaign=yelp_api_v3&utm_medium=api_v3_business_search&utm_source=OvRCQGmWRwMIvAEILCAnZA,660,[],"seafood,bars",tNQUY-hc561X0LVgABqRXA
RN74,47.60997,-122.33681,FALSE,98101,Seattle,WA,$$$,4,https://www.yelp.com/biz/rn74-seattle?adjust_creative=OvRCQGmWRwMIvAEILCAnZA&utm_campaign=yelp_api_v3&utm_medium=api_v3_business_search&utm_source=OvRCQGmWRwMIvAEILCAnZA,986,[],"newamerican,french,wine_bars",I6GRfKx8vjlyQcHGE-z8vw
Buffalo Wild Wings,47.6118772,-122.3377297,FALSE,98101,Seattle,WA,$$,2.5,https://www.yelp.com/biz/buffalo-wild-wings-seattle-2?adjust_creative=OvRCQGmWRwMIvAEILCAnZA&utm_campaign=yelp_api_v3&utm_medium=api_v3_business_search&utm_source=OvRCQGmWRwMIvAEILCAnZA,335,['delivery'],"chicken_wings,sportsbars,tradamerican",wHALiNpbvcSJz9Ho4yNIYA
The Crab Pot,47.6060629,-122.3408656,FALSE,98101,Seattle,WA,$$$,3,https://www.yelp.com/biz/the-crab-pot-seattle-2?adjust_creative=OvRCQGmWRwMIvAEILCAnZA&utm_campaign=yelp_api_v3&utm_medium=api_v3_business_search&utm_source=OvRCQGmWRwMIvAEILCAnZA,1959,[],seafood,A_Qxu5oMm2FxS8jtkAnXWw
Veggie Grill,47.6098539,-122.3365793,FALSE,98101,Seattle,WA,$$,4.5,https://www.yelp.com/biz/veggie-grill-seattle-6?adjust_creative=OvRCQGmWRwMIvAEILCAnZA&utm_campaign=yelp_api_v3&utm_medium=api_v3_business_search&utm_source=OvRCQGmWRwMIvAEILCAnZA,476,"['delivery', 'pickup']","newamerican,vegan,vegetarian",vlz27XvIB1eQ-r-qfBcuWw
Lola,47.61325198,-122.3400607,FALSE,98121,Seattle,WA,$$,4,https://www.yelp.com/biz/lola-seattle?adjust_creative=OvRCQGmWRwMIvAEILCAnZA&utm_campaign=yelp_api_v3&utm_medium=api_v3_business_search&utm_source=OvRCQGmWRwMIvAEILCAnZA,3502,[],"greek,mediterranean,breakfast_brunch",oq5KCmPFKV28BnB4hjpo_g
Andaluca,47.6122365,-122.3380508,FALSE,98101,Seattle,WA,$$$,4,https://www.yelp.com/biz/andaluca-seattle-2?adjust_creative=OvRCQGmWRwMIvAEILCAnZA&utm_campaign=yelp_api_v3&utm_medium=api_v3_business_search&utm_source=OvRCQGmWRwMIvAEILCAnZA,251,[],"mediterranean,breakfast_brunch",pSYEUisXSN4DQ9A1BWGEQw
Assaggio Ristorante,47.61323199,-122.3402625,FALSE,98121,Seattle,WA,$$$,4,https://www.yelp.com/biz/assaggio-ristorante-seattle?adjust_creative=OvRCQGmWRwMIvAEILCAnZA&utm_campaign=yelp_api_v3&utm_medium=api_v3_business_search&utm_source=OvRCQGmWRwMIvAEILCAnZA,496,[],"italian,pizza",Q_xYu-RqixW4O-TlEbc1fA
Amber,47.61316,-122.34554,FALSE,98121,Seattle,WA,$$,3,https://www.yelp.com/biz/amber-seattle-5?adjust_creative=OvRCQGmWRwMIvAEILCAnZA&utm_campaign=yelp_api_v3&utm_medium=api_v3_business_search&utm_source=OvRCQGmWRwMIvAEILCAnZA,460,[],"newamerican,danceclubs,lounges",y3apOqnMuG-FMaRox5jKpg
Von's 1000 Spirits,47.60673407,-122.3383065,FALSE,98101,Seattle,WA,$$,4,https://www.yelp.com/biz/vons-1000-spirits-seattle-4?adjust_creative=OvRCQGmWRwMIvAEILCAnZA&utm_campaign=yelp_api_v3&utm_medium=api_v3_business_search&utm_source=OvRCQGmWRwMIvAEILCAnZA,1067,"['pickup', 'restaurant_reservation']","newamerican,pizza,venues",Lw7NmZ3j-WEye97ywEmkXQ
Anthony's Pier 66,47.6111081,-122.348535,FALSE,98121,Seattle,WA,$$$,3.5,https://www.yelp.com/biz/anthonys-pier-66-seattle-3?adjust_creative=OvRCQGmWRwMIvAEILCAnZA&utm_campaign=yelp_api_v3&utm_medium=api_v3_business_search&utm_source=OvRCQGmWRwMIvAEILCAnZA,508,[],seafood,Xb2eROYyzpRlhNUu4LHSYg
Tula's,47.6136858,-122.3447617,FALSE,98121,Seattle,WA,$$,3.5,https://www.yelp.com/biz/tulas-seattle?adjust_creative=OvRCQGmWRwMIvAEILCAnZA&utm_campaign=yelp_api_v3&utm_medium=api_v3_business_search&utm_source=OvRCQGmWRwMIvAEILCAnZA,186,[],"jazzandblues,newamerican",bg0qKdvlv-V9CxIDnD-Xzg
"The Brooklyn Seafood, Steak & Oyster House",47.60717619,-122.3369517,FALSE,98101,Seattle,WA,$$$,4,https://www.yelp.com/biz/the-brooklyn-seafood-steak-and-oyster-house-seattle?adjust_creative=OvRCQGmWRwMIvAEILCAnZA&utm_campaign=yelp_api_v3&utm_medium=api_v3_business_search&utm_source=OvRCQGmWRwMIvAEILCAnZA,999,[],"seafood,steak,raw_food",gfSOa5szslnRgBmaiqrQ6g
Elliott's Oyster House,47.6054699,-122.34092,FALSE,98101,Seattle,WA,$$$,4,https://www.yelp.com/biz/elliotts-oyster-house-seattle-2?adjust_creative=OvRCQGmWRwMIvAEILCAnZA&utm_campaign=yelp_api_v3&utm_medium=api_v3_business_search&utm_source=OvRCQGmWRwMIvAEILCAnZA,2975,[],seafood,xqH038QcquJEMm5LIZHd5w
List,47.61334,-122.34587,FALSE,98121,Seattle,WA,$$,4.5,https://www.yelp.com/biz/list-seattle?adjust_creative=OvRCQGmWRwMIvAEILCAnZA&utm_campaign=yelp_api_v3&utm_medium=api_v3_business_search&utm_source=OvRCQGmWRwMIvAEILCAnZA,1634,[],"italian,tapasmallplates,cocktailbars",GrFxdNfPvdlVrueRY7XERg
Local 360,47.61345,-122.34609,FALSE,98121,Seattle,WA,$$,4,https://www.yelp.com/biz/local-360-seattle-2?adjust_creative=OvRCQGmWRwMIvAEILCAnZA&utm_campaign=yelp_api_v3&utm_medium=api_v3_business_search&utm_source=OvRCQGmWRwMIvAEILCAnZA,2685,[],"newamerican,cocktailbars",waY0VFsZX6c45i8hp8fNsw
Frolik Kitchen + Cocktails,47.6099694,-122.3354995,FALSE,98101,Seattle,WA,$$,3.5,https://www.yelp.com/biz/frolik-kitchen-cocktails-seattle-2?adjust_creative=OvRCQGmWRwMIvAEILCAnZA&utm_campaign=yelp_api_v3&utm_medium=api_v3_business_search&utm_source=OvRCQGmWRwMIvAEILCAnZA,651,[],"newamerican,breakfast_brunch,tradamerican",ElUusJtZDE4QL0cohv3-_w
Cafe Nordstrom,47.61229,-122.33628,FALSE,98101,Seattle,WA,$$,4,https://www.yelp.com/biz/cafe-nordstrom-seattle-5?adjust_creative=OvRCQGmWRwMIvAEILCAnZA&utm_campaign=yelp_api_v3&utm_medium=api_v3_business_search&utm_source=OvRCQGmWRwMIvAEILCAnZA,189,[],"newamerican,cafes",qq1UaDz8MJFG6FERgLFfYQ
The Capital Grille,47.60826,-122.33538,FALSE,98101,Seattle,WA,$$$,4,https://www.yelp.com/biz/the-capital-grille-seattle?adjust_creative=OvRCQGmWRwMIvAEILCAnZA&utm_campaign=yelp_api_v3&utm_medium=api_v3_business_search&utm_source=OvRCQGmWRwMIvAEILCAnZA,782,[],"steak,seafood,wine_bars",z3B84RJM47aCnfZ69ai8cA
Palace Kitchen,47.61459,-122.34002,FALSE,98121,Seattle,WA,$$,4,https://www.yelp.com/biz/palace-kitchen-seattle?adjust_creative=OvRCQGmWRwMIvAEILCAnZA&utm_campaign=yelp_api_v3&utm_medium=api_v3_business_search&utm_source=OvRCQGmWRwMIvAEILCAnZA,1043,[],"newamerican,bars,desserts",gamLTtrQNyjvaEPL6p6OVQ
Purple Caf√© and Wine Bar,47.60795,-122.33508,FALSE,98101,Seattle,WA,$$$,4,https://www.yelp.com/biz/purple-caf%C3%A9-and-wine-bar-seattle-3?adjust_creative=OvRCQGmWRwMIvAEILCAnZA&utm_campaign=yelp_api_v3&utm_medium=api_v3_business_search&utm_source=OvRCQGmWRwMIvAEILCAnZA,2143,[],"newamerican,wine_bars,desserts",Mh5o8RtQNNUxhoJe6BxVkg
The Grill From Ipanema,47.61358,-122.34719,FALSE,98121,Seattle,WA,$$$,4,https://www.yelp.com/biz/the-grill-from-ipanema-seattle?adjust_creative=OvRCQGmWRwMIvAEILCAnZA&utm_campaign=yelp_api_v3&utm_medium=api_v3_business_search&utm_source=OvRCQGmWRwMIvAEILCAnZA,824,['pickup'],"brazilian,steak,buffets",nhRCkR9FY1OTpw-bv1u5Aw
Palomino,47.61051,-122.334555,FALSE,98101,Seattle,WA,$$,3.5,https://www.yelp.com/biz/palomino-seattle?adjust_creative=OvRCQGmWRwMIvAEILCAnZA&utm_campaign=yelp_api_v3&utm_medium=api_v3_business_search&utm_source=OvRCQGmWRwMIvAEILCAnZA,833,[],"newamerican,mediterranean",h7grF-9qjAbzF6tEb-8tXA
Il Fornaio,47.612992,-122.335801,FALSE,98101,Seattle,WA,$$,3.5,https://www.yelp.com/biz/il-fornaio-seattle?adjust_creative=OvRCQGmWRwMIvAEILCAnZA&utm_campaign=yelp_api_v3&utm_medium=api_v3_business_search&utm_source=OvRCQGmWRwMIvAEILCAnZA,567,"['delivery', 'pickup']","italian,seafood,pizza",rbjjAfKbeR9xniV-4lZMNw
Tavol√†ta,47.61426408,-122.3466682,FALSE,98121,Seattle,WA,$$$,4,https://www.yelp.com/biz/tavol%C3%A0ta-seattle-6?adjust_creative=OvRCQGmWRwMIvAEILCAnZA&utm_campaign=yelp_api_v3&utm_medium=api_v3_business_search&utm_source=OvRCQGmWRwMIvAEILCAnZA,878,[],italian,2aILYZOWPxdlfqydJaYz_w
Pike Place Chowder,47.61248485,-122.3350382,FALSE,98101,Seattle,WA,$$,4,https://www.yelp.com/biz/pike-place-chowder-seattle-4?adjust_creative=OvRCQGmWRwMIvAEILCAnZA&utm_campaign=yelp_api_v3&utm_medium=api_v3_business_search&utm_source=OvRCQGmWRwMIvAEILCAnZA,893,"['delivery', 'pickup']","seafood,soup,tradamerican",IQHdw04Ymy7JrlDLIBcrhA
Miller's Guild,47.61408374,-122.3366717,FALSE,98101,Seattle,WA,$$$,3.5,https://www.yelp.com/biz/millers-guild-seattle?adjust_creative=OvRCQGmWRwMIvAEILCAnZA&utm_campaign=yelp_api_v3&utm_medium=api_v3_business_search&utm_source=OvRCQGmWRwMIvAEILCAnZA,383,[],"newamerican,steak,cocktailbars",HZJ4DZHcd-h06-muEiQgjQ
TanakaSan,47.61532812,-122.3401586,FALSE,98121,Seattle,WA,$$,3,https://www.yelp.com/biz/tanakasan-seattle-2?adjust_creative=OvRCQGmWRwMIvAEILCAnZA&utm_campaign=yelp_api_v3&utm_medium=api_v3_business_search&utm_source=OvRCQGmWRwMIvAEILCAnZA,405,[],"asianfusion,breakfast_brunch,bars",767TjbLP3pzVaqD9mZMmyg
Shuckers Oyster Bar,47.6076816,-122.3341402,FALSE,98101,Seattle,WA,$$$,4,https://www.yelp.com/biz/shuckers-oyster-bar-seattle?adjust_creative=OvRCQGmWRwMIvAEILCAnZA&utm_campaign=yelp_api_v3&utm_medium=api_v3_business_search&utm_source=OvRCQGmWRwMIvAEILCAnZA,428,[],"newamerican,seafood,raw_food",ElzS9k2liA5twi25T2XSXQ
Anar,47.61503,-122.33868,FALSE,98121,Seattle,WA,$$,3.5,https://www.yelp.com/biz/anar-seattle-2?adjust_creative=OvRCQGmWRwMIvAEILCAnZA&utm_campaign=yelp_api_v3&utm_medium=api_v3_business_search&utm_source=OvRCQGmWRwMIvAEILCAnZA,33,[],"vegetarian,juicebars,mediterranean",ThZHcBCmVj7RBzTZewAkrA
Loulay Kitchen & Bar,47.61085,-122.33318,FALSE,98101,Seattle,WA,$$,4,https://www.yelp.com/biz/loulay-kitchen-and-bar-seattle?adjust_creative=OvRCQGmWRwMIvAEILCAnZA&utm_campaign=yelp_api_v3&utm_medium=api_v3_business_search&utm_source=OvRCQGmWRwMIvAEILCAnZA,535,[],"french,bars,breakfast_brunch",9GzjKeifGJ6KzWkaPftYHg
Ivar's Acres of Clams,47.60413127,-122.3393601,FALSE,98104,Seattle,WA,$$,3.5,https://www.yelp.com/biz/ivars-acres-of-clams-seattle-7?adjust_creative=OvRCQGmWRwMIvAEILCAnZA&utm_campaign=yelp_api_v3&utm_medium=api_v3_business_search&utm_source=OvRCQGmWRwMIvAEILCAnZA,1156,[],"seafood,bars,tradamerican",egty45DOptyWQDJosNHFrQ
Barolo Ristorante,47.614719,-122.3374525,FALSE,98101,Seattle,WA,$$,4,https://www.yelp.com/biz/barolo-ristorante-seattle?adjust_creative=OvRCQGmWRwMIvAEILCAnZA&utm_campaign=yelp_api_v3&utm_medium=api_v3_business_search&utm_source=OvRCQGmWRwMIvAEILCAnZA,1038,[],"italian,wine_bars",czZc0dlufumMXh9-Ncq2xA
Eggs & Plants,47.6156197,-122.3429413,FALSE,98121,Seattle,WA,$,4.5,https://www.yelp.com/biz/eggs-and-plants-seattle?adjust_creative=OvRCQGmWRwMIvAEILCAnZA&utm_campaign=yelp_api_v3&utm_medium=api_v3_business_search&utm_source=OvRCQGmWRwMIvAEILCAnZA,224,"['delivery', 'pickup']","mediterranean,vegetarian,mideastern",dZAqSLx8_f_BIAtNOiODvA
Zane + Wylie's Seattle Steakhouse,47.61356,-122.33558,FALSE,98101,Seattle,WA,$$$,4.5,https://www.yelp.com/biz/zane-wylies-seattle-steakhouse-seattle-2?adjust_creative=OvRCQGmWRwMIvAEILCAnZA&utm_campaign=yelp_api_v3&utm_medium=api_v3_business_search&utm_source=OvRCQGmWRwMIvAEILCAnZA,56,[],"bars,steak",bE_dVISXXsmN-1qv-wN6lg
Blueacre Seafood,47.61377925,-122.3351495,FALSE,98101,Seattle,WA,$$$,4,https://www.yelp.com/biz/blueacre-seafood-seattle?adjust_creative=OvRCQGmWRwMIvAEILCAnZA&utm_campaign=yelp_api_v3&utm_medium=api_v3_business_search&utm_source=OvRCQGmWRwMIvAEILCAnZA,1020,[],"seafood,raw_food",sjcNiTr1YjpbFOMKkakH4Q
FareStart Restaurant,47.6152682,-122.3375607,FALSE,98101,Seattle,WA,$$,4.5,https://www.yelp.com/biz/farestart-restaurant-seattle-2?adjust_creative=OvRCQGmWRwMIvAEILCAnZA&utm_campaign=yelp_api_v3&utm_medium=api_v3_business_search&utm_source=OvRCQGmWRwMIvAEILCAnZA,321,[],"newamerican,salad,sandwiches",JdYZWIAzjxVyUjt0zNR7kw
La Vita E Bella,47.6149,-122.3475,FALSE,98121,Seattle,WA,$$,3.5,https://www.yelp.com/biz/la-vita-e-bella-seattle-7?adjust_creative=OvRCQGmWRwMIvAEILCAnZA&utm_campaign=yelp_api_v3&utm_medium=api_v3_business_search&utm_source=OvRCQGmWRwMIvAEILCAnZA,463,"['delivery', 'pickup']","italian,pizza,wine_bars",dAeObODKI5e8de3QpZVI3g
El Gaucho,47.61473307,-122.3491963,FALSE,98121,Seattle,WA,$$$$,4,https://www.yelp.com/biz/el-gaucho-seattle?adjust_creative=OvRCQGmWRwMIvAEILCAnZA&utm_campaign=yelp_api_v3&utm_medium=api_v3_business_search&utm_source=OvRCQGmWRwMIvAEILCAnZA,1072,[],"steak,seafood,venues",b4Iw-XvcstHPYaSIAsL0fg
Urbane,47.61396043,-122.3341074,FALSE,98101,Seattle,WA,$$,3.5,https://www.yelp.com/biz/urbane-seattle?adjust_creative=OvRCQGmWRwMIvAEILCAnZA&utm_campaign=yelp_api_v3&utm_medium=api_v3_business_search&utm_source=OvRCQGmWRwMIvAEILCAnZA,443,[],"lounges,newamerican,breakfast_brunch",MUh_xgm8Uz58v7JH9F9dfQ
Tulio,47.60762,-122.33233,FALSE,98101,Seattle,WA,$$$,4,https://www.yelp.com/biz/tulio-seattle?adjust_creative=OvRCQGmWRwMIvAEILCAnZA&utm_campaign=yelp_api_v3&utm_medium=api_v3_business_search&utm_source=OvRCQGmWRwMIvAEILCAnZA,584,[],"italian,bars,breakfast_brunch",Fd2P_10fj7Kv8JdIa2oQgQ
Jerk Shack,47.6151135,-122.3489848,FALSE,98121,Seattle,WA,$$,4,https://www.yelp.com/biz/jerk-shack-seattle?adjust_creative=OvRCQGmWRwMIvAEILCAnZA&utm_campaign=yelp_api_v3&utm_medium=api_v3_business_search&utm_source=OvRCQGmWRwMIvAEILCAnZA,166,[],"caribbean,cocktailbars,beerbar",dVqRpLvcf2nlNZSF6zCzxw
Six Seven Restaurant,47.61230403,-122.3523009,FALSE,98121,Seattle,WA,$$$,4,https://www.yelp.com/biz/six-seven-restaurant-seattle-2?adjust_creative=OvRCQGmWRwMIvAEILCAnZA&utm_campaign=yelp_api_v3&utm_medium=api_v3_business_search&utm_source=OvRCQGmWRwMIvAEILCAnZA,864,[],"newamerican,seafood",YhWzCrNLz2bb4LDi7stPjQ
Metropolitan Grill,47.6044399,-122.3342,FALSE,98104,Seattle,WA,$$$$,4,https://www.yelp.com/biz/metropolitan-grill-seattle?adjust_creative=OvRCQGmWRwMIvAEILCAnZA&utm_campaign=yelp_api_v3&utm_medium=api_v3_business_search&utm_source=OvRCQGmWRwMIvAEILCAnZA,1538,['pickup'],"tradamerican,steak",lxvncNXJKThTmLmARv72pA
Daawat Indian Grill & Bar,47.612605,-122.331413,FALSE,98101,Seattle,WA,$$,4,https://www.yelp.com/biz/daawat-indian-grill-and-bar-seattle?adjust_creative=OvRCQGmWRwMIvAEILCAnZA&utm_campaign=yelp_api_v3&utm_medium=api_v3_business_search&utm_source=OvRCQGmWRwMIvAEILCAnZA,428,"['delivery', 'pickup']","indpak,bars,buffets",NTm6VhKpSIKkAf9D2RsElw
Tilikum Place Cafe,47.617982,-122.347691,FALSE,98121,Seattle,WA,$$,4,https://www.yelp.com/biz/tilikum-place-cafe-seattle-3?adjust_creative=OvRCQGmWRwMIvAEILCAnZA&utm_campaign=yelp_api_v3&utm_medium=api_v3_business_search&utm_source=OvRCQGmWRwMIvAEILCAnZA,1727,[],"newamerican,breakfast_brunch",NaGkRnNbLcJdI8cF8JE3hw
Mantra,47.61844177,-122.3485316,FALSE,98121,Seattle,WA,$$,4,https://www.yelp.com/biz/mantra-seattle?adjust_creative=OvRCQGmWRwMIvAEILCAnZA&utm_campaign=yelp_api_v3&utm_medium=api_v3_business_search&utm_source=OvRCQGmWRwMIvAEILCAnZA,306,['pickup'],"thai,seafood,salad",agJ6rlBoItb5zcs9f8oeLg
Il Corvo Pasta,47.60244,-122.33165,FALSE,98104,Seattle,WA,$$,4.5,https://www.yelp.com/biz/il-corvo-pasta-seattle?adjust_creative=OvRCQGmWRwMIvAEILCAnZA&utm_campaign=yelp_api_v3&utm_medium=api_v3_business_search&utm_source=OvRCQGmWRwMIvAEILCAnZA,952,[],"italian,noodles,pastashops",67QmiVYdCbG4PRmF61A5bw
AQUA by El Gaucho,47.61478482,-122.3552942,FALSE,98121,Seattle,WA,$$$$,4,https://www.yelp.com/biz/aqua-by-el-gaucho-seattle?adjust_creative=OvRCQGmWRwMIvAEILCAnZA&utm_campaign=yelp_api_v3&utm_medium=api_v3_business_search&utm_source=OvRCQGmWRwMIvAEILCAnZA,835,[],seafood,zEZi-VmBSZaDq09ab2bT9g
Terra Plata,47.61449,-122.32807,FALSE,98122,Seattle,WA,$$$,4,https://www.yelp.com/biz/terra-plata-seattle?adjust_creative=OvRCQGmWRwMIvAEILCAnZA&utm_campaign=yelp_api_v3&utm_medium=api_v3_business_search&utm_source=OvRCQGmWRwMIvAEILCAnZA,781,[],"newamerican,cocktailbars,wine_bars",w8Frh2uJcT7eWBtPEBxfkA
Six Arms,47.61411273,-122.3278109,FALSE,98122,Seattle,WA,$$,3.5,https://www.yelp.com/biz/six-arms-seattle?adjust_creative=OvRCQGmWRwMIvAEILCAnZA&utm_campaign=yelp_api_v3&utm_medium=api_v3_business_search&utm_source=OvRCQGmWRwMIvAEILCAnZA,481,[],"pubs,breweries,tradamerican",fDSYMSm8kFtro2GAaVZYvw
Sport Restaurant & Bar,47.61946887,-122.3485901,FALSE,98109,Seattle,WA,$$,3.5,https://www.yelp.com/biz/sport-restaurant-and-bar-seattle?adjust_creative=OvRCQGmWRwMIvAEILCAnZA&utm_campaign=yelp_api_v3&utm_medium=api_v3_business_search&utm_source=OvRCQGmWRwMIvAEILCAnZA,414,"['delivery', 'pickup']","sportsbars,tradamerican",2rthL8lxThA-k1hnpB9utw
Taylor Shellfish Farms - Seattle,47.614652,-122.328081,FALSE,98122,Seattle,WA,$$,4,https://www.yelp.com/biz/taylor-shellfish-farms-seattle-seattle?adjust_creative=OvRCQGmWRwMIvAEILCAnZA&utm_campaign=yelp_api_v3&utm_medium=api_v3_business_search&utm_source=OvRCQGmWRwMIvAEILCAnZA,877,[],"seafood,raw_food",BvOLqjt68GEJREOYQ_vdHw
Flying Fish,47.6210858,-122.3381935,FALSE,98109,Seattle,WA,$$$,3.5,https://www.yelp.com/biz/flying-fish-seattle?adjust_creative=OvRCQGmWRwMIvAEILCAnZA&utm_campaign=yelp_api_v3&utm_medium=api_v3_business_search&utm_source=OvRCQGmWRwMIvAEILCAnZA,691,['pickup'],seafood,sIsQfDAV9QjgR4c_vi_UPw
Brave Horse Tavern,47.6214346,-122.3370234,FALSE,98109,Seattle,WA,$$,3.5,https://www.yelp.com/biz/brave-horse-tavern-seattle?adjust_creative=OvRCQGmWRwMIvAEILCAnZA&utm_campaign=yelp_api_v3&utm_medium=api_v3_business_search&utm_source=OvRCQGmWRwMIvAEILCAnZA,774,[],"tradamerican,pubs",cvYRvO88E4ktaGutED6mRw
Main Street Gyros,47.60017,-122.33084,FALSE,98104,Seattle,WA,$,4,https://www.yelp.com/biz/main-street-gyros-seattle-2?adjust_creative=OvRCQGmWRwMIvAEILCAnZA&utm_campaign=yelp_api_v3&utm_medium=api_v3_business_search&utm_source=OvRCQGmWRwMIvAEILCAnZA,155,"['pickup', 'delivery']","greek,mediterranean,halal",ShLvbrlY9qlJOwhkRINYOQ
Serious Pie & Biscuit,47.62216559,-122.3386624,FALSE,98109,Seattle,WA,$$,4,https://www.yelp.com/biz/serious-pie-and-biscuit-seattle-6?adjust_creative=OvRCQGmWRwMIvAEILCAnZA&utm_campaign=yelp_api_v3&utm_medium=api_v3_business_search&utm_source=OvRCQGmWRwMIvAEILCAnZA,1537,[],"pizza,sandwiches,bars",0cqa2F_cfIjxAC3nqw__1w
Salumi Artisan Cured Meats,47.59969,-122.33058,FALSE,98104,Seattle,WA,$$,4.5,https://www.yelp.com/biz/salumi-artisan-cured-meats-seattle-2?adjust_creative=OvRCQGmWRwMIvAEILCAnZA&utm_campaign=yelp_api_v3&utm_medium=api_v3_business_search&utm_source=OvRCQGmWRwMIvAEILCAnZA,1295,[],"italian,sandwiches,meats",T7XmistL2pQrW3hY3oTpng
Quality Athletics,47.59824097,-122.333071,FALSE,98104,Seattle,WA,$$,3,https://www.yelp.com/biz/quality-athletics-seattle?adjust_creative=OvRCQGmWRwMIvAEILCAnZA&utm_campaign=yelp_api_v3&utm_medium=api_v3_business_search&utm_source=OvRCQGmWRwMIvAEILCAnZA,257,[],"newamerican,tradamerican,sportsbars",3LJ62y8ZECbs0Y3O80xR9Q
Girin Korean Ssam Bar,47.59812,-122.33188,FALSE,98104,Seattle,WA,$$,4,https://www.yelp.com/biz/girin-korean-ssam-bar-seattle?adjust_creative=OvRCQGmWRwMIvAEILCAnZA&utm_campaign=yelp_api_v3&utm_medium=api_v3_business_search&utm_source=OvRCQGmWRwMIvAEILCAnZA,318,['pickup'],"korean,steak,bars",3F5WWcqqboa-NHbYFs4LAw
Elysian Fields,47.5970409,-122.3338425,FALSE,98104,Seattle,WA,$$,3,https://www.yelp.com/biz/elysian-fields-seattle?adjust_creative=OvRCQGmWRwMIvAEILCAnZA&utm_campaign=yelp_api_v3&utm_medium=api_v3_business_search&utm_source=OvRCQGmWRwMIvAEILCAnZA,408,['restaurant_reservation'],"newamerican,breweries,bars",YQm-FVEo1m_AQPMrIZ4tiA
Tsukushinbo,47.59985,-122.32681,FALSE,98104,Seattle,WA,$$,4,https://www.yelp.com/biz/tsukushinbo-seattle?adjust_creative=OvRCQGmWRwMIvAEILCAnZA&utm_campaign=yelp_api_v3&utm_medium=api_v3_business_search&utm_source=OvRCQGmWRwMIvAEILCAnZA,775,[],"japanese,sushi,seafood",Y-OgQKqreMaajTUCPbLPKg
Revel,47.623939,-122.338732,FALSE,98109,Seattle,WA,$$,4,https://www.yelp.com/biz/revel-seattle?adjust_creative=OvRCQGmWRwMIvAEILCAnZA&utm_campaign=yelp_api_v3&utm_medium=api_v3_business_search&utm_source=OvRCQGmWRwMIvAEILCAnZA,1294,['pickup'],"korean,newamerican",Qo-l9tezF_ApTFzUhnPK1w
Feierabend,47.62251898,-122.3302886,FALSE,98109,Seattle,WA,$$,4,https://www.yelp.com/biz/feierabend-seattle?adjust_creative=OvRCQGmWRwMIvAEILCAnZA&utm_campaign=yelp_api_v3&utm_medium=api_v3_business_search&utm_source=OvRCQGmWRwMIvAEILCAnZA,478,[],"german,pubs",KWR8Qb-43BZv016WlpnQ9w
Lark,47.61241913,-122.3196564,FALSE,98122,Seattle,WA,$$$,4,https://www.yelp.com/biz/lark-seattle-2?adjust_creative=OvRCQGmWRwMIvAEILCAnZA&utm_campaign=yelp_api_v3&utm_medium=api_v3_business_search&utm_source=OvRCQGmWRwMIvAEILCAnZA,199,[],"tapasmallplates,newamerican,breakfast_brunch",CmlE763fqFgkBq4FK2GWtg
Via Tribunali - Capitol Hill,47.61386,-122.31986,FALSE,98122,Seattle,WA,$$,4,https://www.yelp.com/biz/via-tribunali-capitol-hill-seattle?adjust_creative=OvRCQGmWRwMIvAEILCAnZA&utm_campaign=yelp_api_v3&utm_medium=api_v3_business_search&utm_source=OvRCQGmWRwMIvAEILCAnZA,555,[],"pizza,italian,wine_bars",k3riaoflafifFUSNKXbfTw
Kau Kau Barbeque,47.59847,-122.32471,FALSE,98104,Seattle,WA,$,4,https://www.yelp.com/biz/kau-kau-barbeque-seattle?adjust_creative=OvRCQGmWRwMIvAEILCAnZA&utm_campaign=yelp_api_v3&utm_medium=api_v3_business_search&utm_source=OvRCQGmWRwMIvAEILCAnZA,878,[],"bbq,seafood,cantonese",e8UiD4SOyfyv5PIB5i1EvQ
Honey Court Seafood Restaurant,47.5978,-122.32484,FALSE,98104,Seattle,WA,$$,3.5,https://www.yelp.com/biz/honey-court-seafood-restaurant-seattle-2?adjust_creative=OvRCQGmWRwMIvAEILCAnZA&utm_campaign=yelp_api_v3&utm_medium=api_v3_business_search&utm_source=OvRCQGmWRwMIvAEILCAnZA,499,[],"seafood,dimsum,cantonese",KqtOj1rpjcucDFBC9UZM9w
Chutneys Queen Anne,47.62388,-122.35563,FALSE,98109,Seattle,WA,$$,3.5,https://www.yelp.com/biz/chutneys-queen-anne-seattle?adjust_creative=OvRCQGmWRwMIvAEILCAnZA&utm_campaign=yelp_api_v3&utm_medium=api_v3_business_search&utm_source=OvRCQGmWRwMIvAEILCAnZA,354,"['pickup', 'delivery']","indpak,seafood",jfJ6rfdlYEIYVT80MfTuAQ
Jade Garden,47.59850207,-122.3235154,FALSE,98104,Seattle,WA,$$,3.5,https://www.yelp.com/biz/jade-garden-seattle?adjust_creative=OvRCQGmWRwMIvAEILCAnZA&utm_campaign=yelp_api_v3&utm_medium=api_v3_business_search&utm_source=OvRCQGmWRwMIvAEILCAnZA,1305,[],"dimsum,seafood,cantonese",GoWeog3TbHM6SL9dL_AnTA
Grim's,47.6146771,-122.318112,FALSE,98122,Seattle,WA,$$,3,https://www.yelp.com/biz/grims-seattle?adjust_creative=OvRCQGmWRwMIvAEILCAnZA&utm_campaign=yelp_api_v3&utm_medium=api_v3_business_search&utm_source=OvRCQGmWRwMIvAEILCAnZA,321,[],"bars,newamerican,breakfast_brunch",u_gP88O25oTDpXSArKgaOw
House of Hong Restaurant,47.59904467,-122.3225069,FALSE,98104,Seattle,WA,$$,3,https://www.yelp.com/biz/house-of-hong-restaurant-seattle?adjust_creative=OvRCQGmWRwMIvAEILCAnZA&utm_campaign=yelp_api_v3&utm_medium=api_v3_business_search&utm_source=OvRCQGmWRwMIvAEILCAnZA,345,['pickup'],"dimsum,seafood,cantonese",6eOJHfIIIP_t850DlppSeQ
Caf√© Presse,47.61205292,-122.3171082,FALSE,98122,Seattle,WA,$$,4,https://www.yelp.com/biz/caf%C3%A9-presse-seattle-2?adjust_creative=OvRCQGmWRwMIvAEILCAnZA&utm_campaign=yelp_api_v3&utm_medium=api_v3_business_search&utm_source=OvRCQGmWRwMIvAEILCAnZA,1098,[],"french,bars,breakfast_brunch",ANRznMzskndUpHA93KdEbA
Osteria la Spiga,47.61381,-122.3171,FALSE,98122,Seattle,WA,$$,3.5,https://www.yelp.com/biz/osteria-la-spiga-seattle?adjust_creative=OvRCQGmWRwMIvAEILCAnZA&utm_campaign=yelp_api_v3&utm_medium=api_v3_business_search&utm_source=OvRCQGmWRwMIvAEILCAnZA,653,[],italian,j6bAliQmvwuqiVjFj2AXyQ
Barrio Mexican Kitchen & Bar,47.61366672,-122.3166285,FALSE,98122,Seattle,WA,$$,3.5,https://www.yelp.com/biz/barrio-mexican-kitchen-and-bar-seattle?adjust_creative=OvRCQGmWRwMIvAEILCAnZA&utm_campaign=yelp_api_v3&utm_medium=api_v3_business_search&utm_source=OvRCQGmWRwMIvAEILCAnZA,1075,[],"mexican,bars",jDMRkUp1o-CI-FkUa0Xgcg
Daniel's Broiler,47.626789,-122.33494,FALSE,98109,Seattle,WA,$$$$,3.5,https://www.yelp.com/biz/daniels-broiler-seattle-7?adjust_creative=OvRCQGmWRwMIvAEILCAnZA&utm_campaign=yelp_api_v3&utm_medium=api_v3_business_search&utm_source=OvRCQGmWRwMIvAEILCAnZA,690,[],"steak,seafood",6ibx5qR8YJ_AUpKUAVc1pw
The Melting Pot - Seattle,47.62478,-122.35615,FALSE,98109,Seattle,WA,$$$,3,https://www.yelp.com/biz/the-melting-pot-seattle-seattle?adjust_creative=OvRCQGmWRwMIvAEILCAnZA&utm_campaign=yelp_api_v3&utm_medium=api_v3_business_search&utm_source=OvRCQGmWRwMIvAEILCAnZA,511,[],fondue,ct-RQp_hzpiiMg3VVCwfPg
Jai Thai,47.62094,-122.32111,FALSE,98102,Seattle,WA,$$,2.5,https://www.yelp.com/biz/jai-thai-seattle-8?adjust_creative=OvRCQGmWRwMIvAEILCAnZA&utm_campaign=yelp_api_v3&utm_medium=api_v3_business_search&utm_source=OvRCQGmWRwMIvAEILCAnZA,368,"['pickup', 'delivery']","thai,bars,comedyclubs",8sZ27zjv8tYxEmx_0dngrA
Peso's Kitchen & Lounge,47.62484,-122.3569,FALSE,98109,Seattle,WA,$$,3.5,https://www.yelp.com/biz/pesos-kitchen-and-lounge-seattle?adjust_creative=OvRCQGmWRwMIvAEILCAnZA&utm_campaign=yelp_api_v3&utm_medium=api_v3_business_search&utm_source=OvRCQGmWRwMIvAEILCAnZA,1249,[],"mexican,lounges",tWzPbuaUwhjkjIqE0YE4dA
Toulouse Petit Kitchen & Lounge,47.624851,-122.357127,FALSE,98109,Seattle,WA,$$,4,https://www.yelp.com/biz/toulouse-petit-kitchen-and-lounge-seattle?adjust_creative=OvRCQGmWRwMIvAEILCAnZA&utm_campaign=yelp_api_v3&utm_medium=api_v3_business_search&utm_source=OvRCQGmWRwMIvAEILCAnZA,3568,[],"cajun,bars",r2qcG59sAqqptnwL4aJGhg
Crawfish King,47.59649097,-122.3226716,FALSE,98104,Seattle,WA,$$,3.5,https://www.yelp.com/biz/crawfish-king-seattle-2?adjust_creative=OvRCQGmWRwMIvAEILCAnZA&utm_campaign=yelp_api_v3&utm_medium=api_v3_business_search&utm_source=OvRCQGmWRwMIvAEILCAnZA,407,"['pickup', 'delivery']","cajun,seafood,bars",ZuVJF02rxWZ12UBe591I0g
Morfire,47.61789833,-122.3168549,FALSE,98122,Seattle,WA,$$,4.5,https://www.yelp.com/biz/morfire-seattle?adjust_creative=OvRCQGmWRwMIvAEILCAnZA&utm_campaign=yelp_api_v3&utm_medium=api_v3_business_search&utm_source=OvRCQGmWRwMIvAEILCAnZA,96,[],"thai,hotpot,bars",wOkaZPQW2IRvG_eXYmdCYg
Duke's Seafood & Chowder,47.62802606,-122.3338922,FALSE,98109,Seattle,WA,$$,4,https://www.yelp.com/biz/dukes-seafood-and-chowder-seattle-3?adjust_creative=OvRCQGmWRwMIvAEILCAnZA&utm_campaign=yelp_api_v3&utm_medium=api_v3_business_search&utm_source=OvRCQGmWRwMIvAEILCAnZA,678,[],"seafood,bars",n6hB6mIctJQDn-DAH7MpGg
Skillet Capitol Hill,47.613138,-122.31386,FALSE,98122,Seattle,WA,$$,4,https://www.yelp.com/biz/skillet-capitol-hill-seattle-2?adjust_creative=OvRCQGmWRwMIvAEILCAnZA&utm_campaign=yelp_api_v3&utm_medium=api_v3_business_search&utm_source=OvRCQGmWRwMIvAEILCAnZA,1656,"['pickup', 'delivery']","breakfast_brunch,newamerican",BQhcvUAbrqzsLsew1STD-w
Marjorie,47.61312,-122.31349,FALSE,98122,Seattle,WA,$$$,3.5,https://www.yelp.com/biz/marjorie-seattle-2?adjust_creative=OvRCQGmWRwMIvAEILCAnZA&utm_campaign=yelp_api_v3&utm_medium=api_v3_business_search&utm_source=OvRCQGmWRwMIvAEILCAnZA,263,[],newamerican,fXjLgdq2zGILXumDsijHCw
Poppy,47.62498459,-122.3207376,FALSE,98102,Seattle,WA,$$$,4,https://www.yelp.com/biz/poppy-seattle?adjust_creative=OvRCQGmWRwMIvAEILCAnZA&utm_campaign=yelp_api_v3&utm_medium=api_v3_business_search&utm_source=OvRCQGmWRwMIvAEILCAnZA,1075,[],"newamerican,tapasmallplates",JGHqF70JD9ytZt_EP3G0bA
Rione XIII,47.6220818,-122.3128204,FALSE,98112,Seattle,WA,$$,3.5,https://www.yelp.com/biz/rione-xiii-seattle?adjust_creative=OvRCQGmWRwMIvAEILCAnZA&utm_campaign=yelp_api_v3&utm_medium=api_v3_business_search&utm_source=OvRCQGmWRwMIvAEILCAnZA,311,[],"pizza,italian",QeeiVw_OjxWmTiSH0A6qgA
Coastal Kitchen,47.62277,-122.31281,FALSE,98112,Seattle,WA,$$,3.5,https://www.yelp.com/biz/coastal-kitchen-seattle?adjust_creative=OvRCQGmWRwMIvAEILCAnZA&utm_campaign=yelp_api_v3&utm_medium=api_v3_business_search&utm_source=OvRCQGmWRwMIvAEILCAnZA,956,[],"breakfast_brunch,seafood,tradamerican",4a-QEKB1T_f5ScSx3muxLA
China Harbor Restaurant,47.6373831,-122.3399652,FALSE,98109,Seattle,WA,$$,3,https://www.yelp.com/biz/china-harbor-restaurant-seattle-2?adjust_creative=OvRCQGmWRwMIvAEILCAnZA&utm_campaign=yelp_api_v3&utm_medium=api_v3_business_search&utm_source=OvRCQGmWRwMIvAEILCAnZA,231,['pickup'],"chinese,venues,seafood",9WLb59RD5E72AtWdmFZ6ww
Serafina,47.63808,-122.32611,FALSE,98102,Seattle,WA,$$$,4,https://www.yelp.com/biz/serafina-seattle?adjust_creative=OvRCQGmWRwMIvAEILCAnZA&utm_campaign=yelp_api_v3&utm_medium=api_v3_business_search&utm_source=OvRCQGmWRwMIvAEILCAnZA,637,[],"italian,wine_bars,tapasmallplates",R7RFX9IlMgNftKT0f9uudQ
Salty's,47.58659,-122.37666,FALSE,98126,Seattle,WA,$$$,3.5,https://www.yelp.com/biz/saltys-seattle-4?adjust_creative=OvRCQGmWRwMIvAEILCAnZA&utm_campaign=yelp_api_v3&utm_medium=api_v3_business_search&utm_source=OvRCQGmWRwMIvAEILCAnZA,1643,[],"seafood,breakfast_brunch,desserts",Y5r2AvXmSc-YA6MGXjK6Ow
Canlis,47.6430119,-122.3467676,FALSE,98109,Seattle,WA,$$$$,4,https://www.yelp.com/biz/canlis-seattle?adjust_creative=OvRCQGmWRwMIvAEILCAnZA&utm_campaign=yelp_api_v3&utm_medium=api_v3_business_search&utm_source=OvRCQGmWRwMIvAEILCAnZA,1301,[],"newamerican,seafood",FrHhYevaOhs40xpuOpQiHg
Orient Express,47.57588,-122.32957,FALSE,98134,Seattle,WA,$$,3,https://www.yelp.com/biz/orient-express-seattle?adjust_creative=OvRCQGmWRwMIvAEILCAnZA&utm_campaign=yelp_api_v3&utm_medium=api_v3_business_search&utm_source=OvRCQGmWRwMIvAEILCAnZA,216,"['delivery', 'pickup']","chinese,lounges,thai",Gt6679tZz_fhYusb2CXPSg
Travelers Thali House,47.58034,-122.3128,FALSE,98144,Seattle,WA,$$,3.5,https://www.yelp.com/biz/travelers-thali-house-seattle?adjust_creative=OvRCQGmWRwMIvAEILCAnZA&utm_campaign=yelp_api_v3&utm_medium=api_v3_business_search&utm_source=OvRCQGmWRwMIvAEILCAnZA,335,['pickup'],"indpak,vegetarian,bars",zT5gi6FnFR-qna_orP1fwA
Palisade,47.6311269,-122.3901918,FALSE,98199,Seattle,WA,$$$,4,https://www.yelp.com/biz/palisade-seattle?adjust_creative=OvRCQGmWRwMIvAEILCAnZA&utm_campaign=yelp_api_v3&utm_medium=api_v3_business_search&utm_source=OvRCQGmWRwMIvAEILCAnZA,1245,[],"seafood,steak,asianfusion",2FS5eBVcFJ_W461ylUs38Q
Cafe Turko,47.64940895,-122.3479895,FALSE,98103,Seattle,WA,$$,4,https://www.yelp.com/biz/cafe-turko-seattle-4?adjust_creative=OvRCQGmWRwMIvAEILCAnZA&utm_campaign=yelp_api_v3&utm_medium=api_v3_business_search&utm_source=OvRCQGmWRwMIvAEILCAnZA,822,['pickup'],"halal,turkish,mediterranean",FWQCmFEe74oh7UmSHjZ1LQ
Bar Del Corso,47.57544,-122.30956,FALSE,98144,Seattle,WA,$$,4,https://www.yelp.com/biz/bar-del-corso-seattle?adjust_creative=OvRCQGmWRwMIvAEILCAnZA&utm_campaign=yelp_api_v3&utm_medium=api_v3_business_search&utm_source=OvRCQGmWRwMIvAEILCAnZA,310,[],"italian,pizza",duu0PHYLfb5bndqcNEVS2Q
Sinbad Express,47.6513,-122.35078,FALSE,98103,Seattle,WA,$,4,https://www.yelp.com/biz/sinbad-express-seattle?adjust_creative=OvRCQGmWRwMIvAEILCAnZA&utm_campaign=yelp_api_v3&utm_medium=api_v3_business_search&utm_source=OvRCQGmWRwMIvAEILCAnZA,241,"['delivery', 'pickup']",mediterranean,CPmmUbXk9_CBM890V30zzw
Shawn O'Donnell's American Grill & Irish Pub,47.65169,-122.35031,FALSE,98103,Seattle,WA,$$,4.5,https://www.yelp.com/biz/shawn-o-donnells-american-grill-and-irish-pub-seattle-3?adjust_creative=OvRCQGmWRwMIvAEILCAnZA&utm_campaign=yelp_api_v3&utm_medium=api_v3_business_search&utm_source=OvRCQGmWRwMIvAEILCAnZA,80,"['delivery', 'pickup']","irish,irish_pubs",17EshTjFVV-zvkx2VoQCkA
Westward,47.6518205,-122.3290061,FALSE,98103,Seattle,WA,$$,3.5,https://www.yelp.com/biz/westward-seattle?adjust_creative=OvRCQGmWRwMIvAEILCAnZA&utm_campaign=yelp_api_v3&utm_medium=api_v3_business_search&utm_source=OvRCQGmWRwMIvAEILCAnZA,568,[],"newamerican,seafood,desserts",ldDO6kIhUfwh6KRiKatF4g
Ivar's Salmon House,47.6536199,-122.32404,FALSE,98105,Seattle,WA,$$,3.5,https://www.yelp.com/biz/ivars-salmon-house-seattle?adjust_creative=OvRCQGmWRwMIvAEILCAnZA&utm_campaign=yelp_api_v3&utm_medium=api_v3_business_search&utm_source=OvRCQGmWRwMIvAEILCAnZA,1105,[],"seafood,lounges,tradamerican",gP921Ghfb7ERWmOjl7r-ng
Mondello Ristorante Italiano,47.64025,-122.39999,FALSE,98199,Seattle,WA,$$,4,https://www.yelp.com/biz/mondello-ristorante-italiano-seattle-2?adjust_creative=OvRCQGmWRwMIvAEILCAnZA&utm_campaign=yelp_api_v3&utm_medium=api_v3_business_search&utm_source=OvRCQGmWRwMIvAEILCAnZA,282,[],"italian,seafood,mediterranean",4Hx5TQ3tQ47LPeRJZnfi5g
Portage Bay Cafe - Roosevelt,47.657751,-122.317492,FALSE,98105,Seattle,WA,$$,4,https://www.yelp.com/biz/portage-bay-cafe-roosevelt-seattle?adjust_creative=OvRCQGmWRwMIvAEILCAnZA&utm_campaign=yelp_api_v3&utm_medium=api_v3_business_search&utm_source=OvRCQGmWRwMIvAEILCAnZA,1888,['restaurant_reservation'],"newamerican,breakfast_brunch,cafes",6OVriioGG7w7Nwq5Q25WtA
Bodrum Bistro Anatolian Kitchen,47.6615225,-122.3369892,FALSE,98103,Seattle,WA,$$,4.5,https://www.yelp.com/biz/bodrum-bistro-anatolian-kitchen-seattle?adjust_creative=OvRCQGmWRwMIvAEILCAnZA&utm_campaign=yelp_api_v3&utm_medium=api_v3_business_search&utm_source=OvRCQGmWRwMIvAEILCAnZA,127,[],"mediterranean,turkish",yAiBbQSOVPngdQQg9Bs6Sw
Bizzarro Italian Cafe,47.66196,-122.34171,FALSE,98103,Seattle,WA,$$,4,https://www.yelp.com/biz/bizzarro-italian-cafe-seattle-3?adjust_creative=OvRCQGmWRwMIvAEILCAnZA&utm_campaign=yelp_api_v3&utm_medium=api_v3_business_search&utm_source=OvRCQGmWRwMIvAEILCAnZA,794,['pickup'],"italian,desserts,bars",yi9xXidbjh_bTM9J0MElwQ
Chinook's,47.6552047,-122.3809918,FALSE,98119,Seattle,WA,$$,4,https://www.yelp.com/biz/chinooks-seattle?adjust_creative=OvRCQGmWRwMIvAEILCAnZA&utm_campaign=yelp_api_v3&utm_medium=api_v3_business_search&utm_source=OvRCQGmWRwMIvAEILCAnZA,674,[],"seafood,breakfast_brunch,bars",#NAME?
El Chupacabra,47.5801,-122.4073,FALSE,98116,Seattle,WA,$$,3.5,https://www.yelp.com/biz/el-chupacabra-seattle-3?adjust_creative=OvRCQGmWRwMIvAEILCAnZA&utm_campaign=yelp_api_v3&utm_medium=api_v3_business_search&utm_source=OvRCQGmWRwMIvAEILCAnZA,325,[],"bars,mexican",cO7k3WmV6DFATibK0QHftg
Spud Fish & Chips,47.57949,-122.40881,FALSE,98116,Seattle,WA,$$,4,https://www.yelp.com/biz/spud-fish-and-chips-seattle-2?adjust_creative=OvRCQGmWRwMIvAEILCAnZA&utm_campaign=yelp_api_v3&utm_medium=api_v3_business_search&utm_source=OvRCQGmWRwMIvAEILCAnZA,386,[],"seafood,fishnchips,hotdogs",A9dUrXhVZOxt3Hy2S5jVuQ
Perch√© No Pasta & Vino,47.664202,-122.3412,FALSE,98103,Seattle,WA,$$,4,https://www.yelp.com/biz/perch%C3%A9-no-pasta-and-vino-seattle-4?adjust_creative=OvRCQGmWRwMIvAEILCAnZA&utm_campaign=yelp_api_v3&utm_medium=api_v3_business_search&utm_source=OvRCQGmWRwMIvAEILCAnZA,378,[],"italian,venues,wine_bars",XiDp4JcHP_y438nUsSFSvg
Pizzeria Credo,47.5622433,-122.3866417,FALSE,98116,Seattle,WA,$$,4.5,https://www.yelp.com/biz/pizzeria-credo-seattle?adjust_creative=OvRCQGmWRwMIvAEILCAnZA&utm_campaign=yelp_api_v3&utm_medium=api_v3_business_search&utm_source=OvRCQGmWRwMIvAEILCAnZA,397,"['pickup', 'restaurant_reservation']","pizza,italian",BeGo3TSuhF7fOv0dzp0s1g
Jak's Grill,47.56135,-122.38656,FALSE,98116,Seattle,WA,$$$,4,https://www.yelp.com/biz/jaks-grill-seattle?adjust_creative=OvRCQGmWRwMIvAEILCAnZA&utm_campaign=yelp_api_v3&utm_medium=api_v3_business_search&utm_source=OvRCQGmWRwMIvAEILCAnZA,479,[],"tradamerican,steak",LaF6ZwGWP-y8pAs5M3LUBQ
Alchemy,47.5607,-122.38577,FALSE,98116,Seattle,WA,$$,4,https://www.yelp.com/biz/alchemy-seattle?adjust_creative=OvRCQGmWRwMIvAEILCAnZA&utm_campaign=yelp_api_v3&utm_medium=api_v3_business_search&utm_source=OvRCQGmWRwMIvAEILCAnZA,155,[],"cocktailbars,newamerican,lounges",bibwEKWWSyB422Ap-t7Sdw
Cedars Restaurant,47.66473974,-122.3143366,FALSE,98105,Seattle,WA,$$,3.5,https://www.yelp.com/biz/cedars-restaurant-seattle-5?adjust_creative=OvRCQGmWRwMIvAEILCAnZA&utm_campaign=yelp_api_v3&utm_medium=api_v3_business_search&utm_source=OvRCQGmWRwMIvAEILCAnZA,792,['pickup'],"indpak,mediterranean",FJlMfEtr7E-uTzUxspuzIg
Bang Bar Thai Restaurant,47.55957746,-122.3866481,FALSE,98116,Seattle,WA,$$,3.5,https://www.yelp.com/biz/bang-bar-thai-restaurant-seattle?adjust_creative=OvRCQGmWRwMIvAEILCAnZA&utm_campaign=yelp_api_v3&utm_medium=api_v3_business_search&utm_source=OvRCQGmWRwMIvAEILCAnZA,365,"['delivery', 'pickup']","thai,lounges",oRhY8XzVV0yjs75GMRJcXw
Stellar Pizza & Ale,47.5529289,-122.3207779,FALSE,98108,Seattle,WA,$$,4,https://www.yelp.com/biz/stellar-pizza-and-ale-seattle?adjust_creative=OvRCQGmWRwMIvAEILCAnZA&utm_campaign=yelp_api_v3&utm_medium=api_v3_business_search&utm_source=OvRCQGmWRwMIvAEILCAnZA,373,"['delivery', 'pickup']","pizza,bars,italian",qJjodNeWFLxr2r40u2pqyw
The Walrus and the Carpenter,47.66351,-122.38022,FALSE,98107,Seattle,WA,$$$,4,https://www.yelp.com/biz/the-walrus-and-the-carpenter-seattle?adjust_creative=OvRCQGmWRwMIvAEILCAnZA&utm_campaign=yelp_api_v3&utm_medium=api_v3_business_search&utm_source=OvRCQGmWRwMIvAEILCAnZA,1445,[],"seafood,tapasmallplates",9OXEAAPONxcA2PQO75fnJQ
Veggie Grill,47.6632151,-122.2986458,FALSE,98105,Seattle,WA,$$,4,https://www.yelp.com/biz/veggie-grill-seattle-4?adjust_creative=OvRCQGmWRwMIvAEILCAnZA&utm_campaign=yelp_api_v3&utm_medium=api_v3_business_search&utm_source=OvRCQGmWRwMIvAEILCAnZA,349,"['delivery', 'pickup']","newamerican,vegan,vegetarian",BjOCmgbagZLdUMB4g8x60g
Mox Boarding House Seattle,47.66495,-122.38045,FALSE,98107,Seattle,WA,$$,4,https://www.yelp.com/biz/mox-boarding-house-seattle-seattle?adjust_creative=OvRCQGmWRwMIvAEILCAnZA&utm_campaign=yelp_api_v3&utm_medium=api_v3_business_search&utm_source=OvRCQGmWRwMIvAEILCAnZA,429,[],"hobbyshops,bars,tradamerican",9SgWJjnX4TeS14IH-vvf8Q
La Rustica,47.5674,-122.40933,FALSE,98116,Seattle,WA,$$$,4,https://www.yelp.com/biz/la-rustica-seattle?adjust_creative=OvRCQGmWRwMIvAEILCAnZA&utm_campaign=yelp_api_v3&utm_medium=api_v3_business_search&utm_source=OvRCQGmWRwMIvAEILCAnZA,345,[],italian,0zOQ6gbOERAi-FoeM4fAig
Persepolis Grill,47.66919,-122.31333,FALSE,98105,Seattle,WA,$$,4,https://www.yelp.com/biz/persepolis-grill-seattle?adjust_creative=OvRCQGmWRwMIvAEILCAnZA&utm_campaign=yelp_api_v3&utm_medium=api_v3_business_search&utm_source=OvRCQGmWRwMIvAEILCAnZA,195,"['delivery', 'pickup']","persian,halal",kFTmhNfFaaPsE21wyp2tWg
The Gerald,47.66601,-122.38246,FALSE,98107,Seattle,WA,$$,4,https://www.yelp.com/biz/the-gerald-seattle?adjust_creative=OvRCQGmWRwMIvAEILCAnZA&utm_campaign=yelp_api_v3&utm_medium=api_v3_business_search&utm_source=OvRCQGmWRwMIvAEILCAnZA,309,[],"newamerican,gastropubs,cocktailbars",H0PpODW4_QQxRGX_x5GIzg
Jak's Grill,47.66101,-122.28799,FALSE,98105,Seattle,WA,$$$,4,https://www.yelp.com/biz/jaks-grill-seattle-2?adjust_creative=OvRCQGmWRwMIvAEILCAnZA&utm_campaign=yelp_api_v3&utm_medium=api_v3_business_search&utm_source=OvRCQGmWRwMIvAEILCAnZA,387,[],"steak,tradamerican",MoEFowzpF2dlBFOhW1L0WQ
Mamma Melina Ristorante + Pizzeria,47.66642,-122.300812,FALSE,98105,Seattle,WA,$$,3.5,https://www.yelp.com/biz/mamma-melina-ristorante-pizzeria-seattle?adjust_creative=OvRCQGmWRwMIvAEILCAnZA&utm_campaign=yelp_api_v3&utm_medium=api_v3_business_search&utm_source=OvRCQGmWRwMIvAEILCAnZA,584,[],"italian,pizza,bars",XbRTv9Yq4C8XvAi3xe2kXw
Bastille Cafe & Bar,47.66644,-122.38366,FALSE,98107,Seattle,WA,$$,3.5,https://www.yelp.com/biz/bastille-cafe-and-bar-seattle-2?adjust_creative=OvRCQGmWRwMIvAEILCAnZA&utm_campaign=yelp_api_v3&utm_medium=api_v3_business_search&utm_source=OvRCQGmWRwMIvAEILCAnZA,992,[],"bars,french,breakfast_brunch",4ta8miJkO0e6Qa9rGnC0iQ
Asadero Ballard,47.66687,-122.38282,FALSE,98107,Seattle,WA,$$,4.5,https://www.yelp.com/biz/asadero-ballard-seattle?adjust_creative=OvRCQGmWRwMIvAEILCAnZA&utm_campaign=yelp_api_v3&utm_medium=api_v3_business_search&utm_source=OvRCQGmWRwMIvAEILCAnZA,411,[],"mexican,steak",j2maiRNh_ErcsvPBiZCkqw
No Bones Beach Club,47.6683552,-122.3786058,FALSE,98107,Seattle,WA,$$,4.5,https://www.yelp.com/biz/no-bones-beach-club-seattle-2?adjust_creative=OvRCQGmWRwMIvAEILCAnZA&utm_campaign=yelp_api_v3&utm_medium=api_v3_business_search&utm_source=OvRCQGmWRwMIvAEILCAnZA,478,[],"vegan,cocktailbars,sandwiches",s9alani4rCYMXMWTI5xS7w
La Medusa,47.55843,-122.28555,FALSE,98118,Seattle,WA,$$$,4,https://www.yelp.com/biz/la-medusa-seattle?adjust_creative=OvRCQGmWRwMIvAEILCAnZA&utm_campaign=yelp_api_v3&utm_medium=api_v3_business_search&utm_source=OvRCQGmWRwMIvAEILCAnZA,200,[],italian,KMrr9hYyrK3J_V8lmeLQvA
Salvatore Ristorante,47.67307,-122.31706,FALSE,98115,Seattle,WA,$$,4,https://www.yelp.com/biz/salvatore-ristorante-seattle?adjust_creative=OvRCQGmWRwMIvAEILCAnZA&utm_campaign=yelp_api_v3&utm_medium=api_v3_business_search&utm_source=OvRCQGmWRwMIvAEILCAnZA,193,[],"italian,pizza",2fHBHPsyHljC9xj6f4Mfgg
Frank's Oyster House & Champagne Parlor,47.66863,-122.29892,FALSE,98105,Seattle,WA,$$,4,https://www.yelp.com/biz/franks-oyster-house-and-champagne-parlor-seattle?adjust_creative=OvRCQGmWRwMIvAEILCAnZA&utm_campaign=yelp_api_v3&utm_medium=api_v3_business_search&utm_source=OvRCQGmWRwMIvAEILCAnZA,305,[],"newamerican,seafood,champagne_bars",qpfE2YYAN4DsKo_46yv2Qg
Ocho,47.66849,-122.38734,FALSE,98107,Seattle,WA,$$,4,https://www.yelp.com/biz/ocho-seattle?adjust_creative=OvRCQGmWRwMIvAEILCAnZA&utm_campaign=yelp_api_v3&utm_medium=api_v3_business_search&utm_source=OvRCQGmWRwMIvAEILCAnZA,554,[],"tapas,cocktailbars,breakfast_brunch",NvTGTMkGvkODIqOlCseF3g
La Isla Cuisine,47.66884864,-122.387297,FALSE,98107,Seattle,WA,$$,4,https://www.yelp.com/biz/la-isla-cuisine-seattle?adjust_creative=OvRCQGmWRwMIvAEILCAnZA&utm_campaign=yelp_api_v3&utm_medium=api_v3_business_search&utm_source=OvRCQGmWRwMIvAEILCAnZA,1047,[],"latin,lounges,puertorican",heIRbeGgquFtkGX1XFyMBA
Pasta Bella,47.67222,-122.37657,FALSE,98107,Seattle,WA,$$,4,https://www.yelp.com/biz/pasta-bella-seattle?adjust_creative=OvRCQGmWRwMIvAEILCAnZA&utm_campaign=yelp_api_v3&utm_medium=api_v3_business_search&utm_source=OvRCQGmWRwMIvAEILCAnZA,363,"['pickup', 'restaurant_reservation']",italian,8BXl9GbOS9SYVAKBz_oY7w
Gather Kitchen + Bar,47.66962,-122.38506,FALSE,98107,Seattle,WA,$$,4,https://www.yelp.com/biz/gather-kitchen-bar-seattle?adjust_creative=OvRCQGmWRwMIvAEILCAnZA&utm_campaign=yelp_api_v3&utm_medium=api_v3_business_search&utm_source=OvRCQGmWRwMIvAEILCAnZA,67,[],"newamerican,cocktailbars",T5foGw4XpJp7Er_l9ksuLg
Latona Pub,47.67572,-122.32568,FALSE,98115,Seattle,WA,$$,4,https://www.yelp.com/biz/latona-pub-seattle?adjust_creative=OvRCQGmWRwMIvAEILCAnZA&utm_campaign=yelp_api_v3&utm_medium=api_v3_business_search&utm_source=OvRCQGmWRwMIvAEILCAnZA,327,[],"pubs,sandwiches",esHzJ47SzvtsJwRMIa7hxQ
India Bistro,47.67547309,-122.3174,FALSE,98115,Seattle,WA,$$,4,https://www.yelp.com/biz/india-bistro-seattle-2?adjust_creative=OvRCQGmWRwMIvAEILCAnZA&utm_campaign=yelp_api_v3&utm_medium=api_v3_business_search&utm_source=OvRCQGmWRwMIvAEILCAnZA,322,"['delivery', 'pickup']","indpak,seafood,cocktailbars",HFl2dH581owwb9EiRo-DIA
La Villa,47.66864638,-122.2909497,FALSE,98105,Seattle,WA,$$,4,https://www.yelp.com/biz/la-villa-seattle-2?adjust_creative=OvRCQGmWRwMIvAEILCAnZA&utm_campaign=yelp_api_v3&utm_medium=api_v3_business_search&utm_source=OvRCQGmWRwMIvAEILCAnZA,47,[],"mexican,bars",lmIZ7DaxUKrksguZKaNQ7w
Roanoke Inn,47.5939973,-122.2434188,FALSE,98040,Mercer Island,WA,$$,3.5,https://www.yelp.com/biz/roanoke-inn-mercer-island?adjust_creative=OvRCQGmWRwMIvAEILCAnZA&utm_campaign=yelp_api_v3&utm_medium=api_v3_business_search&utm_source=OvRCQGmWRwMIvAEILCAnZA,185,[],"pubs,tradamerican",XWag2eb853TrXaAk38Op_w
El Chupacabra,47.67814,-122.35568,FALSE,98103,Seattle,WA,$$,3.5,https://www.yelp.com/biz/el-chupacabra-seattle?adjust_creative=OvRCQGmWRwMIvAEILCAnZA&utm_campaign=yelp_api_v3&utm_medium=api_v3_business_search&utm_source=OvRCQGmWRwMIvAEILCAnZA,647,[],"mexican,bars",5YBPO55cdj8lPRV29PTwMg
Tacos Guaymas,47.67815,-122.32775,FALSE,98115,Seattle,WA,$$,3,https://www.yelp.com/biz/tacos-guaymas-seattle-5?adjust_creative=OvRCQGmWRwMIvAEILCAnZA&utm_campaign=yelp_api_v3&utm_medium=api_v3_business_search&utm_source=OvRCQGmWRwMIvAEILCAnZA,249,"['delivery', 'pickup']","mexican,salad,bars",Jl51soj64xo1o5Jb98eoyw
Cafe da Pino,47.6756699,-122.30402,FALSE,98115,Seattle,WA,$$,4,https://www.yelp.com/biz/cafe-da-pino-seattle-2?adjust_creative=OvRCQGmWRwMIvAEILCAnZA&utm_campaign=yelp_api_v3&utm_medium=api_v3_business_search&utm_source=OvRCQGmWRwMIvAEILCAnZA,28,[],italian,B9vODi2TxZqWCFciWoj2Dg
Beveridge Place Pub,47.545467,-122.387542,FALSE,98136,Seattle,WA,$$,4.5,https://www.yelp.com/biz/beveridge-place-pub-seattle?adjust_creative=OvRCQGmWRwMIvAEILCAnZA&utm_campaign=yelp_api_v3&utm_medium=api_v3_business_search&utm_source=OvRCQGmWRwMIvAEILCAnZA,321,[],pubs,TGqeG_HnI5UheoZ1eVDFWQ
Raconteur,47.55571,-122.2706,FALSE,98118,Seattle,WA,$$,3.5,https://www.yelp.com/biz/raconteur-seattle?adjust_creative=OvRCQGmWRwMIvAEILCAnZA&utm_campaign=yelp_api_v3&utm_medium=api_v3_business_search&utm_source=OvRCQGmWRwMIvAEILCAnZA,157,[],"coffee,pubs,tradamerican",kOjruVktEQ1Dz48l69fURg
Copine,47.67579,-122.38729,FALSE,98107,Seattle,WA,$$$,4.5,https://www.yelp.com/biz/copine-seattle?adjust_creative=OvRCQGmWRwMIvAEILCAnZA&utm_campaign=yelp_api_v3&utm_medium=api_v3_business_search&utm_source=OvRCQGmWRwMIvAEILCAnZA,152,[],"newamerican,french",IFzC8hzQpKNfVuJh84p1sw
Brunello Ristorante,47.6805922,-122.3177215,FALSE,98115,Seattle,WA,$$,4.5,https://www.yelp.com/biz/brunello-ristorante-seattle?adjust_creative=OvRCQGmWRwMIvAEILCAnZA&utm_campaign=yelp_api_v3&utm_medium=api_v3_business_search&utm_source=OvRCQGmWRwMIvAEILCAnZA,98,['pickup'],italian,dCwO2S65LZHuPg-WkKVajQ
Yanni's Greek Restaurant,47.683087,-122.355491,FALSE,98103,Seattle,WA,$$,3.5,https://www.yelp.com/biz/yannis-greek-restaurant-seattle?adjust_creative=OvRCQGmWRwMIvAEILCAnZA&utm_campaign=yelp_api_v3&utm_medium=api_v3_business_search&utm_source=OvRCQGmWRwMIvAEILCAnZA,229,[],"greek,mediterranean,breakfast_brunch",MRNcnBmlRB7bLDXP7y25hQ
Bennett's Bistro,47.58712,-122.23577,FALSE,98040,Mercer Island,WA,$$,3.5,https://www.yelp.com/biz/bennetts-bistro-mercer-island?adjust_creative=OvRCQGmWRwMIvAEILCAnZA&utm_campaign=yelp_api_v3&utm_medium=api_v3_business_search&utm_source=OvRCQGmWRwMIvAEILCAnZA,209,[],newamerican,sq0pl58_QvhYsffM6Im-Yw
Bis On Main,47.60998,-122.203857,FALSE,98004,Bellevue,WA,$$$,4,https://www.yelp.com/biz/bis-on-main-bellevue?adjust_creative=OvRCQGmWRwMIvAEILCAnZA&utm_campaign=yelp_api_v3&utm_medium=api_v3_business_search&utm_source=OvRCQGmWRwMIvAEILCAnZA,364,[],"newamerican,bars,steak",wvEGC525cGJZGmqVFJW57A
Mediterranean Kitchen,47.61135596,-122.2017618,FALSE,98004,Bellevue,WA,$$,4,https://www.yelp.com/biz/mediterranean-kitchen-bellevue?adjust_creative=OvRCQGmWRwMIvAEILCAnZA&utm_campaign=yelp_api_v3&utm_medium=api_v3_business_search&utm_source=OvRCQGmWRwMIvAEILCAnZA,879,['pickup'],"greek,mideastern,mediterranean",cn9ox-BRc2D45oWmp1egdg
Garlic Crush,47.611445,-122.201284,FALSE,98004,Bellevue,WA,$,4,https://www.yelp.com/biz/garlic-crush-bellevue?adjust_creative=OvRCQGmWRwMIvAEILCAnZA&utm_campaign=yelp_api_v3&utm_medium=api_v3_business_search&utm_source=OvRCQGmWRwMIvAEILCAnZA,589,"['pickup', 'delivery']","mediterranean,lebanese,kebab",wk5zGwe_czrEZ0RjzwXqGA
Palomino Restaurant & Bar,47.6157281,-122.2016889,FALSE,98004,Bellevue,WA,$$,3,https://www.yelp.com/biz/palomino-restaurant-and-bar-bellevue?adjust_creative=OvRCQGmWRwMIvAEILCAnZA&utm_campaign=yelp_api_v3&utm_medium=api_v3_business_search&utm_source=OvRCQGmWRwMIvAEILCAnZA,698,[],"newamerican,mediterranean,bars",gM5aXMlDnpQ3PWdfeXHfNQ
Tavern Hall,47.61666316,-122.2019003,FALSE,98004,Bellevue,WA,$$,3.5,https://www.yelp.com/biz/tavern-hall-bellevue-2?adjust_creative=OvRCQGmWRwMIvAEILCAnZA&utm_campaign=yelp_api_v3&utm_medium=api_v3_business_search&utm_source=OvRCQGmWRwMIvAEILCAnZA,549,[],"newamerican,gastropubs",aMrtEaVWyMj9SlmNE7f4KA
Wild Ginger,47.61498,-122.201305,FALSE,98004,Bellevue,WA,$$,3,https://www.yelp.com/biz/wild-ginger-bellevue-5?adjust_creative=OvRCQGmWRwMIvAEILCAnZA&utm_campaign=yelp_api_v3&utm_medium=api_v3_business_search&utm_source=OvRCQGmWRwMIvAEILCAnZA,572,[],"wine_bars,thai,panasian",jJubx-ZsbtvkYOLRMdGhrQ
McCormick & Schmick's Seafood & Steaks,47.617019,-122.201254,FALSE,98004,Bellevue,WA,$$,3,https://www.yelp.com/biz/mccormick-and-schmicks-seafood-and-steaks-bellevue?adjust_creative=OvRCQGmWRwMIvAEILCAnZA&utm_campaign=yelp_api_v3&utm_medium=api_v3_business_search&utm_source=OvRCQGmWRwMIvAEILCAnZA,532,"['delivery', 'pickup']","seafood,tradamerican,steak",jf167Z6R0TPoazczLVcnKQ
Earls Kitchen + Bar,47.61697,-122.20123,FALSE,98004,Bellevue,WA,$$,3,https://www.yelp.com/biz/earls-kitchen-bar-bellevue?adjust_creative=OvRCQGmWRwMIvAEILCAnZA&utm_campaign=yelp_api_v3&utm_medium=api_v3_business_search&utm_source=OvRCQGmWRwMIvAEILCAnZA,752,[],"newamerican,cocktailbars",6wrvQqQwkeQnokD7kPX-rQ
The Lakehouse,47.6151336,-122.2004753,FALSE,98004,Bellevue,WA,$$$,3.5,https://www.yelp.com/biz/the-lakehouse-bellevue?adjust_creative=OvRCQGmWRwMIvAEILCAnZA&utm_campaign=yelp_api_v3&utm_medium=api_v3_business_search&utm_source=OvRCQGmWRwMIvAEILCAnZA,246,[],newamerican,pCkxZc1lcqRFFtc9CG2hAw
Maggiano's Little Italy,47.617157,-122.200548,FALSE,98004,Bellevue,WA,$$,3.5,https://www.yelp.com/biz/maggianos-little-italy-bellevue?adjust_creative=OvRCQGmWRwMIvAEILCAnZA&utm_campaign=yelp_api_v3&utm_medium=api_v3_business_search&utm_source=OvRCQGmWRwMIvAEILCAnZA,958,['pickup'],"italian,bars",ybBJtVElvdr7tWub4sEFFw
JOEY Bellevue,47.6180555,-122.2004802,FALSE,98004,Bellevue,WA,$$,3.5,https://www.yelp.com/biz/joey-bellevue-bellevue?adjust_creative=OvRCQGmWRwMIvAEILCAnZA&utm_campaign=yelp_api_v3&utm_medium=api_v3_business_search&utm_source=OvRCQGmWRwMIvAEILCAnZA,715,[],"newamerican,lounges,steak",PzFJNls55DcBsWJOU2O0BQ
Daniel's Broiler,47.617784,-122.200176,FALSE,98004,Bellevue,WA,$$$,3.5,https://www.yelp.com/biz/daniels-broiler-bellevue-7?adjust_creative=OvRCQGmWRwMIvAEILCAnZA&utm_campaign=yelp_api_v3&utm_medium=api_v3_business_search&utm_source=OvRCQGmWRwMIvAEILCAnZA,842,[],"steak,tradamerican,bars",gHHDCn4g4KCKFbaMxjxS8g
California Pizza Kitchen at Bellevue,47.61533,-122.19936,FALSE,98004,Bellevue,WA,$$,3,https://www.yelp.com/biz/california-pizza-kitchen-at-bellevue-bellevue-3?adjust_creative=OvRCQGmWRwMIvAEILCAnZA&utm_campaign=yelp_api_v3&utm_medium=api_v3_business_search&utm_source=OvRCQGmWRwMIvAEILCAnZA,217,[],"pizza,newamerican,salad",rR4TZxPramoFj9hm9JOqNA
Pogacha Restaurant,47.610654,-122.199231,FALSE,98004,Bellevue,WA,$$,4,https://www.yelp.com/biz/pogacha-restaurant-bellevue-2?adjust_creative=OvRCQGmWRwMIvAEILCAnZA&utm_campaign=yelp_api_v3&utm_medium=api_v3_business_search&utm_source=OvRCQGmWRwMIvAEILCAnZA,140,[],"italian,modern_european,mediterranean",5skfzOnBN5ijni-ZcFpr3w
Seastar Restaurant & Raw Bar,47.61239,-122.19694,FALSE,98004,Bellevue,WA,$$$,4,https://www.yelp.com/biz/seastar-restaurant-and-raw-bar-bellevue?adjust_creative=OvRCQGmWRwMIvAEILCAnZA&utm_campaign=yelp_api_v3&utm_medium=api_v3_business_search&utm_source=OvRCQGmWRwMIvAEILCAnZA,831,[],"newamerican,seafood,raw_food",NuPKl9HvpYSr1g5hYBAQKA
The Melting Pot - Bellevue,47.61271,-122.19582,FALSE,98004,Bellevue,WA,$$$,3,https://www.yelp.com/biz/the-melting-pot-bellevue-bellevue-2?adjust_creative=OvRCQGmWRwMIvAEILCAnZA&utm_campaign=yelp_api_v3&utm_medium=api_v3_business_search&utm_source=OvRCQGmWRwMIvAEILCAnZA,441,[],fondue,Sw39QeTPqK289bMOniYefQ
Toscano,47.6206,-122.19666,FALSE,98004,Bellevue,WA,$$,3,https://www.yelp.com/biz/toscano-bellevue-2?adjust_creative=OvRCQGmWRwMIvAEILCAnZA&utm_campaign=yelp_api_v3&utm_medium=api_v3_business_search&utm_source=OvRCQGmWRwMIvAEILCAnZA,19,[],"mediterranean,wine_bars,breakfast_brunch",SePMUEGjcXpKfS7bJ1yO4Q
El Gaucho - Bellevue,47.61464029,-122.1943921,FALSE,98004,Bellevue,WA,$$$$,4,https://www.yelp.com/biz/el-gaucho-bellevue-bellevue-2?adjust_creative=OvRCQGmWRwMIvAEILCAnZA&utm_campaign=yelp_api_v3&utm_medium=api_v3_business_search&utm_source=OvRCQGmWRwMIvAEILCAnZA,567,[],"steak,seafood,soup",n0zWJbWXcDk7DHzl7-1QTg
Andiamo,47.619202,-122.193453,FALSE,98004,Bellevue,WA,$$,3,https://www.yelp.com/biz/andiamo-bellevue?adjust_creative=OvRCQGmWRwMIvAEILCAnZA&utm_campaign=yelp_api_v3&utm_medium=api_v3_business_search&utm_source=OvRCQGmWRwMIvAEILCAnZA,137,['pickup'],italian,kyTUAXFT4tlSd796nK2vbA
Mariposa,47.61693,-122.19188,FALSE,98004,Bellevue,WA,$$,3.5,https://www.yelp.com/biz/mariposa-bellevue-2?adjust_creative=OvRCQGmWRwMIvAEILCAnZA&utm_campaign=yelp_api_v3&utm_medium=api_v3_business_search&utm_source=OvRCQGmWRwMIvAEILCAnZA,71,[],newamerican,bhAhhEJ7AJQFeXVGdZp2-g
Lunchbox Laboratory,47.61901196,-122.1913215,FALSE,98004,Bellevue,WA,$$,3,https://www.yelp.com/biz/lunchbox-laboratory-bellevue?adjust_creative=OvRCQGmWRwMIvAEILCAnZA&utm_campaign=yelp_api_v3&utm_medium=api_v3_business_search&utm_source=OvRCQGmWRwMIvAEILCAnZA,720,"['pickup', 'delivery']","newamerican,burgers",bygfqmZ37iyOO4IXdoCSxw
Jak's Alehouse,47.6856171,-122.3367787,FALSE,98103,Seattle,WA,$$,3.5,https://www.yelp.com/biz/jaks-alehouse-seattle?adjust_creative=OvRCQGmWRwMIvAEILCAnZA&utm_campaign=yelp_api_v3&utm_medium=api_v3_business_search&utm_source=OvRCQGmWRwMIvAEILCAnZA,136,[],"newamerican,steak,tex-mex",yiFStC0eaA6Zp5sgWNV8XQ
Se√±or Villa,47.68775,-122.31141,FALSE,98115,Seattle,WA,$$,3.5,https://www.yelp.com/biz/se%C3%B1or-villa-seattle?adjust_creative=OvRCQGmWRwMIvAEILCAnZA&utm_campaign=yelp_api_v3&utm_medium=api_v3_business_search&utm_source=OvRCQGmWRwMIvAEILCAnZA,262,[],"mexican,bars",Hls6HZAZFNo0tK6C-ewQtg
Hong Kong Seafood Restaurant,47.52009,-122.26506,FALSE,98118,Seattle,WA,$$,3.5,https://www.yelp.com/biz/hong-kong-seafood-restaurant-seattle-2?adjust_creative=OvRCQGmWRwMIvAEILCAnZA&utm_campaign=yelp_api_v3&utm_medium=api_v3_business_search&utm_source=OvRCQGmWRwMIvAEILCAnZA,202,"['delivery', 'pickup']","seafood,dimsum,cantonese",u4lNLYSrMWGJhFLoKwsBzw
Fish Basket,47.5198197,-122.2632136,FALSE,98118,Seattle,WA,$$,4.5,https://www.yelp.com/biz/fish-basket-seattle-3?adjust_creative=OvRCQGmWRwMIvAEILCAnZA&utm_campaign=yelp_api_v3&utm_medium=api_v3_business_search&utm_source=OvRCQGmWRwMIvAEILCAnZA,81,[],"foodtrucks,seafood,fishnchips",F_o6tbveRnSHNra3MMMoXg
The Stone House Caf√©,47.51634,-122.25482,FALSE,98118,Seattle,WA,$$,3.5,https://www.yelp.com/biz/the-stone-house-caf%C3%A9-seattle-4?adjust_creative=OvRCQGmWRwMIvAEILCAnZA&utm_campaign=yelp_api_v3&utm_medium=api_v3_business_search&utm_source=OvRCQGmWRwMIvAEILCAnZA,303,[],"breakfast_brunch,wine_bars,tradamerican",MARpjcuJ3XgHPFH7ZdUz4w
Big Fish Grill,47.64384,-122.20071,FALSE,98033,Kirkland,WA,$$,3.5,https://www.yelp.com/biz/big-fish-grill-kirkland?adjust_creative=OvRCQGmWRwMIvAEILCAnZA&utm_campaign=yelp_api_v3&utm_medium=api_v3_business_search&utm_source=OvRCQGmWRwMIvAEILCAnZA,141,[],seafood,KJH5Nyaw1CE_QgDGHtzOWg
Le Grand Bistro Am√©ricain,47.656268,-122.207288,FALSE,98033,Kirkland,WA,$$,3.5,https://www.yelp.com/biz/le-grand-bistro-am%C3%A9ricain-kirkland-2?adjust_creative=OvRCQGmWRwMIvAEILCAnZA&utm_campaign=yelp_api_v3&utm_medium=api_v3_business_search&utm_source=OvRCQGmWRwMIvAEILCAnZA,350,[],"french,steak,salad",xRbP2xtvLzjzHvC_dqcCKg
Pizzeria Pulcinella,47.511393,-122.24818,FALSE,98178,Seattle,WA,$$,4.5,https://www.yelp.com/biz/pizzeria-pulcinella-seattle-2?adjust_creative=OvRCQGmWRwMIvAEILCAnZA&utm_campaign=yelp_api_v3&utm_medium=api_v3_business_search&utm_source=OvRCQGmWRwMIvAEILCAnZA,396,[],"pizza,italian",82eC8oiAyDH656f9Ke6eqQ
WildFin American Grill,47.4976879,-122.2053932,FALSE,98057,Renton,WA,$$,3.5,https://www.yelp.com/biz/wildfin-american-grill-renton-2?adjust_creative=OvRCQGmWRwMIvAEILCAnZA&utm_campaign=yelp_api_v3&utm_medium=api_v3_business_search&utm_source=OvRCQGmWRwMIvAEILCAnZA,379,[],newamerican,7L6ym2A2fCfrWMCQ4vBsyg
Melrose Grill,47.4788,-122.20561,FALSE,98057,Renton,WA,$$$,4.5,https://www.yelp.com/biz/melrose-grill-renton-2?adjust_creative=OvRCQGmWRwMIvAEILCAnZA&utm_campaign=yelp_api_v3&utm_medium=api_v3_business_search&utm_source=OvRCQGmWRwMIvAEILCAnZA,828,[],steak,iCvPIKn8Gm716UDn3iPNtA
Buffalo Wild Wings,47.46109069,-122.2558507,FALSE,98188,Tukwila,WA,$$,2,https://www.yelp.com/biz/buffalo-wild-wings-tukwila?adjust_creative=OvRCQGmWRwMIvAEILCAnZA&utm_campaign=yelp_api_v3&utm_medium=api_v3_business_search&utm_source=OvRCQGmWRwMIvAEILCAnZA,604,['delivery'],"chicken_wings,tradamerican,sportsbars",hGrPgxgVl0goH6aOzJ9h7A
The Lemongrass,47.47093,-122.21371,FALSE,98057,Renton,WA,$$,3,https://www.yelp.com/biz/the-lemongrass-renton?adjust_creative=OvRCQGmWRwMIvAEILCAnZA&utm_campaign=yelp_api_v3&utm_medium=api_v3_business_search&utm_source=OvRCQGmWRwMIvAEILCAnZA,209,"['pickup', 'delivery']","vietnamese,noodles,seafood",szP7qE5LBQLbd9Kx7qPRJg
Duke's Seafood & Chowder,47.45776501,-122.2587347,FALSE,98188,Tukwila,WA,$$,4,https://www.yelp.com/biz/dukes-seafood-and-chowder-tukwila-2?adjust_creative=OvRCQGmWRwMIvAEILCAnZA&utm_campaign=yelp_api_v3&utm_medium=api_v3_business_search&utm_source=OvRCQGmWRwMIvAEILCAnZA,468,"['pickup', 'delivery']","seafood,bars",aWt7HEBCyhrKQCeC8BPAjw
BJ's Restaurant & Brewhouse,47.45780465,-122.2573804,FALSE,98188,Tukwila,WA,$$,3,https://www.yelp.com/biz/bjs-restaurant-and-brewhouse-tukwila?adjust_creative=OvRCQGmWRwMIvAEILCAnZA&utm_campaign=yelp_api_v3&utm_medium=api_v3_business_search&utm_source=OvRCQGmWRwMIvAEILCAnZA,674,['delivery'],"newamerican,breweries,pizza",FQw3ceM9OwCHv47MpZufHA
Moctezuma's Mexican Restaurant & Tequila Bar,47.45781871,-122.2569452,FALSE,98188,Tukwila,WA,$$,4,https://www.yelp.com/biz/moctezumas-mexican-restaurant-and-tequila-bar-tukwila-4?adjust_creative=OvRCQGmWRwMIvAEILCAnZA&utm_campaign=yelp_api_v3&utm_medium=api_v3_business_search&utm_source=OvRCQGmWRwMIvAEILCAnZA,1114,"['restaurant_reservation', 'pickup']","bars,mexican",32VKRJRFgVTI9w2AhY_grA
JOEY Southcenter,47.4570549,-122.2576058,FALSE,98188,Tukwilla,WA,$$,3.5,https://www.yelp.com/biz/joey-southcenter-tukwila-2?adjust_creative=OvRCQGmWRwMIvAEILCAnZA&utm_campaign=yelp_api_v3&utm_medium=api_v3_business_search&utm_source=OvRCQGmWRwMIvAEILCAnZA,732,[],"newamerican,lounges,steak",UGUUPV-SPp5Wj92gTsqfhA
Waterleaf Restaurant & Bar,47.45711,-122.25119,FALSE,98188,Tukwila,WA,$$,4.5,https://www.yelp.com/biz/waterleaf-restaurant-and-bar-tukwila?adjust_creative=OvRCQGmWRwMIvAEILCAnZA&utm_campaign=yelp_api_v3&utm_medium=api_v3_business_search&utm_source=OvRCQGmWRwMIvAEILCAnZA,30,[],"asianfusion,newamerican,seafood",ovLJtx_ss3GJbRGTyiixYw
Olive Garden Italian Restaurant,47.45623,-122.25756,FALSE,98188,Tukwila,WA,$$,3,https://www.yelp.com/biz/olive-garden-italian-restaurant-tukwila-3?adjust_creative=OvRCQGmWRwMIvAEILCAnZA&utm_campaign=yelp_api_v3&utm_medium=api_v3_business_search&utm_source=OvRCQGmWRwMIvAEILCAnZA,349,[],"italian,salad",geu09drUwXHVgQXJHSpH3Q
Mawadda Cafe,47.4764238,-122.3330634,FALSE,98168,Burien,WA,$$,4,https://www.yelp.com/biz/mawadda-cafe-burien?adjust_creative=OvRCQGmWRwMIvAEILCAnZA&utm_campaign=yelp_api_v3&utm_medium=api_v3_business_search&utm_source=OvRCQGmWRwMIvAEILCAnZA,103,[],"mediterranean,mideastern,greek",XxYgUH6A71jd6isB7TtE4w
Galliano's Cucina,47.4551045,-122.2814124,FALSE,98188,SeaTac,WA,$$,4,https://www.yelp.com/biz/gallianos-cucina-seatac?adjust_creative=OvRCQGmWRwMIvAEILCAnZA&utm_campaign=yelp_api_v3&utm_medium=api_v3_business_search&utm_source=OvRCQGmWRwMIvAEILCAnZA,138,[],italian,_QyTjZdBMMhjpVRXYLNllg
Grazie Ristorante,47.45094401,-122.2633347,FALSE,98188,Tukwila,WA,$$,4.5,https://www.yelp.com/biz/grazie-ristorante-tukwila?adjust_creative=OvRCQGmWRwMIvAEILCAnZA&utm_campaign=yelp_api_v3&utm_medium=api_v3_business_search&utm_source=OvRCQGmWRwMIvAEILCAnZA,599,[],italian,EqJ5oOcy6DWx9WSp1lqAQw
The Old Spaghetti Factory,47.4500486,-122.2605199,FALSE,98188,Tukwila,WA,$$,3,https://www.yelp.com/biz/the-old-spaghetti-factory-tukwila?adjust_creative=OvRCQGmWRwMIvAEILCAnZA&utm_campaign=yelp_api_v3&utm_medium=api_v3_business_search&utm_source=OvRCQGmWRwMIvAEILCAnZA,302,[],"italian,cocktailbars",aO1XK9zHD9S_0zV3GtOGEw
Stanford's Restaurant & Bar,47.44697,-122.26093,FALSE,98188,Tukwila,WA,$$,3,https://www.yelp.com/biz/stanfords-restaurant-and-bar-tukwila-2?adjust_creative=OvRCQGmWRwMIvAEILCAnZA&utm_campaign=yelp_api_v3&utm_medium=api_v3_business_search&utm_source=OvRCQGmWRwMIvAEILCAnZA,309,[],"tradamerican,steak,diners",oL2g9giMo-xPkx2xQ4ZkgA
The Greek House,47.465831,-122.334536,FALSE,98166,Burien,WA,$$,4.5,https://www.yelp.com/biz/the-greek-house-burien?adjust_creative=OvRCQGmWRwMIvAEILCAnZA&utm_campaign=yelp_api_v3&utm_medium=api_v3_business_search&utm_source=OvRCQGmWRwMIvAEILCAnZA,417,[],"greek,lounges",kXq8fJVO94ApKakK-GlrJw
Angelo's Pizza & Pasta House,47.48828,-122.16723,FALSE,98056,Renton,WA,$$,4,https://www.yelp.com/biz/angelos-pizza-and-pasta-house-renton?adjust_creative=OvRCQGmWRwMIvAEILCAnZA&utm_campaign=yelp_api_v3&utm_medium=api_v3_business_search&utm_source=OvRCQGmWRwMIvAEILCAnZA,126,[],"pizza,italian,sandwiches",K4L7keIAXIO-wNNJM3coIA
Applebee's Grill + Bar,47.443638,-122.260618,FALSE,98188,Tukwila,WA,$$,2.5,https://www.yelp.com/biz/applebees-grill-bar-tukwila?adjust_creative=OvRCQGmWRwMIvAEILCAnZA&utm_campaign=yelp_api_v3&utm_medium=api_v3_business_search&utm_source=OvRCQGmWRwMIvAEILCAnZA,159,[],"tradamerican,sportsbars,burgers",vQwfNjtwqXZwlWY0OzjbZw
Seattle Seahawks 12 Club,47.44844718,-122.3022895,FALSE,98158,Seattle,WA,$$,2,https://www.yelp.com/biz/seattle-seahawks-12-club-seattle?adjust_creative=OvRCQGmWRwMIvAEILCAnZA&utm_campaign=yelp_api_v3&utm_medium=api_v3_business_search&utm_source=OvRCQGmWRwMIvAEILCAnZA,221,[],"sportsbars,tradamerican",LyrC7SNMvq07iJiGvwX6Aw
Spencer's for Steaks and Chops,47.44458389,-122.2939606,FALSE,98188,Seattle,WA,$$$,3,https://www.yelp.com/biz/spencers-for-steaks-and-chops-seattle?adjust_creative=OvRCQGmWRwMIvAEILCAnZA&utm_campaign=yelp_api_v3&utm_medium=api_v3_business_search&utm_source=OvRCQGmWRwMIvAEILCAnZA,105,[],steak,Ivy6kq6Tv2ztNZIp4aLLmA
909 Coffee & Wine,47.46664,-122.34638,FALSE,98166,Burien,WA,$$,4.5,https://www.yelp.com/biz/909-coffee-and-wine-burien?adjust_creative=OvRCQGmWRwMIvAEILCAnZA&utm_campaign=yelp_api_v3&utm_medium=api_v3_business_search&utm_source=OvRCQGmWRwMIvAEILCAnZA,231,[],"wine_bars,newamerican",CQTpGFDDc7_0eNlSN9uf3w
Wolfgang Puck Gourmet Express,47.44524328,-122.3038381,FALSE,98158,SeaTac,WA,$$,2,https://www.yelp.com/biz/wolfgang-puck-gourmet-express-seatac?adjust_creative=OvRCQGmWRwMIvAEILCAnZA&utm_campaign=yelp_api_v3&utm_medium=api_v3_business_search&utm_source=OvRCQGmWRwMIvAEILCAnZA,226,[],"pizza,sandwiches,newamerican",NRYEiz_iCGl6_4rYpyBmew
Alaska Lodge,47.44431002,-122.3026,FALSE,98158,Seattle,WA,$$,1.5,https://www.yelp.com/biz/alaska-lodge-seattle-2?adjust_creative=OvRCQGmWRwMIvAEILCAnZA&utm_campaign=yelp_api_v3&utm_medium=api_v3_business_search&utm_source=OvRCQGmWRwMIvAEILCAnZA,441,[],"sportsbars,newamerican,vegetarian",JbjX2JLvMlZLfbTzHxBK9g
Vintage Washington Wine Bar,47.4406024,-122.2962891,FALSE,98158,SeaTac,WA,$$,2,https://www.yelp.com/biz/vintage-washington-wine-bar-seatac?adjust_creative=OvRCQGmWRwMIvAEILCAnZA&utm_campaign=yelp_api_v3&utm_medium=api_v3_business_search&utm_source=OvRCQGmWRwMIvAEILCAnZA,65,[],"wine_bars,tradamerican",0kDRKVk2iJ9pgXRSw3g8zQ
Anthony's Restaurant,47.4406024,-122.2962891,FALSE,98158,Seattle,WA,$$,3,https://www.yelp.com/biz/anthonys-restaurant-seattle-2?adjust_creative=OvRCQGmWRwMIvAEILCAnZA&utm_campaign=yelp_api_v3&utm_medium=api_v3_business_search&utm_source=OvRCQGmWRwMIvAEILCAnZA,962,[],"seafood,fishnchips",Qb96SguwIDqRqSBcKHVBsQ
Pallino,47.443705,-122.303177,FALSE,98158,Seattle,WA,$$,3,https://www.yelp.com/biz/pallino-seattle-3?adjust_creative=OvRCQGmWRwMIvAEILCAnZA&utm_campaign=yelp_api_v3&utm_medium=api_v3_business_search&utm_source=OvRCQGmWRwMIvAEILCAnZA,115,[],"italian,pizza,sandwiches",4S3HAyhNnffg1PGM2jwr6g
13 Coins Restaurant,47.4413399,-122.29503,FALSE,98188,SeaTac,WA,$$,3.5,https://www.yelp.com/biz/13-coins-restaurant-seatac?adjust_creative=OvRCQGmWRwMIvAEILCAnZA&utm_campaign=yelp_api_v3&utm_medium=api_v3_business_search&utm_source=OvRCQGmWRwMIvAEILCAnZA,1160,"['pickup', 'delivery']","bars,breakfast_brunch,tradamerican",jumkhxyW9r1QimpwlG8f_w
Dungeness Bay Seafood House,47.43876491,-122.3018301,FALSE,98158,Seattle,WA,$$,2,https://www.yelp.com/biz/dungeness-bay-seafood-house-seattle?adjust_creative=OvRCQGmWRwMIvAEILCAnZA&utm_campaign=yelp_api_v3&utm_medium=api_v3_business_search&utm_source=OvRCQGmWRwMIvAEILCAnZA,205,[],"seafood,bars,sandwiches",l8OHkAB0VNur-QWZ80FAgg
Sharps Roasthouse,47.4372645,-122.2960418,FALSE,98188,Seattle,WA,$$,4,https://www.yelp.com/biz/sharps-roasthouse-seattle-2?adjust_creative=OvRCQGmWRwMIvAEILCAnZA&utm_campaign=yelp_api_v3&utm_medium=api_v3_business_search&utm_source=OvRCQGmWRwMIvAEILCAnZA,803,"['restaurant_reservation', 'pickup']","tradamerican,bbq,newamerican",WvQkCs_C_HCfGUFUA0_-hQ
V Garden Chinese Restaurant,47.43869,-122.22026,FALSE,98032,Kent,WA,$$,3.5,https://www.yelp.com/biz/v-garden-chinese-restaurant-kent?adjust_creative=OvRCQGmWRwMIvAEILCAnZA&utm_campaign=yelp_api_v3&utm_medium=api_v3_business_search&utm_source=OvRCQGmWRwMIvAEILCAnZA,97,[],"seafood,cantonese",S1D6n5U0gcegIAT59jgyHA
The Calcutta Grill,47.53661,-122.14984,FALSE,98059,Newcastle,WA,$$,3,https://www.yelp.com/biz/the-calcutta-grill-newcastle?adjust_creative=OvRCQGmWRwMIvAEILCAnZA&utm_campaign=yelp_api_v3&utm_medium=api_v3_business_search&utm_source=OvRCQGmWRwMIvAEILCAnZA,197,[],"newamerican,pubs",x_Sy4mmXC9aoo1B8fTQ5uA
Mango Thai Cuisine & Bar,47.43664,-122.29619,FALSE,98188,SeaTac,WA,$$,3.5,https://www.yelp.com/biz/mango-thai-cuisine-and-bar-seatac?adjust_creative=OvRCQGmWRwMIvAEILCAnZA&utm_campaign=yelp_api_v3&utm_medium=api_v3_business_search&utm_source=OvRCQGmWRwMIvAEILCAnZA,427,[],"thai,seafood",xQTgUtgO_9opATaX22PX7A
Novilhos Brazilian Steak House,47.57702,-122.17298,FALSE,98006,Bellevue,WA,$$$,4,https://www.yelp.com/biz/novilhos-brazilian-steak-house-bellevue-2?adjust_creative=OvRCQGmWRwMIvAEILCAnZA&utm_campaign=yelp_api_v3&utm_medium=api_v3_business_search&utm_source=OvRCQGmWRwMIvAEILCAnZA,763,[],"steak,brazilian",ULznZoVOyFb2mrYGV0ULsA
Top Gun Seafood Restaurant,47.57804,-122.17265,FALSE,98006,Bellevue,WA,$$,3,https://www.yelp.com/biz/top-gun-seafood-restaurant-bellevue-2?adjust_creative=OvRCQGmWRwMIvAEILCAnZA&utm_campaign=yelp_api_v3&utm_medium=api_v3_business_search&utm_source=OvRCQGmWRwMIvAEILCAnZA,636,[],"seafood,dimsum,cantonese",WGw7iNqNhXA_TxSMlmy5aA
Applebee's Grill + Bar,47.578212,-122.167929,FALSE,98006,Bellevue,WA,$$,2.5,https://www.yelp.com/biz/applebees-grill-bar-bellevue-3?adjust_creative=OvRCQGmWRwMIvAEILCAnZA&utm_campaign=yelp_api_v3&utm_medium=api_v3_business_search&utm_source=OvRCQGmWRwMIvAEILCAnZA,146,[],"sportsbars,burgers,tradamerican",Vr3mowa-ML9EE8TNGoS_Vw
Apogee Pub & Eatery,47.44679521,-122.1522665,FALSE,98058,Renton,WA,$$,3,https://www.yelp.com/biz/apogee-pub-and-eatery-renton?adjust_creative=OvRCQGmWRwMIvAEILCAnZA&utm_campaign=yelp_api_v3&utm_medium=api_v3_business_search&utm_source=OvRCQGmWRwMIvAEILCAnZA,121,[],"tradamerican,pubs",GLJEfpY38xgLjw2e7a9mJw
Green Valley Restaurant,47.41095,-122.22737,FALSE,98032,Kent,WA,$,4.5,https://www.yelp.com/biz/green-valley-restaurant-kent?adjust_creative=OvRCQGmWRwMIvAEILCAnZA&utm_campaign=yelp_api_v3&utm_medium=api_v3_business_search&utm_source=OvRCQGmWRwMIvAEILCAnZA,94,[],"chinese,seafood,poke",dT3ChQooeSYZA1kF6KU1Xw
Maza Grill,47.41411,-122.19569,FALSE,98031,Kent,WA,$$,4.5,https://www.yelp.com/biz/maza-grill-kent-2?adjust_creative=OvRCQGmWRwMIvAEILCAnZA&utm_campaign=yelp_api_v3&utm_medium=api_v3_business_search&utm_source=OvRCQGmWRwMIvAEILCAnZA,108,[],"halal,pakistani,steak",KMAHhiDKmFnsszK0E0J0BA
Boiling Crawfish,47.4137,-122.19592,FALSE,98031,Kent,WA,$$,4,https://www.yelp.com/biz/boiling-crawfish-kent-4?adjust_creative=OvRCQGmWRwMIvAEILCAnZA&utm_campaign=yelp_api_v3&utm_medium=api_v3_business_search&utm_source=OvRCQGmWRwMIvAEILCAnZA,231,[],"seafood,noodles,sandwiches",kNNGXQaaWSPeSH4jlPYY_w
Taki's Mad Greek,47.6904779,-122.3757656,FALSE,98117,Seattle,WA,$$,4,https://www.yelp.com/biz/takis-mad-greek-seattle?adjust_creative=OvRCQGmWRwMIvAEILCAnZA&utm_campaign=yelp_api_v3&utm_medium=api_v3_business_search&utm_source=OvRCQGmWRwMIvAEILCAnZA,248,"['pickup', 'delivery']","greek,mediterranean",OrDvpwx5GWpJWkWpn_dyQQ
Wedgwood Broiler,47.68915644,-122.2902072,FALSE,98115,Seattle,WA,$$,3,https://www.yelp.com/biz/wedgwood-broiler-seattle?adjust_creative=OvRCQGmWRwMIvAEILCAnZA&utm_campaign=yelp_api_v3&utm_medium=api_v3_business_search&utm_source=OvRCQGmWRwMIvAEILCAnZA,167,[],"tradamerican,lounges",g8r5jy1KZvn9d67mFG5c7g
Bin On The Lake,47.6569474,-122.2065393,FALSE,98033,Kirkland,WA,$$$,3.5,https://www.yelp.com/biz/bin-on-the-lake-kirkland?adjust_creative=OvRCQGmWRwMIvAEILCAnZA&utm_campaign=yelp_api_v3&utm_medium=api_v3_business_search&utm_source=OvRCQGmWRwMIvAEILCAnZA,245,[],"newamerican,wine_bars",YWayU0DutgZx132Jshm9SA
Fiddler's Inn Pub & Restaurant,47.69639,-122.29087,FALSE,98115,Seattle,WA,$$,4,https://www.yelp.com/biz/fiddlers-inn-pub-and-restaurant-seattle?adjust_creative=OvRCQGmWRwMIvAEILCAnZA&utm_campaign=yelp_api_v3&utm_medium=api_v3_business_search&utm_source=OvRCQGmWRwMIvAEILCAnZA,129,[],"pubs,tradamerican",_7i3cfZt8A0tBwyTsPpH4w
Beachhouse Bar + Grill,47.661775,-122.207304,FALSE,98033,Kirkland,WA,$$,3.5,https://www.yelp.com/biz/beachhouse-bar-grill-kirkland-2?adjust_creative=OvRCQGmWRwMIvAEILCAnZA&utm_campaign=yelp_api_v3&utm_medium=api_v3_business_search&utm_source=OvRCQGmWRwMIvAEILCAnZA,562,[],"newamerican,seafood,breakfast_brunch",iPdEvg7qSlF6MK0QavD7bw
The Crab Pot,47.62030792,-122.1804047,FALSE,98005,Bellevue,WA,$$$,3,https://www.yelp.com/biz/the-crab-pot-bellevue?adjust_creative=OvRCQGmWRwMIvAEILCAnZA&utm_campaign=yelp_api_v3&utm_medium=api_v3_business_search&utm_source=OvRCQGmWRwMIvAEILCAnZA,451,[],seafood,TYYGcnXz5CjTOCZDgFquRw
Athens Pizza & Pasta,47.4006958,-122.3240814,FALSE,98198,Des Moines,WA,$$,3.5,https://www.yelp.com/biz/athens-pizza-and-pasta-des-moines?adjust_creative=OvRCQGmWRwMIvAEILCAnZA&utm_campaign=yelp_api_v3&utm_medium=api_v3_business_search&utm_source=OvRCQGmWRwMIvAEILCAnZA,61,[],"pizza,italian,greek",9QdPuTSnoCvfoScXh4cfoA
REYHOON GRILL,47.3903899,-122.20292,FALSE,98031,Kent,WA,$$,4.5,https://www.yelp.com/biz/reyhoon-grill-kent?adjust_creative=OvRCQGmWRwMIvAEILCAnZA&utm_campaign=yelp_api_v3&utm_medium=api_v3_business_search&utm_source=OvRCQGmWRwMIvAEILCAnZA,21,"['delivery', 'pickup']","mediterranean,halal,persian",ZvGLepkwp4mBmQES-v2Cww
Wally's Chowder House & Broiler,47.39945,-122.32482,FALSE,98198,Des Moines,WA,$$,4.5,https://www.yelp.com/biz/wallys-chowder-house-and-broiler-des-moines?adjust_creative=OvRCQGmWRwMIvAEILCAnZA&utm_campaign=yelp_api_v3&utm_medium=api_v3_business_search&utm_source=OvRCQGmWRwMIvAEILCAnZA,1014,[],"seafood,fishnchips",QKIH0ALmEGsRuFRDRRn9oQ
Mama Stortini's Restaurant & Bar - Kent,47.38565691,-122.2351526,FALSE,98032,Kent,WA,$$,3.5,https://www.yelp.com/biz/mama-stortinis-restaurant-and-bar-kent-kent?adjust_creative=OvRCQGmWRwMIvAEILCAnZA&utm_campaign=yelp_api_v3&utm_medium=api_v3_business_search&utm_source=OvRCQGmWRwMIvAEILCAnZA,429,[],"italian,burgers,seafood",pfv5dzBvgOQ3LoOUrjSnqQ
Magic Flavors,47.389344,-122.201412,FALSE,98031,Kent,WA,$,3.5,https://www.yelp.com/biz/magic-flavors-kent-2?adjust_creative=OvRCQGmWRwMIvAEILCAnZA&utm_campaign=yelp_api_v3&utm_medium=api_v3_business_search&utm_source=OvRCQGmWRwMIvAEILCAnZA,21,"['delivery', 'pickup']","italian,sandwiches,tapasmallplates",CUaAgMe1lEOmL74fRlz6Ag
Duke's Seafood & Chowder,47.38510833,-122.2348309,FALSE,98032,Kent,WA,$$,3.5,https://www.yelp.com/biz/dukes-seafood-and-chowder-kent-3?adjust_creative=OvRCQGmWRwMIvAEILCAnZA&utm_campaign=yelp_api_v3&utm_medium=api_v3_business_search&utm_source=OvRCQGmWRwMIvAEILCAnZA,221,"['delivery', 'pickup']","seafood,bars",fvg1jLlgYesVdzWJTpX0wg
via Marina Wood Fired Pizza & Italian Cafe,47.3982085,-122.3240175,FALSE,98198,Des Moines,WA,$$,4,https://www.yelp.com/biz/via-marina-wood-fired-pizza-and-italian-cafe-des-moines-3?adjust_creative=OvRCQGmWRwMIvAEILCAnZA&utm_campaign=yelp_api_v3&utm_medium=api_v3_business_search&utm_source=OvRCQGmWRwMIvAEILCAnZA,194,"['delivery', 'pickup']","pizza,italian,bars",DC1S5q5uHmRnHNMOtgGUYA
Golden Steer,47.38752,-122.20233,FALSE,98031,Kent,WA,$$,3,https://www.yelp.com/biz/golden-steer-kent-2?adjust_creative=OvRCQGmWRwMIvAEILCAnZA&utm_campaign=yelp_api_v3&utm_medium=api_v3_business_search&utm_source=OvRCQGmWRwMIvAEILCAnZA,151,[],"steak,karaoke,tradamerican",pS8OqsnPHuC94gdcYzxXJw
Asadero Sinaloa,47.383426,-122.246822,FALSE,98032,Kent,WA,$$,4.5,https://www.yelp.com/biz/asadero-sinaloa-kent?adjust_creative=OvRCQGmWRwMIvAEILCAnZA&utm_campaign=yelp_api_v3&utm_medium=api_v3_business_search&utm_source=OvRCQGmWRwMIvAEILCAnZA,662,[],"mexican,steak",hdFehBBkwZ2umAmzugOtRg
Lucky House Chinese Restaurant,47.383462,-122.2302444,FALSE,98030,Kent,WA,$$,3.5,https://www.yelp.com/biz/lucky-house-chinese-restaurant-kent?adjust_creative=OvRCQGmWRwMIvAEILCAnZA&utm_campaign=yelp_api_v3&utm_medium=api_v3_business_search&utm_source=OvRCQGmWRwMIvAEILCAnZA,260,"['delivery', 'pickup']","dimsum,seafood,cantonese",Yk5I73wZ7Quj5Nt1H0vtEg
California Monster Sushi,47.37174181,-122.2008119,FALSE,98030,Kent,WA,$$,3.5,https://www.yelp.com/biz/california-monster-sushi-kent?adjust_creative=OvRCQGmWRwMIvAEILCAnZA&utm_campaign=yelp_api_v3&utm_medium=api_v3_business_search&utm_source=OvRCQGmWRwMIvAEILCAnZA,249,"['delivery', 'pickup']","japanese,sushi,seafood",BFQiPm29_YiNZ-m0i2JQDQ
LA Palma Mexican Restaurant,47.1654245,-122.5112738,FALSE,98499,Lakewood,WA,$$,2,https://www.yelp.com/biz/la-palma-mexican-restaurant-lakewood?adjust_creative=OvRCQGmWRwMIvAEILCAnZA&utm_campaign=yelp_api_v3&utm_medium=api_v3_business_search&utm_source=OvRCQGmWRwMIvAEILCAnZA,144,[],"mexican,bars",EmKWx4nSbaAT5EJ6cKvNwQ
Hop Jack's,47.16154757,-122.5141003,FALSE,98499,Lakewood,WA,$$,4,https://www.yelp.com/biz/hop-jacks-lakewood?adjust_creative=OvRCQGmWRwMIvAEILCAnZA&utm_campaign=yelp_api_v3&utm_medium=api_v3_business_search&utm_source=OvRCQGmWRwMIvAEILCAnZA,99,[],"tradamerican,bars",nBpaIxVLYPjY22lKMKTczw
Great American Casino,47.16467,-122.4826,FALSE,98499,Lakewood,WA,$$,4,https://www.yelp.com/biz/great-american-casino-lakewood?adjust_creative=OvRCQGmWRwMIvAEILCAnZA&utm_campaign=yelp_api_v3&utm_medium=api_v3_business_search&utm_source=OvRCQGmWRwMIvAEILCAnZA,28,[],"casinos,tradamerican,sportsbars",LkDl2WYXOVlW3NuKYLfu7A
Tacoma Szechuan,47.1690683,-122.4827682,FALSE,98499,Lakewood,WA,$$,4,https://www.yelp.com/biz/tacoma-szechuan-lakewood?adjust_creative=OvRCQGmWRwMIvAEILCAnZA&utm_campaign=yelp_api_v3&utm_medium=api_v3_business_search&utm_source=OvRCQGmWRwMIvAEILCAnZA,361,[],"szechuan,hotpot,seafood",c-PhA7dl4u45CCQJge9wuw
Casa Mia Italian Restaurant and Pizzeria,47.19128418,-122.5098877,FALSE,98499,Lakewood,WA,$$,3,https://www.yelp.com/biz/casa-mia-italian-restaurant-and-pizzeria-lakewood?adjust_creative=OvRCQGmWRwMIvAEILCAnZA&utm_campaign=yelp_api_v3&utm_medium=api_v3_business_search&utm_source=OvRCQGmWRwMIvAEILCAnZA,135,[],italian,_vQ_8nNHiHsMqzSor-qFWw
Ming Palace,47.17664192,-122.4638288,FALSE,98444,Tacoma,WA,$$,3.5,https://www.yelp.com/biz/ming-palace-tacoma?adjust_creative=OvRCQGmWRwMIvAEILCAnZA&utm_campaign=yelp_api_v3&utm_medium=api_v3_business_search&utm_source=OvRCQGmWRwMIvAEILCAnZA,105,['pickup'],"dimsum,seafood",o4qTm58NLdnncnJZVQwCmg
Oakhouse Restaurant,47.19471741,-122.5427246,FALSE,98498,Lakewood,WA,$$,3.5,https://www.yelp.com/biz/oakhouse-restaurant-lakewood?adjust_creative=OvRCQGmWRwMIvAEILCAnZA&utm_campaign=yelp_api_v3&utm_medium=api_v3_business_search&utm_source=OvRCQGmWRwMIvAEILCAnZA,21,[],"newamerican,tradamerican,gluten_free",b_sT0QJvudIaLnAnY7KIpQ
Uncle Buck's Fishbowl & Grill,47.185966,-122.460423,FALSE,98408,Tacoma,WA,$$,2,https://www.yelp.com/biz/uncle-bucks-fishbowl-and-grill-tacoma?adjust_creative=OvRCQGmWRwMIvAEILCAnZA&utm_campaign=yelp_api_v3&utm_medium=api_v3_business_search&utm_source=OvRCQGmWRwMIvAEILCAnZA,161,[],seafood,tYvtL8O1YqcWcaN1xgGtrA
Moctezuma's Mexican Restaurant & Tequila Bar,47.205954,-122.492476,FALSE,98409,Tacoma,WA,$$,4,https://www.yelp.com/biz/moctezumas-mexican-restaurant-and-tequila-bar-tacoma?adjust_creative=OvRCQGmWRwMIvAEILCAnZA&utm_campaign=yelp_api_v3&utm_medium=api_v3_business_search&utm_source=OvRCQGmWRwMIvAEILCAnZA,561,"['delivery', 'pickup']","mexican,bars",PqCJCmRy0Cehq_cOrLoGFg
Marzano Italian Restaurant,47.14601883,-122.4390982,FALSE,98444,Tacoma,WA,$$,4.5,https://www.yelp.com/biz/marzano-italian-restaurant-tacoma?adjust_creative=OvRCQGmWRwMIvAEILCAnZA&utm_campaign=yelp_api_v3&utm_medium=api_v3_business_search&utm_source=OvRCQGmWRwMIvAEILCAnZA,381,[],italian,uJRJJvVpdP5zZsy0EQwmDA
Farrelli's Wood Fire Pizza,47.14600853,-122.4350532,FALSE,98444,Parkland,WA,$$,3,https://www.yelp.com/biz/farrellis-wood-fire-pizza-parkland?adjust_creative=OvRCQGmWRwMIvAEILCAnZA&utm_campaign=yelp_api_v3&utm_medium=api_v3_business_search&utm_source=OvRCQGmWRwMIvAEILCAnZA,171,[],"pizza,gluten_free,sportsbars",Uo0ZQjylS1PWfjQJ4tPqCQ
Peanut Sauce Thai Cuisine,47.21162,-122.463386,FALSE,98409,Tacoma,WA,$$,4,https://www.yelp.com/biz/peanut-sauce-thai-cuisine-tacoma?adjust_creative=OvRCQGmWRwMIvAEILCAnZA&utm_campaign=yelp_api_v3&utm_medium=api_v3_business_search&utm_source=OvRCQGmWRwMIvAEILCAnZA,234,[],"thai,diners,seafood",vZX86Dvy1E_HuKTZOQKXRA
Galloping Gertie's Bar and Grill,47.1194196,-122.5574917,FALSE,98498,Lakewood,WA,$$,3.5,https://www.yelp.com/biz/galloping-gerties-bar-and-grill-lakewood?adjust_creative=OvRCQGmWRwMIvAEILCAnZA&utm_campaign=yelp_api_v3&utm_medium=api_v3_business_search&utm_source=OvRCQGmWRwMIvAEILCAnZA,122,[],"bars,breakfast_brunch",guGRUPCBYBfCknykV7ODbg
Gyro Zone,47.22051,-122.53851,FALSE,98466,University Place,WA,$,4.5,https://www.yelp.com/biz/gyro-zone-university-place?adjust_creative=OvRCQGmWRwMIvAEILCAnZA&utm_campaign=yelp_api_v3&utm_medium=api_v3_business_search&utm_source=OvRCQGmWRwMIvAEILCAnZA,369,"['delivery', 'pickup']","mediterranean,greek,mideastern",k1swCnAbE-uvV856hdp2XQ
Pacific Southern,47.221252,-122.474052,FALSE,98409,Tacoma,WA,$$,4,https://www.yelp.com/biz/pacific-southern-tacoma?adjust_creative=OvRCQGmWRwMIvAEILCAnZA&utm_campaign=yelp_api_v3&utm_medium=api_v3_business_search&utm_source=OvRCQGmWRwMIvAEILCAnZA,747,[],"southern,bars,breakfast_brunch",cgpfIEZBChUrG7IauI52qw
Grassi's Ristorante,47.23421,-122.536414,FALSE,98466,University Place,WA,$$,4,https://www.yelp.com/biz/grassis-ristorante-university-place?adjust_creative=OvRCQGmWRwMIvAEILCAnZA&utm_campaign=yelp_api_v3&utm_medium=api_v3_business_search&utm_source=OvRCQGmWRwMIvAEILCAnZA,72,"['delivery', 'pickup']",italian,vZlFGUANhZ2ZemLvNyXZRg
Stanley & Seafort's,47.23077,-122.43114,FALSE,98404,Tacoma,WA,$$$,3.5,https://www.yelp.com/biz/stanley-and-seaforts-tacoma?adjust_creative=OvRCQGmWRwMIvAEILCAnZA&utm_campaign=yelp_api_v3&utm_medium=api_v3_business_search&utm_source=OvRCQGmWRwMIvAEILCAnZA,626,[],"steak,seafood,tradamerican",L18Zrls7Ke3wObDxjUx1cg
Boathouse 19,47.24415922,-122.5558119,FALSE,98466,Tacoma,WA,$$,3,https://www.yelp.com/biz/boathouse-19-tacoma?adjust_creative=OvRCQGmWRwMIvAEILCAnZA&utm_campaign=yelp_api_v3&utm_medium=api_v3_business_search&utm_source=OvRCQGmWRwMIvAEILCAnZA,450,[],"bars,newamerican,seafood",SgWS1huKOS9pewAR1QMlLg
The Rock Wood Fired Pizza,47.2442221,-122.4392535,FALSE,98402,Tacoma,WA,$$,4,https://www.yelp.com/biz/the-rock-wood-fired-pizza-tacoma-3?adjust_creative=OvRCQGmWRwMIvAEILCAnZA&utm_campaign=yelp_api_v3&utm_medium=api_v3_business_search&utm_source=OvRCQGmWRwMIvAEILCAnZA,521,[],"pizza,bars,tradamerican",p_RkMSV7_Y5tVQiAKG-iBw
Red Hot,47.25501,-122.47452,FALSE,98438,Tacoma,WA,$,4.5,https://www.yelp.com/biz/red-hot-tacoma?adjust_creative=OvRCQGmWRwMIvAEILCAnZA&utm_campaign=yelp_api_v3&utm_medium=api_v3_business_search&utm_source=OvRCQGmWRwMIvAEILCAnZA,662,[],"hotdog,beerbar,vegan",8zXqGH5xnASU_5UBrwe_XA
Asado,47.2552,-122.47319,FALSE,98406,Tacoma,WA,$$$,4,https://www.yelp.com/biz/asado-tacoma-2?adjust_creative=OvRCQGmWRwMIvAEILCAnZA&utm_campaign=yelp_api_v3&utm_medium=api_v3_business_search&utm_source=OvRCQGmWRwMIvAEILCAnZA,577,[],"argentine,steak,bars",O1v7Pa-sMVsnn1L0RPT-nw
The Table,47.2555896,-122.4722194,FALSE,98406,Tacoma,WA,$$,4.5,https://www.yelp.com/biz/the-table-tacoma?adjust_creative=OvRCQGmWRwMIvAEILCAnZA&utm_campaign=yelp_api_v3&utm_medium=api_v3_business_search&utm_source=OvRCQGmWRwMIvAEILCAnZA,227,[],"newamerican,salad,tapasmallplates",E0vBuWBK2JIqaj0q7HbxeA
Primo Grill,47.25568,-122.471687,FALSE,98405,Tacoma,WA,$$,4,https://www.yelp.com/biz/primo-grill-tacoma-2?adjust_creative=OvRCQGmWRwMIvAEILCAnZA&utm_campaign=yelp_api_v3&utm_medium=api_v3_business_search&utm_source=OvRCQGmWRwMIvAEILCAnZA,158,[],"mediterranean,bars,seafood",1nnWECqcCS4T19Pr-nx-dQ
Dirty Oscar's Annex,47.25558092,-122.4677885,FALSE,98403,Tacoma,WA,$$,4,https://www.yelp.com/biz/dirty-oscars-annex-tacoma?adjust_creative=OvRCQGmWRwMIvAEILCAnZA&utm_campaign=yelp_api_v3&utm_medium=api_v3_business_search&utm_source=OvRCQGmWRwMIvAEILCAnZA,1038,[],"breakfast_brunch,newamerican,gastropubs",rmQWX9e-FMtW3S48KkUF7Q
Pacific Grill,47.24907923,-122.437917,FALSE,98402,Tacoma,WA,$$,4,https://www.yelp.com/biz/pacific-grill-tacoma?adjust_creative=OvRCQGmWRwMIvAEILCAnZA&utm_campaign=yelp_api_v3&utm_medium=api_v3_business_search&utm_source=OvRCQGmWRwMIvAEILCAnZA,918,['restaurant_reservation'],"newamerican,seafood,breakfast_brunch",YNjfOowGIzAgDZTlXuULfA
The Y Sports Bar & Grill,47.081302,-122.433059,FALSE,98387,Spanaway,WA,$,4.5,https://www.yelp.com/biz/the-y-sports-bar-and-grill-spanaway?adjust_creative=OvRCQGmWRwMIvAEILCAnZA&utm_campaign=yelp_api_v3&utm_medium=api_v3_business_search&utm_source=OvRCQGmWRwMIvAEILCAnZA,12,[],sportsbars,arwOOqaQWKVlSqFXoeImew
"Joeseppi's Italian Ristorante, Deli and Catering",47.2682914,-122.5156951,FALSE,98406,Tacoma,WA,$$,3,https://www.yelp.com/biz/joeseppis-italian-ristorante-deli-and-catering-tacoma-3?adjust_creative=OvRCQGmWRwMIvAEILCAnZA&utm_campaign=yelp_api_v3&utm_medium=api_v3_business_search&utm_source=OvRCQGmWRwMIvAEILCAnZA,184,[],"italian,desserts,delis",G0-xZa1-eO6EW02gNDNQjA
Over the Moon Cafe,47.25731027,-122.4415116,FALSE,98402,Tacoma,WA,$$,4.5,https://www.yelp.com/biz/over-the-moon-cafe-tacoma?adjust_creative=OvRCQGmWRwMIvAEILCAnZA&utm_campaign=yelp_api_v3&utm_medium=api_v3_business_search&utm_source=OvRCQGmWRwMIvAEILCAnZA,351,[],"newamerican,wine_bars",mnCOu-4S1jn1OJ7E6Xr6Kg
The Matador,47.2563675,-122.4391011,FALSE,98402,Tacoma,WA,$$,4,https://www.yelp.com/biz/the-matador-tacoma?adjust_creative=OvRCQGmWRwMIvAEILCAnZA&utm_campaign=yelp_api_v3&utm_medium=api_v3_business_search&utm_source=OvRCQGmWRwMIvAEILCAnZA,729,[],"bars,mexican",RqxusFi2wsbF7O-77giV-Q
Harmon Tap Room,47.26192474,-122.4460068,FALSE,98402,Tacoma,WA,$$,3.5,https://www.yelp.com/biz/harmon-tap-room-tacoma-2?adjust_creative=OvRCQGmWRwMIvAEILCAnZA&utm_campaign=yelp_api_v3&utm_medium=api_v3_business_search&utm_source=OvRCQGmWRwMIvAEILCAnZA,129,[],"breweries,sportsbars,venues",S6kaRKSBXPGW7kwlYG6XsQ
Pomodoro Restaurant & Bar,47.2711949,-122.4884224,FALSE,98407,Tacoma,WA,$$,3.5,https://www.yelp.com/biz/pomodoro-restaurant-and-bar-tacoma?adjust_creative=OvRCQGmWRwMIvAEILCAnZA&utm_campaign=yelp_api_v3&utm_medium=api_v3_business_search&utm_source=OvRCQGmWRwMIvAEILCAnZA,188,[],"italian,tradamerican",vRpU1rzh8dmbZfR-k5i1JQ
Knapp's Restaurant,47.2723,-122.48855,FALSE,98407,Tacoma,WA,$$,3,https://www.yelp.com/biz/knapps-restaurant-tacoma?adjust_creative=OvRCQGmWRwMIvAEILCAnZA&utm_campaign=yelp_api_v3&utm_medium=api_v3_business_search&utm_source=OvRCQGmWRwMIvAEILCAnZA,97,[],"divebars,breakfast_brunch",AuTzDSSgz6jPzR4Mh3hYtA
Cooks Tavern,47.27132544,-122.4780705,FALSE,98407,Tacoma,WA,$$,4,https://www.yelp.com/biz/cooks-tavern-tacoma?adjust_creative=OvRCQGmWRwMIvAEILCAnZA&utm_campaign=yelp_api_v3&utm_medium=api_v3_business_search&utm_source=OvRCQGmWRwMIvAEILCAnZA,264,[],"newamerican,bars,breakfast_brunch",e8riJLw_FUzT59rSD06XDA
CI Shenanigans,47.28001,-122.47545,FALSE,98402,Tacoma,WA,$$,3,https://www.yelp.com/biz/ci-shenanigans-tacoma-3?adjust_creative=OvRCQGmWRwMIvAEILCAnZA&utm_campaign=yelp_api_v3&utm_medium=api_v3_business_search&utm_source=OvRCQGmWRwMIvAEILCAnZA,550,[],"seafood,steak,cocktailbars",CCc4UUI4wTwGJziBLtRb_w
Katie Downs,47.281628,-122.478762,FALSE,98402,Tacoma,WA,$$,3,https://www.yelp.com/biz/katie-downs-tacoma?adjust_creative=OvRCQGmWRwMIvAEILCAnZA&utm_campaign=yelp_api_v3&utm_medium=api_v3_business_search&utm_source=OvRCQGmWRwMIvAEILCAnZA,318,[],"pizza,bars,newamerican",Wp5hw2NN6a8pYFdj_AZ7BQ
Duke's Seafood & Chowder,47.282217,-122.47999,FALSE,98402,Tacoma,WA,$$,4,https://www.yelp.com/biz/dukes-seafood-and-chowder-tacoma?adjust_creative=OvRCQGmWRwMIvAEILCAnZA&utm_campaign=yelp_api_v3&utm_medium=api_v3_business_search&utm_source=OvRCQGmWRwMIvAEILCAnZA,808,[],"seafood,bars",ApVgEmaWz6kGUiOTSBdUmQ
WildFin American Grill,47.299749,-122.504832,FALSE,98407,Tacoma,WA,$$,3.5,https://www.yelp.com/biz/wildfin-american-grill-tacoma?adjust_creative=OvRCQGmWRwMIvAEILCAnZA&utm_campaign=yelp_api_v3&utm_medium=api_v3_business_search&utm_source=OvRCQGmWRwMIvAEILCAnZA,517,[],"seafood,bars,tradamerican",HyKAsCbrWyKnKoRUHPBnlQ
Anthony's,47.30621814,-122.5160056,FALSE,98407,Tacoma,WA,$$,3.5,https://www.yelp.com/biz/anthonys-tacoma?adjust_creative=OvRCQGmWRwMIvAEILCAnZA&utm_campaign=yelp_api_v3&utm_medium=api_v3_business_search&utm_source=OvRCQGmWRwMIvAEILCAnZA,312,[],seafood,raYrqC0DBroiAVtlkddPZg
The Cliff House,47.2974,-122.43106,FALSE,98422,Tacoma,WA,$$$,3,https://www.yelp.com/biz/the-cliff-house-tacoma?adjust_creative=OvRCQGmWRwMIvAEILCAnZA&utm_campaign=yelp_api_v3&utm_medium=api_v3_business_search&utm_source=OvRCQGmWRwMIvAEILCAnZA,237,[],"seafood,tradamerican",xlIRI4PWY5uhOBdObYsscA
Fondi Pizzeria,47.3002614,-122.5774043,FALSE,98335,Gig Harbor,WA,$$,3.5,https://www.yelp.com/biz/fondi-pizzeria-gig-harbor?adjust_creative=OvRCQGmWRwMIvAEILCAnZA&utm_campaign=yelp_api_v3&utm_medium=api_v3_business_search&utm_source=OvRCQGmWRwMIvAEILCAnZA,243,[],"pizza,italian",JyllVgZFW0jeIr2NK-zNNw
Moctezuma's Mexican Restaurant & Tequila Bar,47.30036,-122.57976,FALSE,98335,Gig Harbor,WA,$$,4,https://www.yelp.com/biz/moctezumas-mexican-restaurant-and-tequila-bar-gig-harbor-2?adjust_creative=OvRCQGmWRwMIvAEILCAnZA&utm_campaign=yelp_api_v3&utm_medium=api_v3_business_search&utm_source=OvRCQGmWRwMIvAEILCAnZA,280,"['delivery', 'pickup', 'restaurant_reservation']","bars,mexican",FDgeKIP9MgosraUghJHYXg
Applebee's Grill + Bar,47.30242,-122.57768,FALSE,98335,Gig Harbor,WA,$$,2.5,https://www.yelp.com/biz/applebees-grill-bar-gig-harbor-2?adjust_creative=OvRCQGmWRwMIvAEILCAnZA&utm_campaign=yelp_api_v3&utm_medium=api_v3_business_search&utm_source=OvRCQGmWRwMIvAEILCAnZA,63,[],"tradamerican,sportsbars,burgers",ck-WWEgcwrfdLZQOM2gMGQ
Mizu Japanese Steakhouse,47.327359,-122.580913,FALSE,98335,Gig Harbor,WA,$$,3.5,https://www.yelp.com/biz/mizu-japanese-steakhouse-gig-harbor?adjust_creative=OvRCQGmWRwMIvAEILCAnZA&utm_campaign=yelp_api_v3&utm_medium=api_v3_business_search&utm_source=OvRCQGmWRwMIvAEILCAnZA,102,[],"japanese,sushi,steak",AMq83V59tV7oi-3_PI7iyA
Il Lucano Ristorante Italiano,47.32818985,-122.5810242,FALSE,98335,Gig Harbor,WA,$$,4.5,https://www.yelp.com/biz/il-lucano-ristorante-italiano-gig-harbor?adjust_creative=OvRCQGmWRwMIvAEILCAnZA&utm_campaign=yelp_api_v3&utm_medium=api_v3_business_search&utm_source=OvRCQGmWRwMIvAEILCAnZA,268,[],"italian,gluten_free",3JkpYFDWASF7xTC10QpsYw
Spiro's Pizza & Pasta,47.32907,-122.58064,FALSE,98335,Gig Harbor,WA,$$,2.5,https://www.yelp.com/biz/spiros-pizza-and-pasta-gig-harbor?adjust_creative=OvRCQGmWRwMIvAEILCAnZA&utm_campaign=yelp_api_v3&utm_medium=api_v3_business_search&utm_source=OvRCQGmWRwMIvAEILCAnZA,99,[],"pizza,italian",K3vAF_Cxk0FrDXQe0KlmGg
Millville Pizza Co,47.3326758,-122.5845111,FALSE,98332,Gig Harbor,WA,$$,4.5,https://www.yelp.com/biz/millville-pizza-co-gig-harbor?adjust_creative=OvRCQGmWRwMIvAEILCAnZA&utm_campaign=yelp_api_v3&utm_medium=api_v3_business_search&utm_source=OvRCQGmWRwMIvAEILCAnZA,58,[],"pizza,bars,salad",y_ON3QtBahCKAx4KZ4K72w
JW Restaurant,47.3380958,-122.5954849,FALSE,98332,Gig Harbor,WA,$$$,4.5,https://www.yelp.com/biz/jw-restaurant-gig-harbor?adjust_creative=OvRCQGmWRwMIvAEILCAnZA&utm_campaign=yelp_api_v3&utm_medium=api_v3_business_search&utm_source=OvRCQGmWRwMIvAEILCAnZA,149,['restaurant_reservation'],newamerican,JkaliKynIy_DWZW0-CBWAA
Seafood Restaurant,47.00177,-122.67035,FALSE,98513,Olympia,WA,$$,4.5,https://www.yelp.com/biz/seafood-restaurant-olympia-2?adjust_creative=OvRCQGmWRwMIvAEILCAnZA&utm_campaign=yelp_api_v3&utm_medium=api_v3_business_search&utm_source=OvRCQGmWRwMIvAEILCAnZA,34,[],"seafood,sushi",LCF_0HEXZ1SzV1yxwaz1Xg
Sporty's,47.447,-122.46086,FALSE,98070,Vashon,WA,$,4,https://www.yelp.com/biz/sportys-vashon?adjust_creative=OvRCQGmWRwMIvAEILCAnZA&utm_campaign=yelp_api_v3&utm_medium=api_v3_business_search&utm_source=OvRCQGmWRwMIvAEILCAnZA,30,[],"sportsbars,breakfast_brunch",11uZOhVKA6ugpqHtMcrqHA
The Beach House Bar,47.60436,-122.54671,FALSE,98110,Bainbridge Island,WA,$$,3.5,https://www.yelp.com/biz/the-beach-house-bar-bainbridge-island-3?adjust_creative=OvRCQGmWRwMIvAEILCAnZA&utm_campaign=yelp_api_v3&utm_medium=api_v3_business_search&utm_source=OvRCQGmWRwMIvAEILCAnZA,27,[],"cocktailbars,tapasmallplates,newamerican",lMfEo7aF1iK8uZWoQCAyfA